{"type":0,"json":"\"1.0.5\""}
{"type":1,"json":"{\"id\":97,\"label\":\"\",\"midi_data\":{\"Primary\":60,\"Secondary\":40,\"Channel\":1,\"Duration\":1.0,\"Repeat\":0,\"Root\":0,\"Scale\":0},\"relative_midi_data\":{\"Primary\":-12,\"RangedPrimary\":-7,\"Secondary\":5,\"Channel\":0,\"Duration\":0.0,\"Repeat\":0,\"Root\":5,\"Scale\":1,\"RangeFields\":{\"Primary\":{\"Up\":true,\"Down\":true},\"Secondary\":{\"Up\":true,\"Down\":true},\"Channel\":{\"Up\":false,\"Down\":false},\"Duration\":{\"Up\":false,\"Down\":false},\"Repeat\":{\"Up\":false,\"Down\":false}}},\"path_snap_data\":{},\"color\":{\"B\":255,\"G\":255,\"R\":255,\"A\":255},\"mute\":false,\"pass\":false,\"Origin\":\"-396, -324\",\"SerializablePathTo\":[],\"SerializablePathFrom\":[7],\"PathMode\":0,\"SignalMode\":0,\"Start\":false}"}
{"type":1,"json":"{\"id\":96,\"label\":\"\",\"midi_data\":{\"Primary\":60,\"Secondary\":40,\"Channel\":1,\"Duration\":1.0,\"Repeat\":0,\"Root\":0,\"Scale\":0},\"relative_midi_data\":{\"Primary\":-5,\"RangedPrimary\":-3,\"Secondary\":5,\"Channel\":0,\"Duration\":0.0,\"Repeat\":0,\"Root\":5,\"Scale\":1,\"RangeFields\":{\"Primary\":{\"Up\":true,\"Down\":true},\"Secondary\":{\"Up\":true,\"Down\":true},\"Channel\":{\"Up\":false,\"Down\":false},\"Duration\":{\"Up\":false,\"Down\":false},\"Repeat\":{\"Up\":false,\"Down\":false}}},\"path_snap_data\":{},\"color\":{\"B\":255,\"G\":255,\"R\":255,\"A\":255},\"mute\":false,\"pass\":false,\"Origin\":\"-396, -252\",\"SerializablePathTo\":[],\"SerializablePathFrom\":[7],\"PathMode\":0,\"SignalMode\":0,\"Start\":false}"}
{"type":1,"json":"{\"id\":95,\"label\":\"\",\"midi_data\":{\"Primary\":62,\"Secondary\":45,\"Channel\":1,\"Duration\":1.0,\"Repeat\":0,\"Root\":0,\"Scale\":0},\"relative_midi_data\":{\"Primary\":0,\"RangedPrimary\":0,\"Secondary\":5,\"Channel\":0,\"Duration\":0.0,\"Repeat\":0,\"Root\":0,\"Scale\":0,\"RangeFields\":{\"Primary\":{\"Up\":false,\"Down\":false},\"Secondary\":{\"Up\":true,\"Down\":true},\"Channel\":{\"Up\":false,\"Down\":false},\"Duration\":{\"Up\":false,\"Down\":false},\"Repeat\":{\"Up\":false,\"Down\":false}}},\"path_snap_data\":{},\"color\":{\"B\":255,\"G\":255,\"R\":255,\"A\":255},\"mute\":false,\"pass\":false,\"Origin\":\"-612, -252\",\"SerializablePathTo\":[],\"SerializablePathFrom\":[93],\"PathMode\":0,\"SignalMode\":0,\"Start\":false}"}
{"type":1,"json":"{\"id\":94,\"label\":\"\",\"midi_data\":{\"Primary\":64,\"Secondary\":45,\"Channel\":1,\"Duration\":1.0,\"Repeat\":0,\"Root\":0,\"Scale\":0},\"relative_midi_data\":{\"Primary\":0,\"RangedPrimary\":0,\"Secondary\":5,\"Channel\":0,\"Duration\":0.0,\"Repeat\":0,\"Root\":0,\"Scale\":0,\"RangeFields\":{\"Primary\":{\"Up\":false,\"Down\":false},\"Secondary\":{\"Up\":true,\"Down\":true},\"Channel\":{\"Up\":false,\"Down\":false},\"Duration\":{\"Up\":false,\"Down\":false},\"Repeat\":{\"Up\":false,\"Down\":false}}},\"path_snap_data\":{},\"color\":{\"B\":255,\"G\":255,\"R\":255,\"A\":255},\"mute\":false,\"pass\":false,\"Origin\":\"-612, -324\",\"SerializablePathTo\":[],\"SerializablePathFrom\":[93],\"PathMode\":0,\"SignalMode\":0,\"Start\":false}"}
{"type":1,"json":"{\"id\":93,\"label\":\"\",\"midi_data\":{\"Primary\":60,\"Secondary\":47,\"Channel\":1,\"Duration\":1.0,\"Repeat\":0,\"Root\":0,\"Scale\":0},\"relative_midi_data\":{\"Primary\":0,\"RangedPrimary\":0,\"Secondary\":5,\"Channel\":0,\"Duration\":0.0,\"Repeat\":0,\"Root\":0,\"Scale\":0,\"RangeFields\":{\"Primary\":{\"Up\":false,\"Down\":false},\"Secondary\":{\"Up\":true,\"Down\":true},\"Channel\":{\"Up\":false,\"Down\":false},\"Duration\":{\"Up\":false,\"Down\":false},\"Repeat\":{\"Up\":false,\"Down\":false}}},\"path_snap_data\":{},\"color\":{\"B\":255,\"G\":255,\"R\":255,\"A\":255},\"mute\":false,\"pass\":false,\"Origin\":\"-648, -288\",\"SerializablePathTo\":[94,30,95],\"SerializablePathFrom\":[0],\"PathMode\":0,\"SignalMode\":0,\"Start\":false}"}
{"type":1,"json":"{\"id\":92,\"label\":\"\",\"midi_data\":{\"Primary\":48,\"Secondary\":55,\"Channel\":1,\"Duration\":1.0,\"Repeat\":0,\"Root\":0,\"Scale\":0},\"relative_midi_data\":{\"Primary\":0,\"RangedPrimary\":0,\"Secondary\":5,\"Channel\":0,\"Duration\":0.0,\"Repeat\":0,\"Root\":0,\"Scale\":0,\"RangeFields\":{\"Primary\":{\"Up\":false,\"Down\":false},\"Secondary\":{\"Up\":true,\"Down\":true},\"Channel\":{\"Up\":false,\"Down\":false},\"Duration\":{\"Up\":false,\"Down\":false},\"Repeat\":{\"Up\":false,\"Down\":false}}},\"path_snap_data\":{},\"color\":{\"B\":255,\"G\":255,\"R\":255,\"A\":255},\"mute\":false,\"pass\":false,\"Origin\":\"36, -396\",\"SerializablePathTo\":[],\"SerializablePathFrom\":[89],\"PathMode\":0,\"SignalMode\":0,\"Start\":false}"}
{"type":1,"json":"{\"id\":91,\"label\":\"\",\"midi_data\":{\"Primary\":52,\"Secondary\":55,\"Channel\":1,\"Duration\":1.0,\"Repeat\":0,\"Root\":0,\"Scale\":0},\"relative_midi_data\":{\"Primary\":0,\"RangedPrimary\":0,\"Secondary\":5,\"Channel\":0,\"Duration\":0.0,\"Repeat\":0,\"Root\":0,\"Scale\":0,\"RangeFields\":{\"Primary\":{\"Up\":false,\"Down\":false},\"Secondary\":{\"Up\":true,\"Down\":true},\"Channel\":{\"Up\":false,\"Down\":false},\"Duration\":{\"Up\":false,\"Down\":false},\"Repeat\":{\"Up\":false,\"Down\":false}}},\"path_snap_data\":{},\"color\":{\"B\":255,\"G\":255,\"R\":255,\"A\":255},\"mute\":false,\"pass\":false,\"Origin\":\"-72, -504\",\"SerializablePathTo\":[],\"SerializablePathFrom\":[89],\"PathMode\":0,\"SignalMode\":0,\"Start\":false}"}
{"type":1,"json":"{\"id\":90,\"label\":\"\",\"midi_data\":{\"Primary\":59,\"Secondary\":75,\"Channel\":1,\"Duration\":1.0,\"Repeat\":0,\"Root\":0,\"Scale\":0},\"relative_midi_data\":{\"Primary\":0,\"RangedPrimary\":0,\"Secondary\":5,\"Channel\":0,\"Duration\":0.0,\"Repeat\":0,\"Root\":0,\"Scale\":0,\"RangeFields\":{\"Primary\":{\"Up\":false,\"Down\":false},\"Secondary\":{\"Up\":true,\"Down\":true},\"Channel\":{\"Up\":false,\"Down\":false},\"Duration\":{\"Up\":false,\"Down\":false},\"Repeat\":{\"Up\":false,\"Down\":false}}},\"path_snap_data\":{},\"color\":{\"B\":255,\"G\":255,\"R\":255,\"A\":255},\"mute\":false,\"pass\":false,\"Origin\":\"-180, -396\",\"SerializablePathTo\":[],\"SerializablePathFrom\":[89],\"PathMode\":0,\"SignalMode\":0,\"Start\":false}"}
{"type":1,"json":"{\"id\":89,\"label\":\"\",\"midi_data\":{\"Primary\":57,\"Secondary\":75,\"Channel\":1,\"Duration\":1.0,\"Repeat\":0,\"Root\":0,\"Scale\":0},\"relative_midi_data\":{\"Primary\":0,\"RangedPrimary\":0,\"Secondary\":5,\"Channel\":0,\"Duration\":0.0,\"Repeat\":0,\"Root\":0,\"Scale\":0,\"RangeFields\":{\"Primary\":{\"Up\":false,\"Down\":false},\"Secondary\":{\"Up\":true,\"Down\":true},\"Channel\":{\"Up\":false,\"Down\":false},\"Duration\":{\"Up\":false,\"Down\":false},\"Repeat\":{\"Up\":false,\"Down\":false}}},\"path_snap_data\":{},\"color\":{\"B\":255,\"G\":255,\"R\":255,\"A\":255},\"mute\":false,\"pass\":false,\"Origin\":\"-72, -396\",\"SerializablePathTo\":[91,92,90],\"SerializablePathFrom\":[88],\"PathMode\":0,\"SignalMode\":1,\"Start\":false}"}
{"type":1,"json":"{\"id\":88,\"label\":\"\",\"midi_data\":{\"Primary\":62,\"Secondary\":75,\"Channel\":1,\"Duration\":1.0,\"Repeat\":0,\"Root\":0,\"Scale\":0},\"relative_midi_data\":{\"Primary\":0,\"RangedPrimary\":0,\"Secondary\":5,\"Channel\":0,\"Duration\":0.0,\"Repeat\":0,\"Root\":0,\"Scale\":0,\"RangeFields\":{\"Primary\":{\"Up\":false,\"Down\":false},\"Secondary\":{\"Up\":true,\"Down\":true},\"Channel\":{\"Up\":false,\"Down\":false},\"Duration\":{\"Up\":false,\"Down\":false},\"Repeat\":{\"Up\":false,\"Down\":false}}},\"path_snap_data\":{},\"color\":{\"B\":255,\"G\":255,\"R\":255,\"A\":255},\"mute\":false,\"pass\":false,\"Origin\":\"-72, -288\",\"SerializablePathTo\":[89],\"SerializablePathFrom\":[87],\"PathMode\":0,\"SignalMode\":0,\"Start\":false}"}
{"type":1,"json":"{\"id\":87,\"label\":\"\",\"midi_data\":{\"Primary\":60,\"Secondary\":75,\"Channel\":1,\"Duration\":1.0,\"Repeat\":0,\"Root\":0,\"Scale\":0},\"relative_midi_data\":{\"Primary\":0,\"RangedPrimary\":0,\"Secondary\":5,\"Channel\":0,\"Duration\":0.0,\"Repeat\":0,\"Root\":0,\"Scale\":0,\"RangeFields\":{\"Primary\":{\"Up\":false,\"Down\":false},\"Secondary\":{\"Up\":true,\"Down\":true},\"Channel\":{\"Up\":false,\"Down\":false},\"Duration\":{\"Up\":false,\"Down\":false},\"Repeat\":{\"Up\":false,\"Down\":false}}},\"path_snap_data\":{},\"color\":{\"B\":255,\"G\":255,\"R\":255,\"A\":255},\"mute\":false,\"pass\":false,\"Origin\":\"36, -288\",\"SerializablePathTo\":[88],\"SerializablePathFrom\":[86],\"PathMode\":0,\"SignalMode\":0,\"Start\":false}"}
{"type":1,"json":"{\"id\":86,\"label\":\"\",\"midi_data\":{\"Primary\":62,\"Secondary\":70,\"Channel\":1,\"Duration\":1.0,\"Repeat\":0,\"Root\":0,\"Scale\":0},\"relative_midi_data\":{\"Primary\":0,\"RangedPrimary\":0,\"Secondary\":5,\"Channel\":0,\"Duration\":0.0,\"Repeat\":0,\"Root\":0,\"Scale\":0,\"RangeFields\":{\"Primary\":{\"Up\":false,\"Down\":false},\"Secondary\":{\"Up\":true,\"Down\":true},\"Channel\":{\"Up\":false,\"Down\":false},\"Duration\":{\"Up\":false,\"Down\":false},\"Repeat\":{\"Up\":false,\"Down\":false}}},\"path_snap_data\":{},\"color\":{\"B\":255,\"G\":255,\"R\":255,\"A\":255},\"mute\":false,\"pass\":false,\"Origin\":\"36, -180\",\"SerializablePathTo\":[87],\"SerializablePathFrom\":[85],\"PathMode\":0,\"SignalMode\":0,\"Start\":false}"}
{"type":1,"json":"{\"id\":85,\"label\":\"\",\"midi_data\":{\"Primary\":66,\"Secondary\":70,\"Channel\":1,\"Duration\":1.0,\"Repeat\":0,\"Root\":0,\"Scale\":0},\"relative_midi_data\":{\"Primary\":0,\"RangedPrimary\":0,\"Secondary\":5,\"Channel\":0,\"Duration\":0.0,\"Repeat\":0,\"Root\":0,\"Scale\":0,\"RangeFields\":{\"Primary\":{\"Up\":false,\"Down\":false},\"Secondary\":{\"Up\":true,\"Down\":true},\"Channel\":{\"Up\":false,\"Down\":false},\"Duration\":{\"Up\":false,\"Down\":false},\"Repeat\":{\"Up\":false,\"Down\":false}}},\"path_snap_data\":{},\"color\":{\"B\":255,\"G\":255,\"R\":255,\"A\":255},\"mute\":false,\"pass\":false,\"Origin\":\"36, -72\",\"SerializablePathTo\":[86],\"SerializablePathFrom\":[84],\"PathMode\":0,\"SignalMode\":0,\"Start\":false}"}
{"type":1,"json":"{\"id\":84,\"label\":\"\",\"midi_data\":{\"Primary\":67,\"Secondary\":70,\"Channel\":1,\"Duration\":1.0,\"Repeat\":0,\"Root\":0,\"Scale\":0},\"relative_midi_data\":{\"Primary\":0,\"RangedPrimary\":0,\"Secondary\":5,\"Channel\":0,\"Duration\":0.0,\"Repeat\":0,\"Root\":0,\"Scale\":0,\"RangeFields\":{\"Primary\":{\"Up\":false,\"Down\":false},\"Secondary\":{\"Up\":true,\"Down\":true},\"Channel\":{\"Up\":false,\"Down\":false},\"Duration\":{\"Up\":false,\"Down\":false},\"Repeat\":{\"Up\":false,\"Down\":false}}},\"path_snap_data\":{},\"color\":{\"B\":255,\"G\":255,\"R\":255,\"A\":255},\"mute\":false,\"pass\":false,\"Origin\":\"-72, -72\",\"SerializablePathTo\":[85],\"SerializablePathFrom\":[83],\"PathMode\":0,\"SignalMode\":0,\"Start\":false}"}
{"type":1,"json":"{\"id\":83,\"label\":\"\",\"midi_data\":{\"Primary\":71,\"Secondary\":65,\"Channel\":1,\"Duration\":1.0,\"Repeat\":0,\"Root\":0,\"Scale\":0},\"relative_midi_data\":{\"Primary\":0,\"RangedPrimary\":0,\"Secondary\":5,\"Channel\":0,\"Duration\":0.0,\"Repeat\":0,\"Root\":0,\"Scale\":0,\"RangeFields\":{\"Primary\":{\"Up\":false,\"Down\":false},\"Secondary\":{\"Up\":true,\"Down\":true},\"Channel\":{\"Up\":false,\"Down\":false},\"Duration\":{\"Up\":false,\"Down\":false},\"Repeat\":{\"Up\":false,\"Down\":false}}},\"path_snap_data\":{},\"color\":{\"B\":255,\"G\":255,\"R\":255,\"A\":255},\"mute\":false,\"pass\":false,\"Origin\":\"-144, -72\",\"SerializablePathTo\":[84],\"SerializablePathFrom\":[82],\"PathMode\":0,\"SignalMode\":0,\"Start\":false}"}
{"type":1,"json":"{\"id\":82,\"label\":\"\",\"midi_data\":{\"Primary\":69,\"Secondary\":71,\"Channel\":1,\"Duration\":1.0,\"Repeat\":0,\"Root\":0,\"Scale\":0},\"relative_midi_data\":{\"Primary\":0,\"RangedPrimary\":0,\"Secondary\":5,\"Channel\":0,\"Duration\":0.0,\"Repeat\":0,\"Root\":0,\"Scale\":0,\"RangeFields\":{\"Primary\":{\"Up\":false,\"Down\":false},\"Secondary\":{\"Up\":true,\"Down\":true},\"Channel\":{\"Up\":false,\"Down\":false},\"Duration\":{\"Up\":false,\"Down\":false},\"Repeat\":{\"Up\":false,\"Down\":false}}},\"path_snap_data\":{},\"color\":{\"B\":255,\"G\":255,\"R\":255,\"A\":255},\"mute\":false,\"pass\":false,\"Origin\":\"-432, -72\",\"SerializablePathTo\":[83],\"SerializablePathFrom\":[43],\"PathMode\":0,\"SignalMode\":0,\"Start\":false}"}
{"type":1,"json":"{\"id\":81,\"label\":\"\",\"midi_data\":{\"Primary\":60,\"Secondary\":50,\"Channel\":1,\"Duration\":1.0,\"Repeat\":0,\"Root\":0,\"Scale\":0},\"relative_midi_data\":{\"Primary\":0,\"RangedPrimary\":0,\"Secondary\":5,\"Channel\":0,\"Duration\":0.0,\"Repeat\":0,\"Root\":0,\"Scale\":0,\"RangeFields\":{\"Primary\":{\"Up\":false,\"Down\":false},\"Secondary\":{\"Up\":true,\"Down\":true},\"Channel\":{\"Up\":false,\"Down\":false},\"Duration\":{\"Up\":false,\"Down\":false},\"Repeat\":{\"Up\":false,\"Down\":false}}},\"path_snap_data\":{},\"color\":{\"B\":255,\"G\":255,\"R\":255,\"A\":255},\"mute\":false,\"pass\":false,\"Origin\":\"-504, -324\",\"SerializablePathTo\":[],\"SerializablePathFrom\":[75],\"PathMode\":0,\"SignalMode\":0,\"Start\":false}"}
{"type":1,"json":"{\"id\":80,\"label\":\"\",\"midi_data\":{\"Primary\":62,\"Secondary\":43,\"Channel\":1,\"Duration\":1.0,\"Repeat\":0,\"Root\":0,\"Scale\":0},\"relative_midi_data\":{\"Primary\":0,\"RangedPrimary\":0,\"Secondary\":5,\"Channel\":0,\"Duration\":0.0,\"Repeat\":0,\"Root\":0,\"Scale\":0,\"RangeFields\":{\"Primary\":{\"Up\":false,\"Down\":false},\"Secondary\":{\"Up\":true,\"Down\":true},\"Channel\":{\"Up\":false,\"Down\":false},\"Duration\":{\"Up\":false,\"Down\":false},\"Repeat\":{\"Up\":false,\"Down\":false}}},\"path_snap_data\":{},\"color\":{\"B\":255,\"G\":255,\"R\":255,\"A\":255},\"mute\":false,\"pass\":false,\"Origin\":\"-612, -144\",\"SerializablePathTo\":[],\"SerializablePathFrom\":[78],\"PathMode\":0,\"SignalMode\":0,\"Start\":false}"}
{"type":1,"json":"{\"id\":79,\"label\":\"\",\"midi_data\":{\"Primary\":59,\"Secondary\":43,\"Channel\":1,\"Duration\":1.0,\"Repeat\":0,\"Root\":0,\"Scale\":0},\"relative_midi_data\":{\"Primary\":0,\"RangedPrimary\":0,\"Secondary\":5,\"Channel\":0,\"Duration\":0.0,\"Repeat\":0,\"Root\":0,\"Scale\":0,\"RangeFields\":{\"Primary\":{\"Up\":false,\"Down\":false},\"Secondary\":{\"Up\":true,\"Down\":true},\"Channel\":{\"Up\":false,\"Down\":false},\"Duration\":{\"Up\":false,\"Down\":false},\"Repeat\":{\"Up\":false,\"Down\":false}}},\"path_snap_data\":{},\"color\":{\"B\":255,\"G\":255,\"R\":255,\"A\":255},\"mute\":false,\"pass\":false,\"Origin\":\"-612, -216\",\"SerializablePathTo\":[],\"SerializablePathFrom\":[78],\"PathMode\":0,\"SignalMode\":0,\"Start\":false}"}
{"type":1,"json":"{\"id\":78,\"label\":\"\",\"midi_data\":{\"Primary\":43,\"Secondary\":43,\"Channel\":1,\"Duration\":1.0,\"Repeat\":0,\"Root\":0,\"Scale\":0},\"relative_midi_data\":{\"Primary\":0,\"RangedPrimary\":0,\"Secondary\":5,\"Channel\":0,\"Duration\":0.0,\"Repeat\":0,\"Root\":0,\"Scale\":0,\"RangeFields\":{\"Primary\":{\"Up\":false,\"Down\":false},\"Secondary\":{\"Up\":true,\"Down\":true},\"Channel\":{\"Up\":false,\"Down\":false},\"Duration\":{\"Up\":false,\"Down\":false},\"Repeat\":{\"Up\":false,\"Down\":false}}},\"path_snap_data\":{},\"color\":{\"B\":255,\"G\":255,\"R\":255,\"A\":255},\"mute\":false,\"pass\":false,\"Origin\":\"-612, -180\",\"SerializablePathTo\":[79,80,43],\"SerializablePathFrom\":[30],\"PathMode\":2,\"SignalMode\":1,\"Start\":false}"}
{"type":1,"json":"{\"id\":77,\"label\":\"\",\"midi_data\":{\"Primary\":40,\"Secondary\":43,\"Channel\":1,\"Duration\":1.0,\"Repeat\":0,\"Root\":0,\"Scale\":0},\"relative_midi_data\":{\"Primary\":0,\"RangedPrimary\":0,\"Secondary\":5,\"Channel\":0,\"Duration\":0.0,\"Repeat\":0,\"Root\":0,\"Scale\":0,\"RangeFields\":{\"Primary\":{\"Up\":false,\"Down\":false},\"Secondary\":{\"Up\":true,\"Down\":true},\"Channel\":{\"Up\":false,\"Down\":false},\"Duration\":{\"Up\":false,\"Down\":false},\"Repeat\":{\"Up\":false,\"Down\":false}}},\"path_snap_data\":{},\"color\":{\"B\":255,\"G\":255,\"R\":255,\"A\":255},\"mute\":false,\"pass\":false,\"Origin\":\"-504, -396\",\"SerializablePathTo\":[],\"SerializablePathFrom\":[75],\"PathMode\":0,\"SignalMode\":0,\"Start\":false}"}
{"type":1,"json":"{\"id\":76,\"label\":\"\",\"midi_data\":{\"Primary\":48,\"Secondary\":43,\"Channel\":1,\"Duration\":1.0,\"Repeat\":0,\"Root\":0,\"Scale\":0},\"relative_midi_data\":{\"Primary\":0,\"RangedPrimary\":0,\"Secondary\":5,\"Channel\":0,\"Duration\":0.0,\"Repeat\":0,\"Root\":0,\"Scale\":0,\"RangeFields\":{\"Primary\":{\"Up\":false,\"Down\":false},\"Secondary\":{\"Up\":true,\"Down\":true},\"Channel\":{\"Up\":false,\"Down\":false},\"Duration\":{\"Up\":false,\"Down\":false},\"Repeat\":{\"Up\":false,\"Down\":false}}},\"path_snap_data\":{},\"color\":{\"B\":255,\"G\":255,\"R\":255,\"A\":255},\"mute\":false,\"pass\":false,\"Origin\":\"-612, -504\",\"SerializablePathTo\":[],\"SerializablePathFrom\":[75],\"PathMode\":0,\"SignalMode\":0,\"Start\":false}"}
{"type":1,"json":"{\"id\":75,\"label\":\"\",\"midi_data\":{\"Primary\":45,\"Secondary\":43,\"Channel\":1,\"Duration\":1.0,\"Repeat\":0,\"Root\":0,\"Scale\":0},\"relative_midi_data\":{\"Primary\":0,\"RangedPrimary\":0,\"Secondary\":5,\"Channel\":0,\"Duration\":0.0,\"Repeat\":0,\"Root\":0,\"Scale\":0,\"RangeFields\":{\"Primary\":{\"Up\":false,\"Down\":false},\"Secondary\":{\"Up\":true,\"Down\":true},\"Channel\":{\"Up\":false,\"Down\":false},\"Duration\":{\"Up\":false,\"Down\":false},\"Repeat\":{\"Up\":false,\"Down\":false}}},\"path_snap_data\":{},\"color\":{\"B\":255,\"G\":255,\"R\":255,\"A\":255},\"mute\":false,\"pass\":false,\"Origin\":\"-648, -360\",\"SerializablePathTo\":[76,77,42,81],\"SerializablePathFrom\":[30],\"PathMode\":2,\"SignalMode\":1,\"Start\":false}"}
{"type":1,"json":"{\"id\":74,\"label\":\"\",\"midi_data\":{\"Primary\":62,\"Secondary\":43,\"Channel\":1,\"Duration\":1.0,\"Repeat\":0,\"Root\":0,\"Scale\":0},\"relative_midi_data\":{\"Primary\":0,\"RangedPrimary\":0,\"Secondary\":5,\"Channel\":0,\"Duration\":0.0,\"Repeat\":0,\"Root\":0,\"Scale\":0,\"RangeFields\":{\"Primary\":{\"Up\":false,\"Down\":false},\"Secondary\":{\"Up\":true,\"Down\":true},\"Channel\":{\"Up\":false,\"Down\":false},\"Duration\":{\"Up\":false,\"Down\":false},\"Repeat\":{\"Up\":false,\"Down\":false}}},\"path_snap_data\":{},\"color\":{\"B\":255,\"G\":255,\"R\":255,\"A\":255},\"mute\":false,\"pass\":false,\"Origin\":\"-972, -108\",\"SerializablePathTo\":[],\"SerializablePathFrom\":[72],\"PathMode\":0,\"SignalMode\":0,\"Start\":false}"}
{"type":1,"json":"{\"id\":73,\"label\":\"\",\"midi_data\":{\"Primary\":59,\"Secondary\":43,\"Channel\":1,\"Duration\":1.0,\"Repeat\":0,\"Root\":0,\"Scale\":0},\"relative_midi_data\":{\"Primary\":0,\"RangedPrimary\":0,\"Secondary\":5,\"Channel\":0,\"Duration\":0.0,\"Repeat\":0,\"Root\":0,\"Scale\":0,\"RangeFields\":{\"Primary\":{\"Up\":false,\"Down\":false},\"Secondary\":{\"Up\":true,\"Down\":true},\"Channel\":{\"Up\":false,\"Down\":false},\"Duration\":{\"Up\":false,\"Down\":false},\"Repeat\":{\"Up\":false,\"Down\":false}}},\"path_snap_data\":{},\"color\":{\"B\":255,\"G\":255,\"R\":255,\"A\":255},\"mute\":false,\"pass\":false,\"Origin\":\"-972, -180\",\"SerializablePathTo\":[],\"SerializablePathFrom\":[72],\"PathMode\":0,\"SignalMode\":0,\"Start\":false}"}
{"type":1,"json":"{\"id\":72,\"label\":\"\",\"midi_data\":{\"Primary\":40,\"Secondary\":43,\"Channel\":1,\"Duration\":1.0,\"Repeat\":0,\"Root\":0,\"Scale\":0},\"relative_midi_data\":{\"Primary\":0,\"RangedPrimary\":0,\"Secondary\":5,\"Channel\":0,\"Duration\":0.0,\"Repeat\":0,\"Root\":0,\"Scale\":0,\"RangeFields\":{\"Primary\":{\"Up\":false,\"Down\":false},\"Secondary\":{\"Up\":true,\"Down\":true},\"Channel\":{\"Up\":false,\"Down\":false},\"Duration\":{\"Up\":false,\"Down\":false},\"Repeat\":{\"Up\":false,\"Down\":false}}},\"path_snap_data\":{},\"color\":{\"B\":255,\"G\":255,\"R\":255,\"A\":255},\"mute\":false,\"pass\":false,\"Origin\":\"-972, -144\",\"SerializablePathTo\":[74,73,39],\"SerializablePathFrom\":[34],\"PathMode\":0,\"SignalMode\":1,\"Start\":false}"}
{"type":1,"json":"{\"id\":71,\"label\":\"\",\"midi_data\":{\"Primary\":66,\"Secondary\":43,\"Channel\":1,\"Duration\":1.0,\"Repeat\":0,\"Root\":0,\"Scale\":0},\"relative_midi_data\":{\"Primary\":0,\"RangedPrimary\":0,\"Secondary\":5,\"Channel\":0,\"Duration\":0.0,\"Repeat\":0,\"Root\":0,\"Scale\":0,\"RangeFields\":{\"Primary\":{\"Up\":false,\"Down\":false},\"Secondary\":{\"Up\":true,\"Down\":true},\"Channel\":{\"Up\":false,\"Down\":false},\"Duration\":{\"Up\":false,\"Down\":false},\"Repeat\":{\"Up\":false,\"Down\":false}}},\"path_snap_data\":{},\"color\":{\"B\":255,\"G\":255,\"R\":255,\"A\":255},\"mute\":false,\"pass\":false,\"Origin\":\"-828, -108\",\"SerializablePathTo\":[],\"SerializablePathFrom\":[69],\"PathMode\":0,\"SignalMode\":0,\"Start\":false}"}
{"type":1,"json":"{\"id\":70,\"label\":\"\",\"midi_data\":{\"Primary\":83,\"Secondary\":43,\"Channel\":1,\"Duration\":1.0,\"Repeat\":0,\"Root\":0,\"Scale\":0},\"relative_midi_data\":{\"Primary\":0,\"RangedPrimary\":0,\"Secondary\":5,\"Channel\":0,\"Duration\":0.0,\"Repeat\":0,\"Root\":0,\"Scale\":0,\"RangeFields\":{\"Primary\":{\"Up\":false,\"Down\":false},\"Secondary\":{\"Up\":true,\"Down\":true},\"Channel\":{\"Up\":false,\"Down\":false},\"Duration\":{\"Up\":false,\"Down\":false},\"Repeat\":{\"Up\":false,\"Down\":false}}},\"path_snap_data\":{},\"color\":{\"B\":255,\"G\":255,\"R\":255,\"A\":255},\"mute\":false,\"pass\":false,\"Origin\":\"-828, -180\",\"SerializablePathTo\":[],\"SerializablePathFrom\":[69],\"PathMode\":0,\"SignalMode\":0,\"Start\":false}"}
{"type":1,"json":"{\"id\":69,\"label\":\"\",\"midi_data\":{\"Primary\":52,\"Secondary\":43,\"Channel\":1,\"Duration\":1.0,\"Repeat\":0,\"Root\":0,\"Scale\":0},\"relative_midi_data\":{\"Primary\":0,\"RangedPrimary\":0,\"Secondary\":5,\"Channel\":0,\"Duration\":0.0,\"Repeat\":0,\"Root\":0,\"Scale\":0,\"RangeFields\":{\"Primary\":{\"Up\":false,\"Down\":false},\"Secondary\":{\"Up\":true,\"Down\":true},\"Channel\":{\"Up\":false,\"Down\":false},\"Duration\":{\"Up\":false,\"Down\":false},\"Repeat\":{\"Up\":false,\"Down\":false}}},\"path_snap_data\":{},\"color\":{\"B\":255,\"G\":255,\"R\":255,\"A\":255},\"mute\":false,\"pass\":false,\"Origin\":\"-828, -144\",\"SerializablePathTo\":[71,70,34],\"SerializablePathFrom\":[35],\"PathMode\":0,\"SignalMode\":1,\"Start\":false}"}
{"type":1,"json":"{\"id\":68,\"label\":\"\",\"midi_data\":{\"Primary\":59,\"Secondary\":43,\"Channel\":1,\"Duration\":1.0,\"Repeat\":0,\"Root\":0,\"Scale\":0},\"relative_midi_data\":{\"Primary\":0,\"RangedPrimary\":0,\"Secondary\":5,\"Channel\":0,\"Duration\":0.0,\"Repeat\":0,\"Root\":0,\"Scale\":0,\"RangeFields\":{\"Primary\":{\"Up\":false,\"Down\":false},\"Secondary\":{\"Up\":true,\"Down\":true},\"Channel\":{\"Up\":false,\"Down\":false},\"Duration\":{\"Up\":false,\"Down\":false},\"Repeat\":{\"Up\":false,\"Down\":false}}},\"path_snap_data\":{},\"color\":{\"B\":255,\"G\":255,\"R\":255,\"A\":255},\"mute\":false,\"pass\":false,\"Origin\":\"-684, -180\",\"SerializablePathTo\":[],\"SerializablePathFrom\":[66],\"PathMode\":0,\"SignalMode\":0,\"Start\":false}"}
{"type":1,"json":"{\"id\":67,\"label\":\"\",\"midi_data\":{\"Primary\":55,\"Secondary\":43,\"Channel\":1,\"Duration\":1.0,\"Repeat\":0,\"Root\":0,\"Scale\":0},\"relative_midi_data\":{\"Primary\":0,\"RangedPrimary\":0,\"Secondary\":5,\"Channel\":0,\"Duration\":0.0,\"Repeat\":0,\"Root\":0,\"Scale\":0,\"RangeFields\":{\"Primary\":{\"Up\":false,\"Down\":false},\"Secondary\":{\"Up\":true,\"Down\":true},\"Channel\":{\"Up\":false,\"Down\":false},\"Duration\":{\"Up\":false,\"Down\":false},\"Repeat\":{\"Up\":false,\"Down\":false}}},\"path_snap_data\":{},\"color\":{\"B\":255,\"G\":255,\"R\":255,\"A\":255},\"mute\":false,\"pass\":false,\"Origin\":\"-756, -180\",\"SerializablePathTo\":[],\"SerializablePathFrom\":[66],\"PathMode\":0,\"SignalMode\":0,\"Start\":false}"}
{"type":1,"json":"{\"id\":66,\"label\":\"\",\"midi_data\":{\"Primary\":40,\"Secondary\":43,\"Channel\":1,\"Duration\":1.0,\"Repeat\":0,\"Root\":0,\"Scale\":0},\"relative_midi_data\":{\"Primary\":0,\"RangedPrimary\":0,\"Secondary\":5,\"Channel\":0,\"Duration\":0.0,\"Repeat\":0,\"Root\":0,\"Scale\":0,\"RangeFields\":{\"Primary\":{\"Up\":false,\"Down\":false},\"Secondary\":{\"Up\":true,\"Down\":true},\"Channel\":{\"Up\":false,\"Down\":false},\"Duration\":{\"Up\":false,\"Down\":false},\"Repeat\":{\"Up\":false,\"Down\":false}}},\"path_snap_data\":{},\"color\":{\"B\":255,\"G\":255,\"R\":255,\"A\":255},\"mute\":false,\"pass\":false,\"Origin\":\"-720, -180\",\"SerializablePathTo\":[67,68,35],\"SerializablePathFrom\":[30],\"PathMode\":0,\"SignalMode\":1,\"Start\":false}"}
{"type":1,"json":"{\"id\":65,\"label\":\"\",\"midi_data\":{\"Primary\":50,\"Secondary\":43,\"Channel\":1,\"Duration\":1.0,\"Repeat\":0,\"Root\":0,\"Scale\":0},\"relative_midi_data\":{\"Primary\":0,\"RangedPrimary\":0,\"Secondary\":5,\"Channel\":0,\"Duration\":0.0,\"Repeat\":0,\"Root\":0,\"Scale\":0,\"RangeFields\":{\"Primary\":{\"Up\":false,\"Down\":false},\"Secondary\":{\"Up\":true,\"Down\":true},\"Channel\":{\"Up\":false,\"Down\":false},\"Duration\":{\"Up\":false,\"Down\":false},\"Repeat\":{\"Up\":false,\"Down\":false}}},\"path_snap_data\":{},\"color\":{\"B\":255,\"G\":255,\"R\":255,\"A\":255},\"mute\":false,\"pass\":false,\"Origin\":\"-684, -396\",\"SerializablePathTo\":[],\"SerializablePathFrom\":[63],\"PathMode\":0,\"SignalMode\":0,\"Start\":false}"}
{"type":1,"json":"{\"id\":64,\"label\":\"\",\"midi_data\":{\"Primary\":50,\"Secondary\":43,\"Channel\":1,\"Duration\":1.0,\"Repeat\":0,\"Root\":0,\"Scale\":0},\"relative_midi_data\":{\"Primary\":0,\"RangedPrimary\":0,\"Secondary\":5,\"Channel\":0,\"Duration\":0.0,\"Repeat\":0,\"Root\":0,\"Scale\":0,\"RangeFields\":{\"Primary\":{\"Up\":false,\"Down\":false},\"Secondary\":{\"Up\":true,\"Down\":true},\"Channel\":{\"Up\":false,\"Down\":false},\"Duration\":{\"Up\":false,\"Down\":false},\"Repeat\":{\"Up\":false,\"Down\":false}}},\"path_snap_data\":{},\"color\":{\"B\":255,\"G\":255,\"R\":255,\"A\":255},\"mute\":false,\"pass\":false,\"Origin\":\"-756, -396\",\"SerializablePathTo\":[],\"SerializablePathFrom\":[63],\"PathMode\":0,\"SignalMode\":0,\"Start\":false}"}
{"type":1,"json":"{\"id\":63,\"label\":\"\",\"midi_data\":{\"Primary\":50,\"Secondary\":43,\"Channel\":1,\"Duration\":1.0,\"Repeat\":0,\"Root\":0,\"Scale\":0},\"relative_midi_data\":{\"Primary\":0,\"RangedPrimary\":0,\"Secondary\":5,\"Channel\":0,\"Duration\":0.0,\"Repeat\":0,\"Root\":0,\"Scale\":0,\"RangeFields\":{\"Primary\":{\"Up\":false,\"Down\":false},\"Secondary\":{\"Up\":true,\"Down\":true},\"Channel\":{\"Up\":false,\"Down\":false},\"Duration\":{\"Up\":false,\"Down\":false},\"Repeat\":{\"Up\":false,\"Down\":false}}},\"path_snap_data\":{},\"color\":{\"B\":255,\"G\":255,\"R\":255,\"A\":255},\"mute\":false,\"pass\":false,\"Origin\":\"-720, -396\",\"SerializablePathTo\":[64,65],\"SerializablePathFrom\":[],\"PathMode\":0,\"SignalMode\":1,\"Start\":false}"}
{"type":1,"json":"{\"id\":60,\"label\":\"\",\"midi_data\":{\"Primary\":50,\"Secondary\":43,\"Channel\":1,\"Duration\":1.0,\"Repeat\":0,\"Root\":0,\"Scale\":0},\"relative_midi_data\":{\"Primary\":0,\"RangedPrimary\":0,\"Secondary\":5,\"Channel\":0,\"Duration\":0.0,\"Repeat\":0,\"Root\":0,\"Scale\":0,\"RangeFields\":{\"Primary\":{\"Up\":false,\"Down\":false},\"Secondary\":{\"Up\":true,\"Down\":true},\"Channel\":{\"Up\":false,\"Down\":false},\"Duration\":{\"Up\":false,\"Down\":false},\"Repeat\":{\"Up\":false,\"Down\":false}}},\"path_snap_data\":{},\"color\":{\"B\":255,\"G\":255,\"R\":255,\"A\":255},\"mute\":false,\"pass\":false,\"Origin\":\"-720, -612\",\"SerializablePathTo\":[],\"SerializablePathFrom\":[36],\"PathMode\":0,\"SignalMode\":0,\"Start\":false}"}
{"type":1,"json":"{\"id\":59,\"label\":\"\",\"midi_data\":{\"Primary\":50,\"Secondary\":43,\"Channel\":1,\"Duration\":1.0,\"Repeat\":0,\"Root\":0,\"Scale\":0},\"relative_midi_data\":{\"Primary\":0,\"RangedPrimary\":0,\"Secondary\":5,\"Channel\":0,\"Duration\":0.0,\"Repeat\":0,\"Root\":0,\"Scale\":0,\"RangeFields\":{\"Primary\":{\"Up\":false,\"Down\":false},\"Secondary\":{\"Up\":true,\"Down\":true},\"Channel\":{\"Up\":false,\"Down\":false},\"Duration\":{\"Up\":false,\"Down\":false},\"Repeat\":{\"Up\":false,\"Down\":false}}},\"path_snap_data\":{},\"color\":{\"B\":255,\"G\":255,\"R\":255,\"A\":255},\"mute\":false,\"pass\":false,\"Origin\":\"-684, -576\",\"SerializablePathTo\":[],\"SerializablePathFrom\":[36],\"PathMode\":0,\"SignalMode\":0,\"Start\":false}"}
{"type":1,"json":"{\"id\":58,\"label\":\"\",\"midi_data\":{\"Primary\":50,\"Secondary\":43,\"Channel\":1,\"Duration\":1.0,\"Repeat\":0,\"Root\":0,\"Scale\":0},\"relative_midi_data\":{\"Primary\":0,\"RangedPrimary\":0,\"Secondary\":5,\"Channel\":0,\"Duration\":0.0,\"Repeat\":0,\"Root\":0,\"Scale\":0,\"RangeFields\":{\"Primary\":{\"Up\":false,\"Down\":false},\"Secondary\":{\"Up\":true,\"Down\":true},\"Channel\":{\"Up\":false,\"Down\":false},\"Duration\":{\"Up\":false,\"Down\":false},\"Repeat\":{\"Up\":false,\"Down\":false}}},\"path_snap_data\":{},\"color\":{\"B\":255,\"G\":255,\"R\":255,\"A\":255},\"mute\":false,\"pass\":false,\"Origin\":\"-756, -576\",\"SerializablePathTo\":[],\"SerializablePathFrom\":[36],\"PathMode\":0,\"SignalMode\":0,\"Start\":false}"}
{"type":1,"json":"{\"id\":57,\"label\":\"\",\"midi_data\":{\"Primary\":66,\"Secondary\":43,\"Channel\":1,\"Duration\":1.0,\"Repeat\":0,\"Root\":0,\"Scale\":0},\"relative_midi_data\":{\"Primary\":0,\"RangedPrimary\":0,\"Secondary\":5,\"Channel\":0,\"Duration\":0.0,\"Repeat\":0,\"Root\":0,\"Scale\":0,\"RangeFields\":{\"Primary\":{\"Up\":false,\"Down\":false},\"Secondary\":{\"Up\":true,\"Down\":true},\"Channel\":{\"Up\":false,\"Down\":false},\"Duration\":{\"Up\":false,\"Down\":false},\"Repeat\":{\"Up\":false,\"Down\":false}}},\"path_snap_data\":{},\"color\":{\"B\":255,\"G\":255,\"R\":255,\"A\":255},\"mute\":false,\"pass\":false,\"Origin\":\"-828, -540\",\"SerializablePathTo\":[],\"SerializablePathFrom\":[37],\"PathMode\":0,\"SignalMode\":0,\"Start\":false}"}
{"type":1,"json":"{\"id\":56,\"label\":\"\",\"midi_data\":{\"Primary\":55,\"Secondary\":43,\"Channel\":1,\"Duration\":1.0,\"Repeat\":0,\"Root\":0,\"Scale\":0},\"relative_midi_data\":{\"Primary\":0,\"RangedPrimary\":0,\"Secondary\":5,\"Channel\":0,\"Duration\":0.0,\"Repeat\":0,\"Root\":0,\"Scale\":0,\"RangeFields\":{\"Primary\":{\"Up\":false,\"Down\":false},\"Secondary\":{\"Up\":true,\"Down\":true},\"Channel\":{\"Up\":false,\"Down\":false},\"Duration\":{\"Up\":false,\"Down\":false},\"Repeat\":{\"Up\":false,\"Down\":false}}},\"path_snap_data\":{},\"color\":{\"B\":255,\"G\":255,\"R\":255,\"A\":255},\"mute\":false,\"pass\":false,\"Origin\":\"-864, -504\",\"SerializablePathTo\":[],\"SerializablePathFrom\":[37],\"PathMode\":0,\"SignalMode\":0,\"Start\":false}"}
{"type":1,"json":"{\"id\":55,\"label\":\"\",\"midi_data\":{\"Primary\":64,\"Secondary\":43,\"Channel\":1,\"Duration\":1.0,\"Repeat\":0,\"Root\":0,\"Scale\":0},\"relative_midi_data\":{\"Primary\":0,\"RangedPrimary\":0,\"Secondary\":5,\"Channel\":0,\"Duration\":0.0,\"Repeat\":0,\"Root\":0,\"Scale\":0,\"RangeFields\":{\"Primary\":{\"Up\":false,\"Down\":false},\"Secondary\":{\"Up\":true,\"Down\":true},\"Channel\":{\"Up\":false,\"Down\":false},\"Duration\":{\"Up\":false,\"Down\":false},\"Repeat\":{\"Up\":false,\"Down\":false}}},\"path_snap_data\":{},\"color\":{\"B\":255,\"G\":255,\"R\":255,\"A\":255},\"mute\":false,\"pass\":false,\"Origin\":\"-792, -504\",\"SerializablePathTo\":[],\"SerializablePathFrom\":[37],\"PathMode\":0,\"SignalMode\":0,\"Start\":false}"}
{"type":1,"json":"{\"id\":54,\"label\":\"\",\"midi_data\":{\"Primary\":54,\"Secondary\":43,\"Channel\":1,\"Duration\":1.0,\"Repeat\":0,\"Root\":0,\"Scale\":0},\"relative_midi_data\":{\"Primary\":0,\"RangedPrimary\":0,\"Secondary\":5,\"Channel\":0,\"Duration\":0.0,\"Repeat\":0,\"Root\":0,\"Scale\":0,\"RangeFields\":{\"Primary\":{\"Up\":false,\"Down\":false},\"Secondary\":{\"Up\":true,\"Down\":true},\"Channel\":{\"Up\":false,\"Down\":false},\"Duration\":{\"Up\":false,\"Down\":false},\"Repeat\":{\"Up\":false,\"Down\":false}}},\"path_snap_data\":{},\"color\":{\"B\":255,\"G\":255,\"R\":255,\"A\":255},\"mute\":false,\"pass\":false,\"Origin\":\"-792, -396\",\"SerializablePathTo\":[],\"SerializablePathFrom\":[52],\"PathMode\":0,\"SignalMode\":0,\"Start\":false}"}
{"type":1,"json":"{\"id\":53,\"label\":\"\",\"midi_data\":{\"Primary\":55,\"Secondary\":43,\"Channel\":1,\"Duration\":1.0,\"Repeat\":0,\"Root\":0,\"Scale\":0},\"relative_midi_data\":{\"Primary\":0,\"RangedPrimary\":0,\"Secondary\":5,\"Channel\":0,\"Duration\":0.0,\"Repeat\":0,\"Root\":0,\"Scale\":0,\"RangeFields\":{\"Primary\":{\"Up\":false,\"Down\":false},\"Secondary\":{\"Up\":true,\"Down\":true},\"Channel\":{\"Up\":false,\"Down\":false},\"Duration\":{\"Up\":false,\"Down\":false},\"Repeat\":{\"Up\":false,\"Down\":false}}},\"path_snap_data\":{},\"color\":{\"B\":255,\"G\":255,\"R\":255,\"A\":255},\"mute\":false,\"pass\":false,\"Origin\":\"-864, -396\",\"SerializablePathTo\":[],\"SerializablePathFrom\":[52],\"PathMode\":0,\"SignalMode\":0,\"Start\":false}"}
{"type":1,"json":"{\"id\":52,\"label\":\"\",\"midi_data\":{\"Primary\":38,\"Secondary\":43,\"Channel\":1,\"Duration\":1.0,\"Repeat\":0,\"Root\":0,\"Scale\":0},\"relative_midi_data\":{\"Primary\":0,\"RangedPrimary\":0,\"Secondary\":5,\"Channel\":0,\"Duration\":0.0,\"Repeat\":0,\"Root\":0,\"Scale\":0,\"RangeFields\":{\"Primary\":{\"Up\":false,\"Down\":false},\"Secondary\":{\"Up\":true,\"Down\":true},\"Channel\":{\"Up\":false,\"Down\":false},\"Duration\":{\"Up\":false,\"Down\":false},\"Repeat\":{\"Up\":false,\"Down\":false}}},\"path_snap_data\":{},\"color\":{\"B\":255,\"G\":255,\"R\":255,\"A\":255},\"mute\":false,\"pass\":false,\"Origin\":\"-828, -396\",\"SerializablePathTo\":[54,53,32],\"SerializablePathFrom\":[30],\"PathMode\":2,\"SignalMode\":1,\"Start\":false}"}
{"type":1,"json":"{\"id\":49,\"label\":\"\",\"midi_data\":{\"Primary\":62,\"Secondary\":43,\"Channel\":1,\"Duration\":1.0,\"Repeat\":0,\"Root\":0,\"Scale\":0},\"relative_midi_data\":{\"Primary\":0,\"RangedPrimary\":0,\"Secondary\":5,\"Channel\":0,\"Duration\":0.0,\"Repeat\":0,\"Root\":0,\"Scale\":0,\"RangeFields\":{\"Primary\":{\"Up\":false,\"Down\":false},\"Secondary\":{\"Up\":true,\"Down\":true},\"Channel\":{\"Up\":false,\"Down\":false},\"Duration\":{\"Up\":false,\"Down\":false},\"Repeat\":{\"Up\":false,\"Down\":false}}},\"path_snap_data\":{},\"color\":{\"B\":255,\"G\":255,\"R\":255,\"A\":255},\"mute\":false,\"pass\":false,\"Origin\":\"-1080, -288\",\"SerializablePathTo\":[],\"SerializablePathFrom\":[38],\"PathMode\":0,\"SignalMode\":0,\"Start\":false}"}
{"type":1,"json":"{\"id\":48,\"label\":\"\",\"midi_data\":{\"Primary\":59,\"Secondary\":43,\"Channel\":1,\"Duration\":1.0,\"Repeat\":0,\"Root\":0,\"Scale\":0},\"relative_midi_data\":{\"Primary\":0,\"RangedPrimary\":0,\"Secondary\":5,\"Channel\":0,\"Duration\":0.0,\"Repeat\":0,\"Root\":0,\"Scale\":0,\"RangeFields\":{\"Primary\":{\"Up\":false,\"Down\":false},\"Secondary\":{\"Up\":true,\"Down\":true},\"Channel\":{\"Up\":false,\"Down\":false},\"Duration\":{\"Up\":false,\"Down\":false},\"Repeat\":{\"Up\":false,\"Down\":false}}},\"path_snap_data\":{},\"color\":{\"B\":255,\"G\":255,\"R\":255,\"A\":255},\"mute\":false,\"pass\":false,\"Origin\":\"-1008, -216\",\"SerializablePathTo\":[],\"SerializablePathFrom\":[38],\"PathMode\":0,\"SignalMode\":0,\"Start\":false}"}
{"type":1,"json":"{\"id\":47,\"label\":\"\",\"midi_data\":{\"Primary\":55,\"Secondary\":43,\"Channel\":1,\"Duration\":1.0,\"Repeat\":0,\"Root\":0,\"Scale\":0},\"relative_midi_data\":{\"Primary\":0,\"RangedPrimary\":0,\"Secondary\":5,\"Channel\":0,\"Duration\":0.0,\"Repeat\":0,\"Root\":0,\"Scale\":0,\"RangeFields\":{\"Primary\":{\"Up\":false,\"Down\":false},\"Secondary\":{\"Up\":true,\"Down\":true},\"Channel\":{\"Up\":false,\"Down\":false},\"Duration\":{\"Up\":false,\"Down\":false},\"Repeat\":{\"Up\":false,\"Down\":false}}},\"path_snap_data\":{},\"color\":{\"B\":255,\"G\":255,\"R\":255,\"A\":255},\"mute\":false,\"pass\":false,\"Origin\":\"-1008, -360\",\"SerializablePathTo\":[],\"SerializablePathFrom\":[38],\"PathMode\":0,\"SignalMode\":0,\"Start\":false}"}
{"type":1,"json":"{\"id\":46,\"label\":\"\",\"midi_data\":{\"Primary\":52,\"Secondary\":43,\"Channel\":1,\"Duration\":1.0,\"Repeat\":0,\"Root\":0,\"Scale\":0},\"relative_midi_data\":{\"Primary\":0,\"RangedPrimary\":0,\"Secondary\":5,\"Channel\":0,\"Duration\":0.0,\"Repeat\":0,\"Root\":0,\"Scale\":0,\"RangeFields\":{\"Primary\":{\"Up\":false,\"Down\":false},\"Secondary\":{\"Up\":true,\"Down\":true},\"Channel\":{\"Up\":false,\"Down\":false},\"Duration\":{\"Up\":false,\"Down\":false},\"Repeat\":{\"Up\":false,\"Down\":false}}},\"path_snap_data\":{},\"color\":{\"B\":255,\"G\":255,\"R\":255,\"A\":255},\"mute\":false,\"pass\":false,\"Origin\":\"-828, -324\",\"SerializablePathTo\":[],\"SerializablePathFrom\":[45],\"PathMode\":0,\"SignalMode\":0,\"Start\":false}"}
{"type":1,"json":"{\"id\":45,\"label\":\"\",\"midi_data\":{\"Primary\":36,\"Secondary\":43,\"Channel\":1,\"Duration\":1.0,\"Repeat\":0,\"Root\":0,\"Scale\":0},\"relative_midi_data\":{\"Primary\":0,\"RangedPrimary\":0,\"Secondary\":5,\"Channel\":0,\"Duration\":0.0,\"Repeat\":0,\"Root\":0,\"Scale\":0,\"RangeFields\":{\"Primary\":{\"Up\":false,\"Down\":false},\"Secondary\":{\"Up\":true,\"Down\":true},\"Channel\":{\"Up\":false,\"Down\":false},\"Duration\":{\"Up\":false,\"Down\":false},\"Repeat\":{\"Up\":false,\"Down\":false}}},\"path_snap_data\":{},\"color\":{\"B\":255,\"G\":255,\"R\":255,\"A\":255},\"mute\":false,\"pass\":false,\"Origin\":\"-828, -288\",\"SerializablePathTo\":[46,44,33],\"SerializablePathFrom\":[30],\"PathMode\":0,\"SignalMode\":1,\"Start\":false}"}
{"type":1,"json":"{\"id\":44,\"label\":\"\",\"midi_data\":{\"Primary\":55,\"Secondary\":43,\"Channel\":1,\"Duration\":1.0,\"Repeat\":0,\"Root\":0,\"Scale\":0},\"relative_midi_data\":{\"Primary\":0,\"RangedPrimary\":0,\"Secondary\":5,\"Channel\":0,\"Duration\":0.0,\"Repeat\":0,\"Root\":0,\"Scale\":0,\"RangeFields\":{\"Primary\":{\"Up\":false,\"Down\":false},\"Secondary\":{\"Up\":true,\"Down\":true},\"Channel\":{\"Up\":false,\"Down\":false},\"Duration\":{\"Up\":false,\"Down\":false},\"Repeat\":{\"Up\":false,\"Down\":false}}},\"path_snap_data\":{},\"color\":{\"B\":255,\"G\":255,\"R\":255,\"A\":255},\"mute\":false,\"pass\":false,\"Origin\":\"-828, -252\",\"SerializablePathTo\":[],\"SerializablePathFrom\":[45],\"PathMode\":0,\"SignalMode\":0,\"Start\":false}"}
{"type":1,"json":"{\"id\":43,\"label\":\"\",\"midi_data\":{\"Primary\":66,\"Secondary\":43,\"Channel\":1,\"Duration\":1.0,\"Repeat\":0,\"Root\":0,\"Scale\":0},\"relative_midi_data\":{\"Primary\":0,\"RangedPrimary\":0,\"Secondary\":5,\"Channel\":0,\"Duration\":0.0,\"Repeat\":0,\"Root\":0,\"Scale\":0,\"RangeFields\":{\"Primary\":{\"Up\":false,\"Down\":false},\"Secondary\":{\"Up\":true,\"Down\":true},\"Channel\":{\"Up\":false,\"Down\":false},\"Duration\":{\"Up\":false,\"Down\":false},\"Repeat\":{\"Up\":false,\"Down\":false}}},\"path_snap_data\":{},\"color\":{\"B\":255,\"G\":255,\"R\":255,\"A\":255},\"mute\":false,\"pass\":false,\"Origin\":\"-576, -144\",\"SerializablePathTo\":[82],\"SerializablePathFrom\":[78],\"PathMode\":0,\"SignalMode\":0,\"Start\":false}"}
{"type":1,"json":"{\"id\":42,\"label\":\"\",\"midi_data\":{\"Primary\":55,\"Secondary\":43,\"Channel\":1,\"Duration\":1.0,\"Repeat\":0,\"Root\":0,\"Scale\":0},\"relative_midi_data\":{\"Primary\":0,\"RangedPrimary\":0,\"Secondary\":5,\"Channel\":0,\"Duration\":0.0,\"Repeat\":0,\"Root\":0,\"Scale\":0,\"RangeFields\":{\"Primary\":{\"Up\":false,\"Down\":false},\"Secondary\":{\"Up\":true,\"Down\":true},\"Channel\":{\"Up\":false,\"Down\":false},\"Duration\":{\"Up\":false,\"Down\":false},\"Repeat\":{\"Up\":false,\"Down\":false}}},\"path_snap_data\":{},\"color\":{\"B\":255,\"G\":255,\"R\":255,\"A\":255},\"mute\":false,\"pass\":false,\"Origin\":\"-540, -468\",\"SerializablePathTo\":[],\"SerializablePathFrom\":[75],\"PathMode\":2,\"SignalMode\":0,\"Start\":false}"}
{"type":1,"json":"{\"id\":39,\"label\":\"\",\"midi_data\":{\"Primary\":67,\"Secondary\":43,\"Channel\":1,\"Duration\":1.0,\"Repeat\":0,\"Root\":0,\"Scale\":0},\"relative_midi_data\":{\"Primary\":0,\"RangedPrimary\":0,\"Secondary\":5,\"Channel\":0,\"Duration\":0.0,\"Repeat\":0,\"Root\":0,\"Scale\":0,\"RangeFields\":{\"Primary\":{\"Up\":false,\"Down\":false},\"Secondary\":{\"Up\":true,\"Down\":true},\"Channel\":{\"Up\":false,\"Down\":false},\"Duration\":{\"Up\":false,\"Down\":false},\"Repeat\":{\"Up\":false,\"Down\":false}}},\"path_snap_data\":{},\"color\":{\"B\":255,\"G\":255,\"R\":255,\"A\":255},\"mute\":false,\"pass\":false,\"Origin\":\"-1008, -144\",\"SerializablePathTo\":[],\"SerializablePathFrom\":[72],\"PathMode\":0,\"SignalMode\":0,\"Start\":false}"}
{"type":1,"json":"{\"id\":33,\"label\":\"\",\"midi_data\":{\"Primary\":59,\"Secondary\":43,\"Channel\":1,\"Duration\":1.0,\"Repeat\":0,\"Root\":0,\"Scale\":0},\"relative_midi_data\":{\"Primary\":0,\"RangedPrimary\":0,\"Secondary\":5,\"Channel\":0,\"Duration\":0.0,\"Repeat\":0,\"Root\":0,\"Scale\":0,\"RangeFields\":{\"Primary\":{\"Up\":false,\"Down\":false},\"Secondary\":{\"Up\":true,\"Down\":true},\"Channel\":{\"Up\":false,\"Down\":false},\"Duration\":{\"Up\":false,\"Down\":false},\"Repeat\":{\"Up\":false,\"Down\":false}}},\"path_snap_data\":{},\"color\":{\"B\":255,\"G\":255,\"R\":255,\"A\":255},\"mute\":false,\"pass\":false,\"Origin\":\"-864, -288\",\"SerializablePathTo\":[38],\"SerializablePathFrom\":[45],\"PathMode\":0,\"SignalMode\":0,\"Start\":false}"}
{"type":1,"json":"{\"id\":32,\"label\":\"\",\"midi_data\":{\"Primary\":60,\"Secondary\":43,\"Channel\":1,\"Duration\":1.0,\"Repeat\":0,\"Root\":0,\"Scale\":0},\"relative_midi_data\":{\"Primary\":0,\"RangedPrimary\":0,\"Secondary\":5,\"Channel\":0,\"Duration\":0.0,\"Repeat\":0,\"Root\":0,\"Scale\":0,\"RangeFields\":{\"Primary\":{\"Up\":false,\"Down\":false},\"Secondary\":{\"Up\":true,\"Down\":true},\"Channel\":{\"Up\":false,\"Down\":false},\"Duration\":{\"Up\":false,\"Down\":false},\"Repeat\":{\"Up\":false,\"Down\":false}}},\"path_snap_data\":{},\"color\":{\"B\":255,\"G\":255,\"R\":255,\"A\":255},\"mute\":false,\"pass\":false,\"Origin\":\"-828, -432\",\"SerializablePathTo\":[37],\"SerializablePathFrom\":[52],\"PathMode\":0,\"SignalMode\":0,\"Start\":false}"}
{"type":1,"json":"{\"id\":38,\"label\":\"\",\"midi_data\":{\"Primary\":48,\"Secondary\":43,\"Channel\":1,\"Duration\":1.0,\"Repeat\":0,\"Root\":0,\"Scale\":0},\"relative_midi_data\":{\"Primary\":0,\"RangedPrimary\":0,\"Secondary\":5,\"Channel\":0,\"Duration\":0.0,\"Repeat\":0,\"Root\":0,\"Scale\":0,\"RangeFields\":{\"Primary\":{\"Up\":false,\"Down\":false},\"Secondary\":{\"Up\":true,\"Down\":true},\"Channel\":{\"Up\":false,\"Down\":false},\"Duration\":{\"Up\":false,\"Down\":false},\"Repeat\":{\"Up\":false,\"Down\":false}}},\"path_snap_data\":{},\"color\":{\"B\":255,\"G\":255,\"R\":255,\"A\":255},\"mute\":false,\"pass\":false,\"Origin\":\"-1008, -288\",\"SerializablePathTo\":[47,49,48],\"SerializablePathFrom\":[33],\"PathMode\":0,\"SignalMode\":1,\"Start\":false}"}
{"type":1,"json":"{\"id\":37,\"label\":\"\",\"midi_data\":{\"Primary\":54,\"Secondary\":43,\"Channel\":1,\"Duration\":1.0,\"Repeat\":0,\"Root\":0,\"Scale\":0},\"relative_midi_data\":{\"Primary\":0,\"RangedPrimary\":0,\"Secondary\":5,\"Channel\":0,\"Duration\":0.0,\"Repeat\":0,\"Root\":0,\"Scale\":0,\"RangeFields\":{\"Primary\":{\"Up\":false,\"Down\":false},\"Secondary\":{\"Up\":true,\"Down\":true},\"Channel\":{\"Up\":false,\"Down\":false},\"Duration\":{\"Up\":false,\"Down\":false},\"Repeat\":{\"Up\":false,\"Down\":false}}},\"path_snap_data\":{},\"color\":{\"B\":255,\"G\":255,\"R\":255,\"A\":255},\"mute\":false,\"pass\":false,\"Origin\":\"-828, -504\",\"SerializablePathTo\":[56,57,55],\"SerializablePathFrom\":[32],\"PathMode\":0,\"SignalMode\":1,\"Start\":false}"}
{"type":1,"json":"{\"id\":36,\"label\":\"\",\"midi_data\":{\"Primary\":50,\"Secondary\":43,\"Channel\":1,\"Duration\":1.0,\"Repeat\":0,\"Root\":0,\"Scale\":0},\"relative_midi_data\":{\"Primary\":0,\"RangedPrimary\":0,\"Secondary\":5,\"Channel\":0,\"Duration\":0.0,\"Repeat\":0,\"Root\":0,\"Scale\":0,\"RangeFields\":{\"Primary\":{\"Up\":false,\"Down\":false},\"Secondary\":{\"Up\":true,\"Down\":true},\"Channel\":{\"Up\":false,\"Down\":false},\"Duration\":{\"Up\":false,\"Down\":false},\"Repeat\":{\"Up\":false,\"Down\":false}}},\"path_snap_data\":{},\"color\":{\"B\":255,\"G\":255,\"R\":255,\"A\":255},\"mute\":false,\"pass\":false,\"Origin\":\"-720, -576\",\"SerializablePathTo\":[31,58,59,60],\"SerializablePathFrom\":[],\"PathMode\":0,\"SignalMode\":1,\"Start\":false}"}
{"type":1,"json":"{\"id\":31,\"label\":\"\",\"midi_data\":{\"Primary\":50,\"Secondary\":43,\"Channel\":1,\"Duration\":1.0,\"Repeat\":0,\"Root\":0,\"Scale\":0},\"relative_midi_data\":{\"Primary\":0,\"RangedPrimary\":0,\"Secondary\":5,\"Channel\":0,\"Duration\":0.0,\"Repeat\":0,\"Root\":0,\"Scale\":0,\"RangeFields\":{\"Primary\":{\"Up\":false,\"Down\":false},\"Secondary\":{\"Up\":true,\"Down\":true},\"Channel\":{\"Up\":false,\"Down\":false},\"Duration\":{\"Up\":false,\"Down\":false},\"Repeat\":{\"Up\":false,\"Down\":false}}},\"path_snap_data\":{},\"color\":{\"B\":255,\"G\":255,\"R\":255,\"A\":255},\"mute\":false,\"pass\":false,\"Origin\":\"-720, -432\",\"SerializablePathTo\":[],\"SerializablePathFrom\":[36],\"PathMode\":0,\"SignalMode\":0,\"Start\":false}"}
{"type":1,"json":"{\"id\":30,\"label\":\"\",\"midi_data\":{\"Primary\":0,\"Secondary\":0,\"Channel\":1,\"Duration\":1.0,\"Repeat\":0,\"Root\":0,\"Scale\":0},\"relative_midi_data\":{\"Primary\":0,\"RangedPrimary\":0,\"Secondary\":5,\"Channel\":0,\"Duration\":0.0,\"Repeat\":0,\"Root\":0,\"Scale\":0,\"RangeFields\":{\"Primary\":{\"Up\":false,\"Down\":false},\"Secondary\":{\"Up\":true,\"Down\":true},\"Channel\":{\"Up\":false,\"Down\":false},\"Duration\":{\"Up\":false,\"Down\":false},\"Repeat\":{\"Up\":false,\"Down\":false}}},\"path_snap_data\":{},\"color\":{\"B\":255,\"G\":255,\"R\":255,\"A\":255},\"mute\":false,\"pass\":false,\"Origin\":\"-720, -288\",\"SerializablePathTo\":[45,66,52,78,75],\"SerializablePathFrom\":[93],\"PathMode\":2,\"SignalMode\":2,\"Start\":false}"}
{"type":1,"json":"{\"id\":35,\"label\":\"\",\"midi_data\":{\"Primary\":62,\"Secondary\":43,\"Channel\":1,\"Duration\":1.0,\"Repeat\":0,\"Root\":0,\"Scale\":0},\"relative_midi_data\":{\"Primary\":0,\"RangedPrimary\":0,\"Secondary\":5,\"Channel\":0,\"Duration\":0.0,\"Repeat\":0,\"Root\":0,\"Scale\":0,\"RangeFields\":{\"Primary\":{\"Up\":false,\"Down\":false},\"Secondary\":{\"Up\":true,\"Down\":true},\"Channel\":{\"Up\":false,\"Down\":false},\"Duration\":{\"Up\":false,\"Down\":false},\"Repeat\":{\"Up\":false,\"Down\":false}}},\"path_snap_data\":{},\"color\":{\"B\":255,\"G\":255,\"R\":255,\"A\":255},\"mute\":false,\"pass\":false,\"Origin\":\"-720, -144\",\"SerializablePathTo\":[69],\"SerializablePathFrom\":[66],\"PathMode\":0,\"SignalMode\":0,\"Start\":false}"}
{"type":1,"json":"{\"id\":34,\"label\":\"\",\"midi_data\":{\"Primary\":83,\"Secondary\":43,\"Channel\":1,\"Duration\":1.0,\"Repeat\":0,\"Root\":0,\"Scale\":0},\"relative_midi_data\":{\"Primary\":0,\"RangedPrimary\":0,\"Secondary\":5,\"Channel\":0,\"Duration\":0.0,\"Repeat\":0,\"Root\":0,\"Scale\":0,\"RangeFields\":{\"Primary\":{\"Up\":false,\"Down\":false},\"Secondary\":{\"Up\":true,\"Down\":true},\"Channel\":{\"Up\":false,\"Down\":false},\"Duration\":{\"Up\":false,\"Down\":false},\"Repeat\":{\"Up\":false,\"Down\":false}}},\"path_snap_data\":{},\"color\":{\"B\":255,\"G\":255,\"R\":255,\"A\":255},\"mute\":false,\"pass\":false,\"Origin\":\"-864, -144\",\"SerializablePathTo\":[72],\"SerializablePathFrom\":[69],\"PathMode\":0,\"SignalMode\":0,\"Start\":false}"}
{"type":1,"json":"{\"id\":19,\"label\":\"\",\"midi_data\":{\"Primary\":88,\"Secondary\":54,\"Channel\":1,\"Duration\":1.0,\"Repeat\":0,\"Root\":0,\"Scale\":0},\"relative_midi_data\":{\"Primary\":-3,\"RangedPrimary\":2,\"Secondary\":5,\"Channel\":0,\"Duration\":0.0,\"Repeat\":0,\"Root\":5,\"Scale\":1,\"RangeFields\":{\"Primary\":{\"Up\":true,\"Down\":true},\"Secondary\":{\"Up\":true,\"Down\":true},\"Channel\":{\"Up\":false,\"Down\":false},\"Duration\":{\"Up\":false,\"Down\":false},\"Repeat\":{\"Up\":false,\"Down\":false}}},\"path_snap_data\":{},\"color\":{\"B\":255,\"G\":255,\"R\":255,\"A\":255},\"mute\":false,\"pass\":false,\"Origin\":\"-432, -216\",\"SerializablePathTo\":[17],\"SerializablePathFrom\":[15],\"PathMode\":0,\"SignalMode\":0,\"Start\":false}"}
{"type":1,"json":"{\"id\":17,\"label\":\"\",\"midi_data\":{\"Primary\":71,\"Secondary\":50,\"Channel\":1,\"Duration\":1.0,\"Repeat\":0,\"Root\":0,\"Scale\":0},\"relative_midi_data\":{\"Primary\":0,\"RangedPrimary\":0,\"Secondary\":5,\"Channel\":0,\"Duration\":0.0,\"Repeat\":0,\"Root\":0,\"Scale\":0,\"RangeFields\":{\"Primary\":{\"Up\":false,\"Down\":false},\"Secondary\":{\"Up\":true,\"Down\":true},\"Channel\":{\"Up\":false,\"Down\":false},\"Duration\":{\"Up\":false,\"Down\":false},\"Repeat\":{\"Up\":false,\"Down\":false}}},\"path_snap_data\":{},\"color\":{\"B\":255,\"G\":255,\"R\":255,\"A\":255},\"mute\":false,\"pass\":false,\"Origin\":\"-576, -216\",\"SerializablePathTo\":[0],\"SerializablePathFrom\":[16,19],\"PathMode\":0,\"SignalMode\":0,\"Start\":false}"}
{"type":1,"json":"{\"id\":16,\"label\":\"\",\"midi_data\":{\"Primary\":76,\"Secondary\":50,\"Channel\":1,\"Duration\":1.0,\"Repeat\":0,\"Root\":0,\"Scale\":0},\"relative_midi_data\":{\"Primary\":4,\"RangedPrimary\":-1,\"Secondary\":5,\"Channel\":0,\"Duration\":0.0,\"Repeat\":0,\"Root\":5,\"Scale\":1,\"RangeFields\":{\"Primary\":{\"Up\":true,\"Down\":true},\"Secondary\":{\"Up\":true,\"Down\":true},\"Channel\":{\"Up\":false,\"Down\":false},\"Duration\":{\"Up\":false,\"Down\":false},\"Repeat\":{\"Up\":false,\"Down\":false}}},\"path_snap_data\":{},\"color\":{\"B\":255,\"G\":255,\"R\":255,\"A\":255},\"mute\":false,\"pass\":false,\"Origin\":\"-504, -180\",\"SerializablePathTo\":[17],\"SerializablePathFrom\":[15],\"PathMode\":0,\"SignalMode\":0,\"Start\":false}"}
{"type":1,"json":"{\"id\":15,\"label\":\"\",\"midi_data\":{\"Primary\":78,\"Secondary\":50,\"Channel\":1,\"Duration\":1.0,\"Repeat\":0,\"Root\":0,\"Scale\":0},\"relative_midi_data\":{\"Primary\":0,\"RangedPrimary\":0,\"Secondary\":5,\"Channel\":0,\"Duration\":0.0,\"Repeat\":0,\"Root\":0,\"Scale\":0,\"RangeFields\":{\"Primary\":{\"Up\":false,\"Down\":false},\"Secondary\":{\"Up\":true,\"Down\":true},\"Channel\":{\"Up\":false,\"Down\":false},\"Duration\":{\"Up\":false,\"Down\":false},\"Repeat\":{\"Up\":false,\"Down\":false}}},\"path_snap_data\":{},\"color\":{\"B\":255,\"G\":255,\"R\":255,\"A\":255},\"mute\":false,\"pass\":false,\"Origin\":\"-432, -180\",\"SerializablePathTo\":[19,16],\"SerializablePathFrom\":[14],\"PathMode\":0,\"SignalMode\":2,\"Start\":false}"}
{"type":1,"json":"{\"id\":14,\"label\":\"\",\"midi_data\":{\"Primary\":81,\"Secondary\":50,\"Channel\":1,\"Duration\":1.0,\"Repeat\":0,\"Root\":0,\"Scale\":0},\"relative_midi_data\":{\"Primary\":0,\"RangedPrimary\":0,\"Secondary\":5,\"Channel\":0,\"Duration\":0.0,\"Repeat\":0,\"Root\":0,\"Scale\":0,\"RangeFields\":{\"Primary\":{\"Up\":false,\"Down\":false},\"Secondary\":{\"Up\":true,\"Down\":true},\"Channel\":{\"Up\":false,\"Down\":false},\"Duration\":{\"Up\":false,\"Down\":false},\"Repeat\":{\"Up\":false,\"Down\":false}}},\"path_snap_data\":{},\"color\":{\"B\":255,\"G\":255,\"R\":255,\"A\":255},\"mute\":false,\"pass\":false,\"Origin\":\"-396, -180\",\"SerializablePathTo\":[15],\"SerializablePathFrom\":[13],\"PathMode\":0,\"SignalMode\":0,\"Start\":false}"}
{"type":1,"json":"{\"id\":13,\"label\":\"\",\"midi_data\":{\"Primary\":79,\"Secondary\":50,\"Channel\":1,\"Duration\":1.0,\"Repeat\":0,\"Root\":0,\"Scale\":0},\"relative_midi_data\":{\"Primary\":0,\"RangedPrimary\":0,\"Secondary\":5,\"Channel\":0,\"Duration\":0.0,\"Repeat\":0,\"Root\":0,\"Scale\":0,\"RangeFields\":{\"Primary\":{\"Up\":false,\"Down\":false},\"Secondary\":{\"Up\":true,\"Down\":true},\"Channel\":{\"Up\":false,\"Down\":false},\"Duration\":{\"Up\":false,\"Down\":false},\"Repeat\":{\"Up\":false,\"Down\":false}}},\"path_snap_data\":{},\"color\":{\"B\":255,\"G\":255,\"R\":255,\"A\":255},\"mute\":false,\"pass\":false,\"Origin\":\"-288, -180\",\"SerializablePathTo\":[14],\"SerializablePathFrom\":[12],\"PathMode\":0,\"SignalMode\":0,\"Start\":false}"}
{"type":1,"json":"{\"id\":12,\"label\":\"\",\"midi_data\":{\"Primary\":84,\"Secondary\":50,\"Channel\":1,\"Duration\":1.0,\"Repeat\":0,\"Root\":0,\"Scale\":0},\"relative_midi_data\":{\"Primary\":0,\"RangedPrimary\":0,\"Secondary\":5,\"Channel\":0,\"Duration\":0.0,\"Repeat\":0,\"Root\":0,\"Scale\":0,\"RangeFields\":{\"Primary\":{\"Up\":false,\"Down\":false},\"Secondary\":{\"Up\":true,\"Down\":true},\"Channel\":{\"Up\":false,\"Down\":false},\"Duration\":{\"Up\":false,\"Down\":false},\"Repeat\":{\"Up\":false,\"Down\":false}}},\"path_snap_data\":{},\"color\":{\"B\":255,\"G\":255,\"R\":255,\"A\":255},\"mute\":false,\"pass\":false,\"Origin\":\"-216, -144\",\"SerializablePathTo\":[13],\"SerializablePathFrom\":[11],\"PathMode\":0,\"SignalMode\":0,\"Start\":false}"}
{"type":1,"json":"{\"id\":11,\"label\":\"\",\"midi_data\":{\"Primary\":79,\"Secondary\":50,\"Channel\":1,\"Duration\":1.0,\"Repeat\":0,\"Root\":0,\"Scale\":0},\"relative_midi_data\":{\"Primary\":0,\"RangedPrimary\":0,\"Secondary\":5,\"Channel\":0,\"Duration\":0.0,\"Repeat\":0,\"Root\":0,\"Scale\":0,\"RangeFields\":{\"Primary\":{\"Up\":false,\"Down\":false},\"Secondary\":{\"Up\":true,\"Down\":true},\"Channel\":{\"Up\":false,\"Down\":false},\"Duration\":{\"Up\":false,\"Down\":false},\"Repeat\":{\"Up\":false,\"Down\":false}}},\"path_snap_data\":{},\"color\":{\"B\":255,\"G\":255,\"R\":255,\"A\":255},\"mute\":false,\"pass\":false,\"Origin\":\"-144, -144\",\"SerializablePathTo\":[12],\"SerializablePathFrom\":[10],\"PathMode\":0,\"SignalMode\":0,\"Start\":false}"}
{"type":1,"json":"{\"id\":0,\"label\":\"\",\"midi_data\":{\"Primary\":72,\"Secondary\":50,\"Channel\":1,\"Duration\":1.0,\"Repeat\":0,\"Root\":0,\"Scale\":0},\"relative_midi_data\":{\"Primary\":0,\"RangedPrimary\":0,\"Secondary\":5,\"Channel\":0,\"Duration\":0.0,\"Repeat\":0,\"Root\":0,\"Scale\":0,\"RangeFields\":{\"Primary\":{\"Up\":false,\"Down\":false},\"Secondary\":{\"Up\":true,\"Down\":true},\"Channel\":{\"Up\":false,\"Down\":false},\"Duration\":{\"Up\":false,\"Down\":false},\"Repeat\":{\"Up\":false,\"Down\":false}}},\"path_snap_data\":{},\"color\":{\"B\":255,\"G\":255,\"R\":255,\"A\":255},\"mute\":false,\"pass\":false,\"Origin\":\"-576, -288\",\"SerializablePathTo\":[7,93],\"SerializablePathFrom\":[17],\"PathMode\":0,\"SignalMode\":1,\"Start\":true}"}
{"type":1,"json":"{\"id\":7,\"label\":\"\",\"midi_data\":{\"Primary\":78,\"Secondary\":50,\"Channel\":1,\"Duration\":1.0,\"Repeat\":0,\"Root\":0,\"Scale\":0},\"relative_midi_data\":{\"Primary\":0,\"RangedPrimary\":0,\"Secondary\":5,\"Channel\":0,\"Duration\":0.0,\"Repeat\":0,\"Root\":0,\"Scale\":0,\"RangeFields\":{\"Primary\":{\"Up\":false,\"Down\":false},\"Secondary\":{\"Up\":true,\"Down\":true},\"Channel\":{\"Up\":false,\"Down\":false},\"Duration\":{\"Up\":false,\"Down\":false},\"Repeat\":{\"Up\":false,\"Down\":false}}},\"path_snap_data\":{},\"color\":{\"B\":255,\"G\":255,\"R\":255,\"A\":255},\"mute\":false,\"pass\":false,\"Origin\":\"-468, -288\",\"SerializablePathTo\":[8,96,97],\"SerializablePathFrom\":[0],\"PathMode\":0,\"SignalMode\":1,\"Start\":false}"}
{"type":1,"json":"{\"id\":8,\"label\":\"\",\"midi_data\":{\"Primary\":83,\"Secondary\":50,\"Channel\":1,\"Duration\":1.0,\"Repeat\":0,\"Root\":0,\"Scale\":0},\"relative_midi_data\":{\"Primary\":4,\"RangedPrimary\":-4,\"Secondary\":5,\"Channel\":0,\"Duration\":0.0,\"Repeat\":0,\"Root\":5,\"Scale\":1,\"RangeFields\":{\"Primary\":{\"Up\":true,\"Down\":true},\"Secondary\":{\"Up\":true,\"Down\":true},\"Channel\":{\"Up\":false,\"Down\":false},\"Duration\":{\"Up\":false,\"Down\":false},\"Repeat\":{\"Up\":false,\"Down\":false}}},\"path_snap_data\":{},\"color\":{\"B\":255,\"G\":255,\"R\":255,\"A\":255},\"mute\":false,\"pass\":false,\"Origin\":\"-252, -288\",\"SerializablePathTo\":[9],\"SerializablePathFrom\":[7],\"PathMode\":0,\"SignalMode\":0,\"Start\":false}"}
{"type":1,"json":"{\"id\":9,\"label\":\"\",\"midi_data\":{\"Primary\":74,\"Secondary\":50,\"Channel\":1,\"Duration\":1.0,\"Repeat\":0,\"Root\":0,\"Scale\":0},\"relative_midi_data\":{\"Primary\":0,\"RangedPrimary\":0,\"Secondary\":5,\"Channel\":0,\"Duration\":0.0,\"Repeat\":0,\"Root\":0,\"Scale\":0,\"RangeFields\":{\"Primary\":{\"Up\":false,\"Down\":false},\"Secondary\":{\"Up\":true,\"Down\":true},\"Channel\":{\"Up\":false,\"Down\":false},\"Duration\":{\"Up\":false,\"Down\":false},\"Repeat\":{\"Up\":false,\"Down\":false}}},\"path_snap_data\":{},\"color\":{\"B\":255,\"G\":255,\"R\":255,\"A\":255},\"mute\":false,\"pass\":false,\"Origin\":\"-144, -288\",\"SerializablePathTo\":[10],\"SerializablePathFrom\":[8],\"PathMode\":0,\"SignalMode\":0,\"Start\":false}"}
{"type":1,"json":"{\"id\":10,\"label\":\"\",\"midi_data\":{\"Primary\":72,\"Secondary\":50,\"Channel\":1,\"Duration\":1.0,\"Repeat\":0,\"Root\":0,\"Scale\":0},\"relative_midi_data\":{\"Primary\":0,\"RangedPrimary\":0,\"Secondary\":5,\"Channel\":0,\"Duration\":0.0,\"Repeat\":0,\"Root\":0,\"Scale\":0,\"RangeFields\":{\"Primary\":{\"Up\":false,\"Down\":false},\"Secondary\":{\"Up\":true,\"Down\":true},\"Channel\":{\"Up\":false,\"Down\":false},\"Duration\":{\"Up\":false,\"Down\":false},\"Repeat\":{\"Up\":false,\"Down\":false}}},\"path_snap_data\":{},\"color\":{\"B\":255,\"G\":255,\"R\":255,\"A\":255},\"mute\":false,\"pass\":false,\"Origin\":\"-144, -180\",\"SerializablePathTo\":[11],\"SerializablePathFrom\":[9],\"PathMode\":0,\"SignalMode\":0,\"Start\":false}"}
{"type":5,"json":"{\"source_id\":34,\"target_id\":72,\"origin_part\":2,\"destination_part\":3,\"origin_position\":9,\"weight\":1,\"PathMode\":0}"}
{"type":5,"json":"{\"source_id\":72,\"target_id\":39,\"origin_part\":2,\"destination_part\":3,\"origin_position\":9,\"weight\":1,\"PathMode\":0}"}
{"type":5,"json":"{\"source_id\":66,\"target_id\":67,\"origin_part\":2,\"destination_part\":3,\"origin_position\":9,\"weight\":1,\"PathMode\":0}"}
{"type":5,"json":"{\"source_id\":78,\"target_id\":43,\"origin_part\":7,\"destination_part\":0,\"origin_position\":15,\"weight\":1,\"PathMode\":2}"}
{"type":5,"json":"{\"source_id\":69,\"target_id\":70,\"origin_part\":0,\"destination_part\":1,\"origin_position\":0,\"weight\":1,\"PathMode\":0}"}
{"type":5,"json":"{\"source_id\":66,\"target_id\":68,\"origin_part\":3,\"destination_part\":2,\"origin_position\":3,\"weight\":1,\"PathMode\":0}"}
{"type":5,"json":"{\"source_id\":36,\"target_id\":60,\"origin_part\":0,\"destination_part\":1,\"origin_position\":0,\"weight\":1,\"PathMode\":0}"}
{"type":5,"json":"{\"source_id\":36,\"target_id\":59,\"origin_part\":3,\"destination_part\":2,\"origin_position\":3,\"weight\":1,\"PathMode\":0}"}
{"type":5,"json":"{\"source_id\":37,\"target_id\":56,\"origin_part\":2,\"destination_part\":3,\"origin_position\":9,\"weight\":1,\"PathMode\":0}"}
{"type":5,"json":"{\"source_id\":52,\"target_id\":53,\"origin_part\":2,\"destination_part\":3,\"origin_position\":9,\"weight\":1,\"PathMode\":2}"}
{"type":5,"json":"{\"source_id\":32,\"target_id\":37,\"origin_part\":0,\"destination_part\":1,\"origin_position\":0,\"weight\":1,\"PathMode\":0}"}
{"type":5,"json":"{\"source_id\":30,\"target_id\":52,\"origin_part\":4,\"destination_part\":1,\"origin_position\":12,\"weight\":1,\"PathMode\":2}"}
{"type":5,"json":"{\"source_id\":45,\"target_id\":44,\"origin_part\":1,\"destination_part\":0,\"origin_position\":6,\"weight\":1,\"PathMode\":0}"}
{"type":5,"json":"{\"source_id\":63,\"target_id\":65,\"origin_part\":3,\"destination_part\":2,\"origin_position\":3,\"weight\":1,\"PathMode\":0}"}
{"type":5,"json":"{\"source_id\":38,\"target_id\":48,\"origin_part\":1,\"destination_part\":0,\"origin_position\":6,\"weight\":1,\"PathMode\":0}"}
{"type":5,"json":"{\"source_id\":45,\"target_id\":46,\"origin_part\":0,\"destination_part\":1,\"origin_position\":0,\"weight\":1,\"PathMode\":0}"}
{"type":5,"json":"{\"source_id\":75,\"target_id\":76,\"origin_part\":0,\"destination_part\":1,\"origin_position\":1,\"weight\":1,\"PathMode\":2}"}
{"type":5,"json":"{\"source_id\":63,\"target_id\":64,\"origin_part\":2,\"destination_part\":3,\"origin_position\":9,\"weight\":1,\"PathMode\":0}"}
{"type":5,"json":"{\"source_id\":35,\"target_id\":69,\"origin_part\":2,\"destination_part\":3,\"origin_position\":9,\"weight\":1,\"PathMode\":0}"}
{"type":5,"json":"{\"source_id\":52,\"target_id\":54,\"origin_part\":3,\"destination_part\":2,\"origin_position\":3,\"weight\":1,\"PathMode\":2}"}
{"type":5,"json":"{\"source_id\":37,\"target_id\":57,\"origin_part\":0,\"destination_part\":1,\"origin_position\":0,\"weight\":1,\"PathMode\":0}"}
{"type":5,"json":"{\"source_id\":36,\"target_id\":58,\"origin_part\":2,\"destination_part\":3,\"origin_position\":9,\"weight\":1,\"PathMode\":0}"}
{"type":5,"json":"{\"source_id\":37,\"target_id\":55,\"origin_part\":3,\"destination_part\":2,\"origin_position\":3,\"weight\":1,\"PathMode\":0}"}
{"type":5,"json":"{\"source_id\":30,\"target_id\":75,\"origin_part\":5,\"destination_part\":0,\"origin_position\":13,\"weight\":1,\"PathMode\":2}"}
{"type":5,"json":"{\"source_id\":30,\"target_id\":78,\"origin_part\":7,\"destination_part\":0,\"origin_position\":15,\"weight\":1,\"PathMode\":2}"}
{"type":5,"json":"{\"source_id\":75,\"target_id\":77,\"origin_part\":3,\"destination_part\":2,\"origin_position\":4,\"weight\":1,\"PathMode\":2}"}
{"type":5,"json":"{\"source_id\":38,\"target_id\":49,\"origin_part\":2,\"destination_part\":3,\"origin_position\":9,\"weight\":1,\"PathMode\":0}"}
{"type":5,"json":"{\"source_id\":38,\"target_id\":47,\"origin_part\":0,\"destination_part\":1,\"origin_position\":0,\"weight\":1,\"PathMode\":0}"}
{"type":5,"json":"{\"source_id\":66,\"target_id\":35,\"origin_part\":1,\"destination_part\":0,\"origin_position\":6,\"weight\":1,\"PathMode\":0}"}
{"type":5,"json":"{\"source_id\":52,\"target_id\":32,\"origin_part\":0,\"destination_part\":1,\"origin_position\":0,\"weight\":1,\"PathMode\":2}"}
{"type":5,"json":"{\"source_id\":45,\"target_id\":33,\"origin_part\":2,\"destination_part\":3,\"origin_position\":9,\"weight\":1,\"PathMode\":0}"}
{"type":5,"json":"{\"source_id\":78,\"target_id\":80,\"origin_part\":1,\"destination_part\":0,\"origin_position\":6,\"weight\":1,\"PathMode\":2}"}
{"type":5,"json":"{\"source_id\":75,\"target_id\":42,\"origin_part\":5,\"destination_part\":0,\"origin_position\":13,\"weight\":1,\"PathMode\":2}"}
{"type":5,"json":"{\"source_id\":78,\"target_id\":79,\"origin_part\":0,\"destination_part\":1,\"origin_position\":0,\"weight\":1,\"PathMode\":2}"}
{"type":5,"json":"{\"source_id\":72,\"target_id\":74,\"origin_part\":1,\"destination_part\":0,\"origin_position\":6,\"weight\":1,\"PathMode\":0}"}
{"type":5,"json":"{\"source_id\":69,\"target_id\":71,\"origin_part\":1,\"destination_part\":0,\"origin_position\":6,\"weight\":1,\"PathMode\":0}"}
{"type":5,"json":"{\"source_id\":72,\"target_id\":73,\"origin_part\":0,\"destination_part\":1,\"origin_position\":0,\"weight\":1,\"PathMode\":0}"}
{"type":5,"json":"{\"source_id\":43,\"target_id\":82,\"origin_part\":3,\"destination_part\":0,\"origin_position\":3,\"weight\":1,\"PathMode\":0}"}
{"type":5,"json":"{\"source_id\":93,\"target_id\":94,\"origin_part\":3,\"destination_part\":1,\"origin_position\":4,\"weight\":1,\"PathMode\":0}"}
{"type":5,"json":"{\"source_id\":7,\"target_id\":96,\"origin_part\":3,\"destination_part\":0,\"origin_position\":4,\"weight\":1,\"PathMode\":0}"}
{"type":5,"json":"{\"source_id\":7,\"target_id\":97,\"origin_part\":3,\"destination_part\":1,\"origin_position\":5,\"weight\":1,\"PathMode\":0}"}
{"type":5,"json":"{\"source_id\":93,\"target_id\":30,\"origin_part\":2,\"destination_part\":3,\"origin_position\":9,\"weight\":1,\"PathMode\":0}"}
{"type":5,"json":"{\"source_id\":93,\"target_id\":95,\"origin_part\":3,\"destination_part\":0,\"origin_position\":5,\"weight\":1,\"PathMode\":0}"}
{"type":5,"json":"{\"source_id\":89,\"target_id\":91,\"origin_part\":0,\"destination_part\":1,\"origin_position\":0,\"weight\":1,\"PathMode\":0}"}
{"type":5,"json":"{\"source_id\":88,\"target_id\":89,\"origin_part\":0,\"destination_part\":1,\"origin_position\":0,\"weight\":1,\"PathMode\":0}"}
{"type":5,"json":"{\"source_id\":89,\"target_id\":90,\"origin_part\":2,\"destination_part\":3,\"origin_position\":9,\"weight\":1,\"PathMode\":0}"}
{"type":5,"json":"{\"source_id\":86,\"target_id\":87,\"origin_part\":0,\"destination_part\":1,\"origin_position\":0,\"weight\":1,\"PathMode\":0}"}
{"type":5,"json":"{\"source_id\":87,\"target_id\":88,\"origin_part\":2,\"destination_part\":3,\"origin_position\":9,\"weight\":1,\"PathMode\":0}"}
{"type":5,"json":"{\"source_id\":89,\"target_id\":92,\"origin_part\":3,\"destination_part\":2,\"origin_position\":3,\"weight\":1,\"PathMode\":0}"}
{"type":5,"json":"{\"source_id\":85,\"target_id\":86,\"origin_part\":0,\"destination_part\":1,\"origin_position\":0,\"weight\":1,\"PathMode\":0}"}
{"type":5,"json":"{\"source_id\":84,\"target_id\":85,\"origin_part\":3,\"destination_part\":2,\"origin_position\":3,\"weight\":1,\"PathMode\":0}"}
{"type":5,"json":"{\"source_id\":30,\"target_id\":66,\"origin_part\":1,\"destination_part\":0,\"origin_position\":6,\"weight\":1,\"PathMode\":2}"}
{"type":5,"json":"{\"source_id\":69,\"target_id\":34,\"origin_part\":2,\"destination_part\":3,\"origin_position\":9,\"weight\":1,\"PathMode\":0}"}
{"type":5,"json":"{\"source_id\":83,\"target_id\":84,\"origin_part\":3,\"destination_part\":2,\"origin_position\":3,\"weight\":1,\"PathMode\":0}"}
{"type":5,"json":"{\"source_id\":82,\"target_id\":83,\"origin_part\":3,\"destination_part\":2,\"origin_position\":3,\"weight\":1,\"PathMode\":0}"}
{"type":5,"json":"{\"source_id\":30,\"target_id\":45,\"origin_part\":2,\"destination_part\":3,\"origin_position\":9,\"weight\":1,\"PathMode\":2}"}
{"type":5,"json":"{\"source_id\":75,\"target_id\":81,\"origin_part\":3,\"destination_part\":0,\"origin_position\":4,\"weight\":1,\"PathMode\":2}"}
{"type":5,"json":"{\"source_id\":36,\"target_id\":31,\"origin_part\":1,\"destination_part\":0,\"origin_position\":6,\"weight\":100,\"PathMode\":0}"}
{"type":5,"json":"{\"source_id\":0,\"target_id\":93,\"origin_part\":2,\"destination_part\":3,\"origin_position\":9,\"weight\":1,\"PathMode\":0}"}
{"type":5,"json":"{\"source_id\":14,\"target_id\":15,\"origin_part\":2,\"destination_part\":3,\"origin_position\":9,\"weight\":1,\"PathMode\":0}"}
{"type":5,"json":"{\"source_id\":13,\"target_id\":14,\"origin_part\":2,\"destination_part\":3,\"origin_position\":9,\"weight\":1,\"PathMode\":0}"}
{"type":5,"json":"{\"source_id\":16,\"target_id\":17,\"origin_part\":2,\"destination_part\":1,\"origin_position\":9,\"weight\":1,\"PathMode\":0}"}
{"type":5,"json":"{\"source_id\":17,\"target_id\":0,\"origin_part\":0,\"destination_part\":1,\"origin_position\":0,\"weight\":1,\"PathMode\":0}"}
{"type":5,"json":"{\"source_id\":33,\"target_id\":38,\"origin_part\":2,\"destination_part\":3,\"origin_position\":9,\"weight\":1,\"PathMode\":0}"}
{"type":5,"json":"{\"source_id\":12,\"target_id\":13,\"origin_part\":2,\"destination_part\":1,\"origin_position\":9,\"weight\":1,\"PathMode\":0}"}
{"type":5,"json":"{\"source_id\":15,\"target_id\":16,\"origin_part\":2,\"destination_part\":3,\"origin_position\":9,\"weight\":1,\"PathMode\":0}"}
{"type":5,"json":"{\"source_id\":15,\"target_id\":19,\"origin_part\":0,\"destination_part\":1,\"origin_position\":0,\"weight\":1,\"PathMode\":0}"}
{"type":5,"json":"{\"source_id\":19,\"target_id\":17,\"origin_part\":2,\"destination_part\":3,\"origin_position\":9,\"weight\":1,\"PathMode\":0}"}
{"type":5,"json":"{\"source_id\":10,\"target_id\":11,\"origin_part\":1,\"destination_part\":0,\"origin_position\":6,\"weight\":1,\"PathMode\":0}"}
{"type":5,"json":"{\"source_id\":0,\"target_id\":7,\"origin_part\":3,\"destination_part\":2,\"origin_position\":3,\"weight\":1,\"PathMode\":0}"}
{"type":5,"json":"{\"source_id\":8,\"target_id\":9,\"origin_part\":3,\"destination_part\":2,\"origin_position\":3,\"weight\":1,\"PathMode\":0}"}
{"type":5,"json":"{\"source_id\":11,\"target_id\":12,\"origin_part\":2,\"destination_part\":3,\"origin_position\":9,\"weight\":1,\"PathMode\":0}"}
{"type":5,"json":"{\"source_id\":7,\"target_id\":8,\"origin_part\":3,\"destination_part\":2,\"origin_position\":3,\"weight\":1,\"PathMode\":0}"}
{"type":5,"json":"{\"source_id\":9,\"target_id\":10,\"origin_part\":1,\"destination_part\":0,\"origin_position\":6,\"weight\":1,\"PathMode\":0}"}
{"type":6,"json":"{\"tempo\":100.0,\"grid_size\":4,\"beat_division\":4,\"beat_division_selector_index\":1,\"doc_scale\":5,\"scale_selector_index\":4,\"clock_source\":2,\"camera_position\":\"-511.91235, -322.62384\"}"}
