{"type":0,"json":"\"1.0.5\""}
{"type":1,"json":"{\"id\":67,\"label\":\"\",\"midi_data\":{\"Primary\":60,\"Secondary\":100,\"Channel\":2,\"Duration\":1.0,\"Repeat\":0,\"Root\":0,\"Scale\":0},\"relative_midi_data\":{\"Primary\":-4,\"RangedPrimary\":60,\"Secondary\":0,\"Channel\":0,\"Duration\":0.0,\"Repeat\":0,\"Root\":0,\"Scale\":0,\"RangeFields\":{\"Primary\":{\"Up\":false,\"Down\":false},\"Secondary\":{\"Up\":false,\"Down\":false},\"Channel\":{\"Up\":false,\"Down\":false},\"Duration\":{\"Up\":false,\"Down\":false},\"Repeat\":{\"Up\":false,\"Down\":false}},\"Pass\":{\"Primary\":false,\"Secondary\":true,\"Channel\":false,\"Duration\":false,\"Repeat\":false}},\"path_snap_data\":{},\"color\":{\"B\":255,\"G\":255,\"R\":255,\"A\":255},\"force_scale\":false,\"mute\":false,\"pass\":false,\"group_data\":{\"Groups\":[false,false,false,false,false,false,false,false,false,false]},\"Origin\":\"-36, -72\",\"SerializablePathTo\":[64],\"SerializablePathFrom\":[66],\"PathMode\":0,\"SignalMode\":0,\"Start\":false}"}
{"type":1,"json":"{\"id\":62,\"label\":\"\",\"midi_data\":{\"Primary\":72,\"Secondary\":60,\"Channel\":2,\"Duration\":0.25,\"Repeat\":0,\"Root\":0,\"Scale\":0},\"relative_midi_data\":{\"Primary\":3,\"RangedPrimary\":2,\"Secondary\":40,\"Channel\":0,\"Duration\":0.0,\"Repeat\":0,\"Root\":0,\"Scale\":0,\"RangeFields\":{\"Primary\":{\"Up\":true,\"Down\":true},\"Secondary\":{\"Up\":true,\"Down\":true},\"Channel\":{\"Up\":false,\"Down\":false},\"Duration\":{\"Up\":false,\"Down\":false},\"Repeat\":{\"Up\":false,\"Down\":false}},\"Pass\":{\"Primary\":false,\"Secondary\":false,\"Channel\":false,\"Duration\":false,\"Repeat\":false}},\"path_snap_data\":{},\"color\":{\"B\":255,\"G\":255,\"R\":255,\"A\":255},\"force_scale\":false,\"mute\":false,\"pass\":false,\"group_data\":{\"Groups\":[false,false,false,false,false,false,false,false,false,false]},\"Origin\":\"-144, -72\",\"SerializablePathTo\":[63,61,64],\"SerializablePathFrom\":[61,63,64],\"PathMode\":0,\"SignalMode\":2,\"Start\":false}"}
{"type":1,"json":"{\"id\":63,\"label\":\"\",\"midi_data\":{\"Primary\":72,\"Secondary\":60,\"Channel\":2,\"Duration\":0.25,\"Repeat\":0,\"Root\":0,\"Scale\":0},\"relative_midi_data\":{\"Primary\":1,\"RangedPrimary\":1,\"Secondary\":40,\"Channel\":0,\"Duration\":0.0,\"Repeat\":0,\"Root\":0,\"Scale\":0,\"RangeFields\":{\"Primary\":{\"Up\":false,\"Down\":false},\"Secondary\":{\"Up\":true,\"Down\":true},\"Channel\":{\"Up\":false,\"Down\":false},\"Duration\":{\"Up\":false,\"Down\":false},\"Repeat\":{\"Up\":false,\"Down\":false}},\"Pass\":{\"Primary\":false,\"Secondary\":false,\"Channel\":false,\"Duration\":false,\"Repeat\":false}},\"path_snap_data\":{},\"color\":{\"B\":255,\"G\":255,\"R\":255,\"A\":255},\"force_scale\":false,\"mute\":false,\"pass\":false,\"group_data\":{\"Groups\":[false,false,false,false,false,false,false,false,false,false]},\"Origin\":\"-144, 0\",\"SerializablePathTo\":[62],\"SerializablePathFrom\":[62],\"PathMode\":0,\"SignalMode\":0,\"Start\":false}"}
{"type":1,"json":"{\"id\":70,\"label\":\"\",\"midi_data\":{\"Primary\":61,\"Secondary\":100,\"Channel\":1,\"Duration\":9.0,\"Repeat\":0,\"Root\":0,\"Scale\":0},\"relative_midi_data\":{\"Primary\":0,\"RangedPrimary\":0,\"Secondary\":0,\"Channel\":0,\"Duration\":0.0,\"Repeat\":0,\"Root\":0,\"Scale\":0,\"RangeFields\":{\"Primary\":{\"Up\":false,\"Down\":false},\"Secondary\":{\"Up\":false,\"Down\":false},\"Channel\":{\"Up\":false,\"Down\":false},\"Duration\":{\"Up\":false,\"Down\":false},\"Repeat\":{\"Up\":false,\"Down\":false}},\"Pass\":{\"Primary\":false,\"Secondary\":false,\"Channel\":false,\"Duration\":false,\"Repeat\":false}},\"path_snap_data\":{},\"color\":{\"B\":255,\"G\":255,\"R\":255,\"A\":255},\"force_scale\":false,\"mute\":false,\"pass\":false,\"group_data\":{\"Groups\":[false,false,false,false,false,false,false,false,false,false]},\"Origin\":\"216, 324\",\"SerializablePathTo\":[72],\"SerializablePathFrom\":[69],\"PathMode\":0,\"SignalMode\":0,\"Start\":false}"}
{"type":1,"json":"{\"id\":72,\"label\":\"\",\"midi_data\":{\"Primary\":56,\"Secondary\":100,\"Channel\":1,\"Duration\":9.0,\"Repeat\":0,\"Root\":0,\"Scale\":0},\"relative_midi_data\":{\"Primary\":0,\"RangedPrimary\":0,\"Secondary\":0,\"Channel\":0,\"Duration\":0.0,\"Repeat\":0,\"Root\":0,\"Scale\":0,\"RangeFields\":{\"Primary\":{\"Up\":false,\"Down\":false},\"Secondary\":{\"Up\":false,\"Down\":false},\"Channel\":{\"Up\":false,\"Down\":false},\"Duration\":{\"Up\":false,\"Down\":false},\"Repeat\":{\"Up\":false,\"Down\":false}},\"Pass\":{\"Primary\":false,\"Secondary\":false,\"Channel\":false,\"Duration\":false,\"Repeat\":false}},\"path_snap_data\":{},\"color\":{\"B\":255,\"G\":255,\"R\":255,\"A\":255},\"force_scale\":false,\"mute\":false,\"pass\":false,\"group_data\":{\"Groups\":[false,false,false,false,false,false,false,false,false,false]},\"Origin\":\"-216, 324\",\"SerializablePathTo\":[68],\"SerializablePathFrom\":[70],\"PathMode\":0,\"SignalMode\":0,\"Start\":false}"}
{"type":1,"json":"{\"id\":68,\"label\":\"\",\"midi_data\":{\"Primary\":46,\"Secondary\":100,\"Channel\":1,\"Duration\":9.0,\"Repeat\":0,\"Root\":0,\"Scale\":0},\"relative_midi_data\":{\"Primary\":0,\"RangedPrimary\":0,\"Secondary\":0,\"Channel\":0,\"Duration\":0.0,\"Repeat\":0,\"Root\":0,\"Scale\":0,\"RangeFields\":{\"Primary\":{\"Up\":false,\"Down\":false},\"Secondary\":{\"Up\":false,\"Down\":false},\"Channel\":{\"Up\":false,\"Down\":false},\"Duration\":{\"Up\":false,\"Down\":false},\"Repeat\":{\"Up\":false,\"Down\":false}},\"Pass\":{\"Primary\":false,\"Secondary\":false,\"Channel\":false,\"Duration\":false,\"Repeat\":false}},\"path_snap_data\":{},\"color\":{\"B\":255,\"G\":255,\"R\":255,\"A\":255},\"force_scale\":false,\"mute\":false,\"pass\":false,\"group_data\":{\"Groups\":[false,false,false,false,false,false,false,false,false,false]},\"Origin\":\"-216, -108\",\"SerializablePathTo\":[69],\"SerializablePathFrom\":[72],\"PathMode\":0,\"SignalMode\":0,\"Start\":true}"}
{"type":1,"json":"{\"id\":66,\"label\":\"\",\"midi_data\":{\"Primary\":60,\"Secondary\":100,\"Channel\":2,\"Duration\":1.0,\"Repeat\":0,\"Root\":0,\"Scale\":0},\"relative_midi_data\":{\"Primary\":-1,\"RangedPrimary\":60,\"Secondary\":0,\"Channel\":0,\"Duration\":0.0,\"Repeat\":0,\"Root\":0,\"Scale\":0,\"RangeFields\":{\"Primary\":{\"Up\":false,\"Down\":false},\"Secondary\":{\"Up\":false,\"Down\":false},\"Channel\":{\"Up\":false,\"Down\":false},\"Duration\":{\"Up\":false,\"Down\":false},\"Repeat\":{\"Up\":false,\"Down\":false}},\"Pass\":{\"Primary\":false,\"Secondary\":true,\"Channel\":false,\"Duration\":false,\"Repeat\":false}},\"path_snap_data\":{},\"color\":{\"B\":255,\"G\":255,\"R\":255,\"A\":255},\"force_scale\":false,\"mute\":false,\"pass\":false,\"group_data\":{\"Groups\":[false,false,false,false,false,false,false,false,false,false]},\"Origin\":\"-36, -36\",\"SerializablePathTo\":[67],\"SerializablePathFrom\":[65],\"PathMode\":0,\"SignalMode\":0,\"Start\":false}"}
{"type":1,"json":"{\"id\":61,\"label\":\"\",\"midi_data\":{\"Primary\":72,\"Secondary\":60,\"Channel\":2,\"Duration\":0.25,\"Repeat\":0,\"Root\":0,\"Scale\":0},\"relative_midi_data\":{\"Primary\":1,\"RangedPrimary\":-6,\"Secondary\":40,\"Channel\":0,\"Duration\":0.0,\"Repeat\":0,\"Root\":0,\"Scale\":0,\"RangeFields\":{\"Primary\":{\"Up\":false,\"Down\":false},\"Secondary\":{\"Up\":true,\"Down\":true},\"Channel\":{\"Up\":false,\"Down\":false},\"Duration\":{\"Up\":false,\"Down\":false},\"Repeat\":{\"Up\":false,\"Down\":false}},\"Pass\":{\"Primary\":false,\"Secondary\":false,\"Channel\":false,\"Duration\":false,\"Repeat\":false}},\"path_snap_data\":{},\"color\":{\"B\":255,\"G\":255,\"R\":255,\"A\":255},\"force_scale\":false,\"mute\":false,\"pass\":false,\"group_data\":{\"Groups\":[false,false,false,false,false,false,false,false,false,false]},\"Origin\":\"-180, -72\",\"SerializablePathTo\":[62],\"SerializablePathFrom\":[62],\"PathMode\":0,\"SignalMode\":0,\"Start\":true}"}
{"type":1,"json":"{\"id\":64,\"label\":\"\",\"midi_data\":{\"Primary\":60,\"Secondary\":100,\"Channel\":2,\"Duration\":3.0,\"Repeat\":0,\"Root\":0,\"Scale\":0},\"relative_midi_data\":{\"Primary\":7,\"RangedPrimary\":0,\"Secondary\":40,\"Channel\":0,\"Duration\":0.0,\"Repeat\":0,\"Root\":0,\"Scale\":0,\"RangeFields\":{\"Primary\":{\"Up\":false,\"Down\":false},\"Secondary\":{\"Up\":false,\"Down\":false},\"Channel\":{\"Up\":false,\"Down\":false},\"Duration\":{\"Up\":false,\"Down\":false},\"Repeat\":{\"Up\":false,\"Down\":false}},\"Pass\":{\"Primary\":false,\"Secondary\":false,\"Channel\":false,\"Duration\":false,\"Repeat\":false}},\"path_snap_data\":{},\"color\":{\"B\":255,\"G\":255,\"R\":255,\"A\":255},\"force_scale\":false,\"mute\":false,\"pass\":false,\"group_data\":{\"Groups\":[false,false,false,false,false,false,false,false,false,false]},\"Origin\":\"-72, -72\",\"SerializablePathTo\":[62,65],\"SerializablePathFrom\":[62,67],\"PathMode\":0,\"SignalMode\":2,\"Start\":false}"}
{"type":1,"json":"{\"id\":69,\"label\":\"\",\"midi_data\":{\"Primary\":51,\"Secondary\":100,\"Channel\":1,\"Duration\":9.0,\"Repeat\":0,\"Root\":0,\"Scale\":0},\"relative_midi_data\":{\"Primary\":0,\"RangedPrimary\":0,\"Secondary\":0,\"Channel\":0,\"Duration\":0.0,\"Repeat\":0,\"Root\":0,\"Scale\":0,\"RangeFields\":{\"Primary\":{\"Up\":false,\"Down\":false},\"Secondary\":{\"Up\":false,\"Down\":false},\"Channel\":{\"Up\":false,\"Down\":false},\"Duration\":{\"Up\":false,\"Down\":false},\"Repeat\":{\"Up\":false,\"Down\":false}},\"Pass\":{\"Primary\":false,\"Secondary\":false,\"Channel\":false,\"Duration\":false,\"Repeat\":false}},\"path_snap_data\":{},\"color\":{\"B\":255,\"G\":255,\"R\":255,\"A\":255},\"force_scale\":false,\"mute\":false,\"pass\":false,\"group_data\":{\"Groups\":[false,false,false,false,false,false,false,false,false,false]},\"Origin\":\"216, -108\",\"SerializablePathTo\":[70],\"SerializablePathFrom\":[68],\"PathMode\":0,\"SignalMode\":0,\"Start\":false}"}
{"type":1,"json":"{\"id\":65,\"label\":\"\",\"midi_data\":{\"Primary\":60,\"Secondary\":100,\"Channel\":2,\"Duration\":1.0,\"Repeat\":0,\"Root\":0,\"Scale\":0},\"relative_midi_data\":{\"Primary\":1,\"RangedPrimary\":0,\"Secondary\":0,\"Channel\":0,\"Duration\":0.0,\"Repeat\":0,\"Root\":0,\"Scale\":0,\"RangeFields\":{\"Primary\":{\"Up\":false,\"Down\":false},\"Secondary\":{\"Up\":false,\"Down\":false},\"Channel\":{\"Up\":false,\"Down\":false},\"Duration\":{\"Up\":false,\"Down\":false},\"Repeat\":{\"Up\":false,\"Down\":false}},\"Pass\":{\"Primary\":false,\"Secondary\":true,\"Channel\":false,\"Duration\":false,\"Repeat\":false}},\"path_snap_data\":{},\"color\":{\"B\":255,\"G\":255,\"R\":255,\"A\":255},\"force_scale\":false,\"mute\":false,\"pass\":false,\"group_data\":{\"Groups\":[false,false,false,false,false,false,false,false,false,false]},\"Origin\":\"-72, -36\",\"SerializablePathTo\":[66],\"SerializablePathFrom\":[64],\"PathMode\":0,\"SignalMode\":0,\"Start\":false}"}
{"type":5,"json":"{\"source_id\":62,\"target_id\":61,\"origin_part\":2,\"destination_part\":3,\"origin_position\":11,\"weight\":4,\"PathMode\":0}"}
{"type":5,"json":"{\"source_id\":61,\"target_id\":62,\"origin_part\":3,\"destination_part\":2,\"origin_position\":4,\"weight\":1,\"PathMode\":0}"}
{"type":5,"json":"{\"source_id\":68,\"target_id\":69,\"origin_part\":3,\"destination_part\":2,\"origin_position\":5,\"weight\":1,\"PathMode\":0}"}
{"type":5,"json":"{\"source_id\":65,\"target_id\":66,\"origin_part\":3,\"destination_part\":2,\"origin_position\":4,\"weight\":1,\"PathMode\":0}"}
{"type":5,"json":"{\"source_id\":63,\"target_id\":62,\"origin_part\":0,\"destination_part\":1,\"origin_position\":0,\"weight\":8,\"PathMode\":0}"}
{"type":5,"json":"{\"source_id\":69,\"target_id\":70,\"origin_part\":1,\"destination_part\":0,\"origin_position\":8,\"weight\":1,\"PathMode\":0}"}
{"type":5,"json":"{\"source_id\":70,\"target_id\":72,\"origin_part\":2,\"destination_part\":3,\"origin_position\":10,\"weight\":1,\"PathMode\":0}"}
{"type":5,"json":"{\"source_id\":72,\"target_id\":68,\"origin_part\":0,\"destination_part\":1,\"origin_position\":1,\"weight\":1,\"PathMode\":0}"}
{"type":5,"json":"{\"source_id\":66,\"target_id\":67,\"origin_part\":0,\"destination_part\":1,\"origin_position\":1,\"weight\":1,\"PathMode\":0}"}
{"type":5,"json":"{\"source_id\":67,\"target_id\":64,\"origin_part\":2,\"destination_part\":3,\"origin_position\":10,\"weight\":1,\"PathMode\":0}"}
{"type":5,"json":"{\"source_id\":64,\"target_id\":65,\"origin_part\":1,\"destination_part\":0,\"origin_position\":7,\"weight\":1,\"PathMode\":0}"}
{"type":5,"json":"{\"source_id\":62,\"target_id\":63,\"origin_part\":1,\"destination_part\":0,\"origin_position\":8,\"weight\":6,\"PathMode\":0}"}
{"type":5,"json":"{\"source_id\":62,\"target_id\":64,\"origin_part\":3,\"destination_part\":2,\"origin_position\":4,\"weight\":1,\"PathMode\":0}"}
{"type":5,"json":"{\"source_id\":64,\"target_id\":62,\"origin_part\":2,\"destination_part\":3,\"origin_position\":11,\"weight\":3,\"PathMode\":0}"}
{"type":6,"json":"{\"tempo\":90.0,\"grid_size\":3,\"beat_division\":4,\"beat_division_selector_index\":1,\"doc_scale\":21,\"scale_selector_index\":20,\"clock_source\":2,\"camera_position\":\"-87.16522, 105.737915\"}"}
