{"type":0,"json":"\"1.0.5\""}
{"type":1,"json":"{\"id\":0,\"label\":\"\",\"midi_data\":{\"Primary\":60,\"Secondary\":20,\"Channel\":1,\"Duration\":1.0,\"Repeat\":0,\"Root\":0,\"Scale\":0},\"relative_midi_data\":{\"Primary\":0,\"RangedPrimary\":0,\"Secondary\":80,\"Channel\":0,\"Duration\":0.0,\"Repeat\":0,\"Root\":0,\"Scale\":0,\"RangeFields\":{\"Primary\":{\"Up\":false,\"Down\":false},\"Secondary\":{\"Up\":true,\"Down\":false},\"Channel\":{\"Up\":false,\"Down\":false},\"Duration\":{\"Up\":false,\"Down\":false},\"Repeat\":{\"Up\":false,\"Down\":false}},\"Pass\":{\"Primary\":false,\"Secondary\":false,\"Channel\":false,\"Duration\":false,\"Repeat\":false}},\"path_snap_data\":{},\"color\":{\"B\":255,\"G\":255,\"R\":255,\"A\":255},\"force_scale\":false,\"mute\":false,\"pass\":false,\"group_data\":{\"Groups\":[false,false,false,false,false,false,false,false,false,false]},\"Origin\":\"-360, -324\",\"SerializablePathTo\":[1],\"SerializablePathFrom\":[3],\"PathMode\":0,\"SignalMode\":0,\"Start\":true}"}
{"type":1,"json":"{\"id\":1,\"label\":\"\",\"midi_data\":{\"Primary\":70,\"Secondary\":20,\"Channel\":1,\"Duration\":1.0,\"Repeat\":0,\"Root\":0,\"Scale\":0},\"relative_midi_data\":{\"Primary\":0,\"RangedPrimary\":0,\"Secondary\":80,\"Channel\":0,\"Duration\":0.0,\"Repeat\":0,\"Root\":0,\"Scale\":0,\"RangeFields\":{\"Primary\":{\"Up\":false,\"Down\":false},\"Secondary\":{\"Up\":true,\"Down\":false},\"Channel\":{\"Up\":false,\"Down\":false},\"Duration\":{\"Up\":false,\"Down\":false},\"Repeat\":{\"Up\":false,\"Down\":false}},\"Pass\":{\"Primary\":false,\"Secondary\":false,\"Channel\":false,\"Duration\":false,\"Repeat\":false}},\"path_snap_data\":{},\"color\":{\"B\":255,\"G\":255,\"R\":255,\"A\":255},\"force_scale\":false,\"mute\":false,\"pass\":false,\"group_data\":{\"Groups\":[false,false,false,false,false,false,false,false,false,false]},\"Origin\":\"-288, -324\",\"SerializablePathTo\":[2],\"SerializablePathFrom\":[0],\"PathMode\":0,\"SignalMode\":0,\"Start\":false}"}
{"type":1,"json":"{\"id\":2,\"label\":\"\",\"midi_data\":{\"Primary\":72,\"Secondary\":20,\"Channel\":1,\"Duration\":1.0,\"Repeat\":0,\"Root\":0,\"Scale\":0},\"relative_midi_data\":{\"Primary\":0,\"RangedPrimary\":0,\"Secondary\":80,\"Channel\":0,\"Duration\":0.0,\"Repeat\":0,\"Root\":0,\"Scale\":0,\"RangeFields\":{\"Primary\":{\"Up\":false,\"Down\":false},\"Secondary\":{\"Up\":true,\"Down\":false},\"Channel\":{\"Up\":false,\"Down\":false},\"Duration\":{\"Up\":false,\"Down\":false},\"Repeat\":{\"Up\":false,\"Down\":false}},\"Pass\":{\"Primary\":false,\"Secondary\":false,\"Channel\":false,\"Duration\":false,\"Repeat\":false}},\"path_snap_data\":{},\"color\":{\"B\":255,\"G\":255,\"R\":255,\"A\":255},\"force_scale\":false,\"mute\":false,\"pass\":false,\"group_data\":{\"Groups\":[false,false,false,false,false,false,false,false,false,false]},\"Origin\":\"-324, -288\",\"SerializablePathTo\":[3],\"SerializablePathFrom\":[1],\"PathMode\":0,\"SignalMode\":0,\"Start\":false}"}
{"type":1,"json":"{\"id\":3,\"label\":\"\",\"midi_data\":{\"Primary\":58,\"Secondary\":20,\"Channel\":1,\"Duration\":1.0,\"Repeat\":0,\"Root\":0,\"Scale\":0},\"relative_midi_data\":{\"Primary\":0,\"RangedPrimary\":0,\"Secondary\":80,\"Channel\":0,\"Duration\":0.0,\"Repeat\":0,\"Root\":0,\"Scale\":0,\"RangeFields\":{\"Primary\":{\"Up\":false,\"Down\":false},\"Secondary\":{\"Up\":true,\"Down\":false},\"Channel\":{\"Up\":false,\"Down\":false},\"Duration\":{\"Up\":false,\"Down\":false},\"Repeat\":{\"Up\":false,\"Down\":false}},\"Pass\":{\"Primary\":false,\"Secondary\":false,\"Channel\":false,\"Duration\":false,\"Repeat\":false}},\"path_snap_data\":{},\"color\":{\"B\":255,\"G\":255,\"R\":255,\"A\":255},\"force_scale\":false,\"mute\":false,\"pass\":false,\"group_data\":{\"Groups\":[false,false,false,false,false,false,false,false,false,false]},\"Origin\":\"-396, -252\",\"SerializablePathTo\":[0],\"SerializablePathFrom\":[2],\"PathMode\":0,\"SignalMode\":0,\"Start\":false}"}
{"type":1,"json":"{\"id\":4,\"label\":\"\",\"midi_data\":{\"Primary\":84,\"Secondary\":20,\"Channel\":1,\"Duration\":1.0,\"Repeat\":0,\"Root\":0,\"Scale\":0},\"relative_midi_data\":{\"Primary\":6,\"RangedPrimary\":0,\"Secondary\":80,\"Channel\":0,\"Duration\":0.0,\"Repeat\":0,\"Root\":0,\"Scale\":0,\"RangeFields\":{\"Primary\":{\"Up\":true,\"Down\":true},\"Secondary\":{\"Up\":true,\"Down\":false},\"Channel\":{\"Up\":false,\"Down\":false},\"Duration\":{\"Up\":false,\"Down\":false},\"Repeat\":{\"Up\":false,\"Down\":false}},\"Pass\":{\"Primary\":false,\"Secondary\":false,\"Channel\":false,\"Duration\":false,\"Repeat\":false}},\"path_snap_data\":{},\"color\":{\"B\":255,\"G\":255,\"R\":255,\"A\":255},\"force_scale\":false,\"mute\":false,\"pass\":false,\"group_data\":{\"Groups\":[false,false,false,false,false,false,false,false,false,false]},\"Origin\":\"-324, -180\",\"SerializablePathTo\":[5],\"SerializablePathFrom\":[6],\"PathMode\":0,\"SignalMode\":0,\"Start\":true}"}
{"type":1,"json":"{\"id\":5,\"label\":\"\",\"midi_data\":{\"Primary\":84,\"Secondary\":20,\"Channel\":1,\"Duration\":1.0,\"Repeat\":0,\"Root\":0,\"Scale\":0},\"relative_midi_data\":{\"Primary\":6,\"RangedPrimary\":3,\"Secondary\":80,\"Channel\":0,\"Duration\":0.0,\"Repeat\":0,\"Root\":0,\"Scale\":0,\"RangeFields\":{\"Primary\":{\"Up\":true,\"Down\":true},\"Secondary\":{\"Up\":true,\"Down\":false},\"Channel\":{\"Up\":false,\"Down\":false},\"Duration\":{\"Up\":false,\"Down\":false},\"Repeat\":{\"Up\":false,\"Down\":false}},\"Pass\":{\"Primary\":false,\"Secondary\":false,\"Channel\":false,\"Duration\":false,\"Repeat\":false}},\"path_snap_data\":{},\"color\":{\"B\":255,\"G\":255,\"R\":255,\"A\":255},\"force_scale\":false,\"mute\":false,\"pass\":false,\"group_data\":{\"Groups\":[false,false,false,false,false,false,false,false,false,false]},\"Origin\":\"-288, -216\",\"SerializablePathTo\":[6],\"SerializablePathFrom\":[4],\"PathMode\":0,\"SignalMode\":0,\"Start\":false}"}
{"type":1,"json":"{\"id\":6,\"label\":\"\",\"midi_data\":{\"Primary\":84,\"Secondary\":20,\"Channel\":1,\"Duration\":1.0,\"Repeat\":0,\"Root\":0,\"Scale\":0},\"relative_midi_data\":{\"Primary\":6,\"RangedPrimary\":4,\"Secondary\":80,\"Channel\":0,\"Duration\":0.0,\"Repeat\":0,\"Root\":0,\"Scale\":0,\"RangeFields\":{\"Primary\":{\"Up\":true,\"Down\":true},\"Secondary\":{\"Up\":true,\"Down\":false},\"Channel\":{\"Up\":false,\"Down\":false},\"Duration\":{\"Up\":false,\"Down\":false},\"Repeat\":{\"Up\":false,\"Down\":false}},\"Pass\":{\"Primary\":false,\"Secondary\":false,\"Channel\":false,\"Duration\":false,\"Repeat\":false}},\"path_snap_data\":{},\"color\":{\"B\":255,\"G\":255,\"R\":255,\"A\":255},\"force_scale\":false,\"mute\":false,\"pass\":false,\"group_data\":{\"Groups\":[false,false,false,false,false,false,false,false,false,false]},\"Origin\":\"-252, -252\",\"SerializablePathTo\":[4],\"SerializablePathFrom\":[5],\"PathMode\":0,\"SignalMode\":0,\"Start\":false}"}
{"type":5,"json":"{\"source_id\":0,\"target_id\":1,\"origin_part\":3,\"destination_part\":2,\"origin_position\":3,\"weight\":1,\"PathMode\":0}"}
{"type":5,"json":"{\"source_id\":1,\"target_id\":2,\"origin_part\":2,\"destination_part\":0,\"origin_position\":10,\"weight\":1,\"PathMode\":0}"}
{"type":5,"json":"{\"source_id\":2,\"target_id\":3,\"origin_part\":2,\"destination_part\":0,\"origin_position\":9,\"weight\":1,\"PathMode\":0}"}
{"type":5,"json":"{\"source_id\":3,\"target_id\":0,\"origin_part\":3,\"destination_part\":1,\"origin_position\":4,\"weight\":1,\"PathMode\":0}"}
{"type":5,"json":"{\"source_id\":4,\"target_id\":5,\"origin_part\":3,\"destination_part\":1,\"origin_position\":5,\"weight\":1,\"PathMode\":0}"}
{"type":5,"json":"{\"source_id\":5,\"target_id\":6,\"origin_part\":3,\"destination_part\":1,\"origin_position\":5,\"weight\":1,\"PathMode\":0}"}
{"type":5,"json":"{\"source_id\":6,\"target_id\":4,\"origin_part\":2,\"destination_part\":0,\"origin_position\":11,\"weight\":1,\"PathMode\":0}"}
{"type":6,"json":"{\"tempo\":120.0,\"grid_size\":4,\"beat_division\":4,\"beat_division_selector_index\":1,\"doc_scale\":6,\"scale_selector_index\":5,\"clock_source\":0,\"camera_position\":\"-23, -140\"}"}
