{"type":0,"json":"\"1.0.5\""}
{"type":1,"json":"{\"id\":29,\"label\":\"\",\"midi_data\":{\"Primary\":55,\"Secondary\":100,\"Channel\":1,\"Duration\":1.0,\"Repeat\":0,\"Root\":0,\"Scale\":0},\"relative_midi_data\":{\"Primary\":0,\"RangedPrimary\":0,\"Secondary\":0,\"Channel\":0,\"Duration\":0.0,\"Repeat\":0,\"Root\":0,\"Scale\":0,\"RangeFields\":{\"Primary\":{\"Up\":false,\"Down\":false},\"Secondary\":{\"Up\":false,\"Down\":false},\"Channel\":{\"Up\":false,\"Down\":false},\"Duration\":{\"Up\":false,\"Down\":false},\"Repeat\":{\"Up\":false,\"Down\":false}}},\"path_snap_data\":{},\"color\":{\"B\":255,\"G\":255,\"R\":255,\"A\":255},\"mute\":false,\"pass\":false,\"Origin\":\"-36, 0\",\"SerializablePathTo\":[0],\"SerializablePathFrom\":[5],\"PathMode\":0,\"SignalMode\":0,\"Start\":false}"}
{"type":1,"json":"{\"id\":28,\"label\":\"\",\"midi_data\":{\"Primary\":86,\"Secondary\":100,\"Channel\":1,\"Duration\":3.0,\"Repeat\":0,\"Root\":0,\"Scale\":0},\"relative_midi_data\":{\"Primary\":0,\"RangedPrimary\":0,\"Secondary\":0,\"Channel\":0,\"Duration\":0.0,\"Repeat\":0,\"Root\":0,\"Scale\":0,\"RangeFields\":{\"Primary\":{\"Up\":false,\"Down\":false},\"Secondary\":{\"Up\":false,\"Down\":false},\"Channel\":{\"Up\":false,\"Down\":false},\"Duration\":{\"Up\":false,\"Down\":false},\"Repeat\":{\"Up\":false,\"Down\":false}}},\"path_snap_data\":{},\"color\":{\"B\":255,\"G\":255,\"R\":255,\"A\":255},\"mute\":false,\"pass\":false,\"Origin\":\"288, 324\",\"SerializablePathTo\":[],\"SerializablePathFrom\":[27],\"PathMode\":0,\"SignalMode\":0,\"Start\":false}"}
{"type":1,"json":"{\"id\":27,\"label\":\"\",\"midi_data\":{\"Primary\":81,\"Secondary\":100,\"Channel\":1,\"Duration\":3.0,\"Repeat\":0,\"Root\":0,\"Scale\":0},\"relative_midi_data\":{\"Primary\":0,\"RangedPrimary\":0,\"Secondary\":0,\"Channel\":0,\"Duration\":0.0,\"Repeat\":0,\"Root\":0,\"Scale\":0,\"RangeFields\":{\"Primary\":{\"Up\":false,\"Down\":false},\"Secondary\":{\"Up\":false,\"Down\":false},\"Channel\":{\"Up\":false,\"Down\":false},\"Duration\":{\"Up\":false,\"Down\":false},\"Repeat\":{\"Up\":false,\"Down\":false}}},\"path_snap_data\":{},\"color\":{\"B\":255,\"G\":255,\"R\":255,\"A\":255},\"mute\":false,\"pass\":false,\"Origin\":\"288, 216\",\"SerializablePathTo\":[28],\"SerializablePathFrom\":[26],\"PathMode\":0,\"SignalMode\":0,\"Start\":false}"}
{"type":1,"json":"{\"id\":26,\"label\":\"\",\"midi_data\":{\"Primary\":79,\"Secondary\":100,\"Channel\":1,\"Duration\":3.0,\"Repeat\":0,\"Root\":0,\"Scale\":0},\"relative_midi_data\":{\"Primary\":0,\"RangedPrimary\":0,\"Secondary\":0,\"Channel\":0,\"Duration\":0.0,\"Repeat\":0,\"Root\":0,\"Scale\":0,\"RangeFields\":{\"Primary\":{\"Up\":false,\"Down\":false},\"Secondary\":{\"Up\":false,\"Down\":false},\"Channel\":{\"Up\":false,\"Down\":false},\"Duration\":{\"Up\":false,\"Down\":false},\"Repeat\":{\"Up\":false,\"Down\":false}}},\"path_snap_data\":{},\"color\":{\"B\":255,\"G\":255,\"R\":255,\"A\":255},\"mute\":false,\"pass\":false,\"Origin\":\"288, 108\",\"SerializablePathTo\":[27],\"SerializablePathFrom\":[25],\"PathMode\":0,\"SignalMode\":0,\"Start\":false}"}
{"type":1,"json":"{\"id\":25,\"label\":\"\",\"midi_data\":{\"Primary\":83,\"Secondary\":100,\"Channel\":1,\"Duration\":3.0,\"Repeat\":0,\"Root\":0,\"Scale\":0},\"relative_midi_data\":{\"Primary\":0,\"RangedPrimary\":0,\"Secondary\":0,\"Channel\":0,\"Duration\":0.0,\"Repeat\":0,\"Root\":0,\"Scale\":0,\"RangeFields\":{\"Primary\":{\"Up\":false,\"Down\":false},\"Secondary\":{\"Up\":false,\"Down\":false},\"Channel\":{\"Up\":false,\"Down\":false},\"Duration\":{\"Up\":false,\"Down\":false},\"Repeat\":{\"Up\":false,\"Down\":false}}},\"path_snap_data\":{},\"color\":{\"B\":255,\"G\":255,\"R\":255,\"A\":255},\"mute\":false,\"pass\":false,\"Origin\":\"288, 0\",\"SerializablePathTo\":[26],\"SerializablePathFrom\":[11],\"PathMode\":0,\"SignalMode\":0,\"Start\":false}"}
{"type":1,"json":"{\"id\":24,\"label\":\"\",\"midi_data\":{\"Primary\":69,\"Secondary\":100,\"Channel\":1,\"Duration\":8.0,\"Repeat\":0,\"Root\":0,\"Scale\":0},\"relative_midi_data\":{\"Primary\":0,\"RangedPrimary\":0,\"Secondary\":0,\"Channel\":0,\"Duration\":0.0,\"Repeat\":0,\"Root\":0,\"Scale\":0,\"RangeFields\":{\"Primary\":{\"Up\":false,\"Down\":false},\"Secondary\":{\"Up\":false,\"Down\":false},\"Channel\":{\"Up\":false,\"Down\":false},\"Duration\":{\"Up\":false,\"Down\":false},\"Repeat\":{\"Up\":false,\"Down\":false}}},\"path_snap_data\":{},\"color\":{\"B\":255,\"G\":255,\"R\":255,\"A\":255},\"mute\":false,\"pass\":false,\"Origin\":\"-144, -216\",\"SerializablePathTo\":[10,9],\"SerializablePathFrom\":[4],\"PathMode\":0,\"SignalMode\":1,\"Start\":false}"}
{"type":1,"json":"{\"id\":23,\"label\":\"\",\"midi_data\":{\"Primary\":64,\"Secondary\":100,\"Channel\":1,\"Duration\":2.0,\"Repeat\":0,\"Root\":0,\"Scale\":0},\"relative_midi_data\":{\"Primary\":0,\"RangedPrimary\":0,\"Secondary\":0,\"Channel\":0,\"Duration\":0.0,\"Repeat\":0,\"Root\":0,\"Scale\":0,\"RangeFields\":{\"Primary\":{\"Up\":false,\"Down\":false},\"Secondary\":{\"Up\":false,\"Down\":false},\"Channel\":{\"Up\":false,\"Down\":false},\"Duration\":{\"Up\":false,\"Down\":false},\"Repeat\":{\"Up\":false,\"Down\":false}}},\"path_snap_data\":{},\"color\":{\"B\":255,\"G\":255,\"R\":255,\"A\":255},\"mute\":false,\"pass\":false,\"Origin\":\"-144, -72\",\"SerializablePathTo\":[4],\"SerializablePathFrom\":[6],\"PathMode\":0,\"SignalMode\":0,\"Start\":false}"}
{"type":1,"json":"{\"id\":22,\"label\":\"\",\"midi_data\":{\"Primary\":76,\"Secondary\":100,\"Channel\":1,\"Duration\":6.0,\"Repeat\":0,\"Root\":0,\"Scale\":0},\"relative_midi_data\":{\"Primary\":0,\"RangedPrimary\":0,\"Secondary\":0,\"Channel\":0,\"Duration\":0.0,\"Repeat\":0,\"Root\":0,\"Scale\":0,\"RangeFields\":{\"Primary\":{\"Up\":false,\"Down\":false},\"Secondary\":{\"Up\":false,\"Down\":false},\"Channel\":{\"Up\":false,\"Down\":false},\"Duration\":{\"Up\":false,\"Down\":false},\"Repeat\":{\"Up\":false,\"Down\":false}}},\"path_snap_data\":{},\"color\":{\"B\":255,\"G\":255,\"R\":255,\"A\":255},\"mute\":false,\"pass\":false,\"Origin\":\"216, 144\",\"SerializablePathTo\":[21],\"SerializablePathFrom\":[10],\"PathMode\":1,\"SignalMode\":0,\"Start\":false}"}
{"type":1,"json":"{\"id\":21,\"label\":\"\",\"midi_data\":{\"Primary\":79,\"Secondary\":100,\"Channel\":1,\"Duration\":6.0,\"Repeat\":0,\"Root\":0,\"Scale\":0},\"relative_midi_data\":{\"Primary\":0,\"RangedPrimary\":0,\"Secondary\":0,\"Channel\":0,\"Duration\":0.0,\"Repeat\":0,\"Root\":0,\"Scale\":0,\"RangeFields\":{\"Primary\":{\"Up\":false,\"Down\":false},\"Secondary\":{\"Up\":false,\"Down\":false},\"Channel\":{\"Up\":false,\"Down\":false},\"Duration\":{\"Up\":false,\"Down\":false},\"Repeat\":{\"Up\":false,\"Down\":false}}},\"path_snap_data\":{},\"color\":{\"B\":255,\"G\":255,\"R\":255,\"A\":255},\"mute\":false,\"pass\":false,\"Origin\":\"144, 288\",\"SerializablePathTo\":[20],\"SerializablePathFrom\":[22],\"PathMode\":0,\"SignalMode\":0,\"Start\":false}"}
{"type":1,"json":"{\"id\":20,\"label\":\"\",\"midi_data\":{\"Primary\":72,\"Secondary\":100,\"Channel\":1,\"Duration\":6.0,\"Repeat\":0,\"Root\":0,\"Scale\":0},\"relative_midi_data\":{\"Primary\":0,\"RangedPrimary\":0,\"Secondary\":0,\"Channel\":0,\"Duration\":0.0,\"Repeat\":0,\"Root\":0,\"Scale\":0,\"RangeFields\":{\"Primary\":{\"Up\":false,\"Down\":false},\"Secondary\":{\"Up\":false,\"Down\":false},\"Channel\":{\"Up\":false,\"Down\":false},\"Duration\":{\"Up\":false,\"Down\":false},\"Repeat\":{\"Up\":false,\"Down\":false}}},\"path_snap_data\":{},\"color\":{\"B\":255,\"G\":255,\"R\":255,\"A\":255},\"mute\":false,\"pass\":false,\"Origin\":\"-72, 288\",\"SerializablePathTo\":[19],\"SerializablePathFrom\":[21],\"PathMode\":0,\"SignalMode\":0,\"Start\":false}"}
{"type":1,"json":"{\"id\":19,\"label\":\"\",\"midi_data\":{\"Primary\":71,\"Secondary\":100,\"Channel\":1,\"Duration\":6.0,\"Repeat\":0,\"Root\":0,\"Scale\":0},\"relative_midi_data\":{\"Primary\":0,\"RangedPrimary\":0,\"Secondary\":0,\"Channel\":0,\"Duration\":0.0,\"Repeat\":0,\"Root\":0,\"Scale\":0,\"RangeFields\":{\"Primary\":{\"Up\":false,\"Down\":false},\"Secondary\":{\"Up\":false,\"Down\":false},\"Channel\":{\"Up\":false,\"Down\":false},\"Duration\":{\"Up\":false,\"Down\":false},\"Repeat\":{\"Up\":false,\"Down\":false}}},\"path_snap_data\":{},\"color\":{\"B\":255,\"G\":255,\"R\":255,\"A\":255},\"mute\":false,\"pass\":false,\"Origin\":\"-288, 288\",\"SerializablePathTo\":[18],\"SerializablePathFrom\":[20],\"PathMode\":0,\"SignalMode\":0,\"Start\":false}"}
{"type":1,"json":"{\"id\":18,\"label\":\"\",\"midi_data\":{\"Primary\":67,\"Secondary\":100,\"Channel\":1,\"Duration\":6.0,\"Repeat\":0,\"Root\":0,\"Scale\":0},\"relative_midi_data\":{\"Primary\":0,\"RangedPrimary\":0,\"Secondary\":0,\"Channel\":0,\"Duration\":0.0,\"Repeat\":0,\"Root\":0,\"Scale\":0,\"RangeFields\":{\"Primary\":{\"Up\":false,\"Down\":false},\"Secondary\":{\"Up\":false,\"Down\":false},\"Channel\":{\"Up\":false,\"Down\":false},\"Duration\":{\"Up\":false,\"Down\":false},\"Repeat\":{\"Up\":false,\"Down\":false}}},\"path_snap_data\":{},\"color\":{\"B\":255,\"G\":255,\"R\":255,\"A\":255},\"mute\":false,\"pass\":false,\"Origin\":\"-288, 72\",\"SerializablePathTo\":[17],\"SerializablePathFrom\":[19],\"PathMode\":0,\"SignalMode\":0,\"Start\":false}"}
{"type":1,"json":"{\"id\":17,\"label\":\"\",\"midi_data\":{\"Primary\":64,\"Secondary\":100,\"Channel\":1,\"Duration\":6.0,\"Repeat\":0,\"Root\":0,\"Scale\":0},\"relative_midi_data\":{\"Primary\":0,\"RangedPrimary\":0,\"Secondary\":0,\"Channel\":0,\"Duration\":0.0,\"Repeat\":0,\"Root\":0,\"Scale\":0,\"RangeFields\":{\"Primary\":{\"Up\":false,\"Down\":false},\"Secondary\":{\"Up\":false,\"Down\":false},\"Channel\":{\"Up\":false,\"Down\":false},\"Duration\":{\"Up\":false,\"Down\":false},\"Repeat\":{\"Up\":false,\"Down\":false}}},\"path_snap_data\":{},\"color\":{\"B\":255,\"G\":255,\"R\":255,\"A\":255},\"mute\":false,\"pass\":false,\"Origin\":\"-360, -72\",\"SerializablePathTo\":[16],\"SerializablePathFrom\":[18],\"PathMode\":0,\"SignalMode\":0,\"Start\":false}"}
{"type":1,"json":"{\"id\":16,\"label\":\"\",\"midi_data\":{\"Primary\":67,\"Secondary\":100,\"Channel\":1,\"Duration\":6.0,\"Repeat\":0,\"Root\":0,\"Scale\":0},\"relative_midi_data\":{\"Primary\":0,\"RangedPrimary\":0,\"Secondary\":0,\"Channel\":0,\"Duration\":0.0,\"Repeat\":0,\"Root\":0,\"Scale\":0,\"RangeFields\":{\"Primary\":{\"Up\":false,\"Down\":false},\"Secondary\":{\"Up\":false,\"Down\":false},\"Channel\":{\"Up\":false,\"Down\":false},\"Duration\":{\"Up\":false,\"Down\":false},\"Repeat\":{\"Up\":false,\"Down\":false}}},\"path_snap_data\":{},\"color\":{\"B\":255,\"G\":255,\"R\":255,\"A\":255},\"mute\":false,\"pass\":false,\"Origin\":\"-360, -288\",\"SerializablePathTo\":[15],\"SerializablePathFrom\":[17],\"PathMode\":0,\"SignalMode\":0,\"Start\":false}"}
{"type":1,"json":"{\"id\":15,\"label\":\"\",\"midi_data\":{\"Primary\":60,\"Secondary\":100,\"Channel\":1,\"Duration\":6.0,\"Repeat\":0,\"Root\":0,\"Scale\":0},\"relative_midi_data\":{\"Primary\":0,\"RangedPrimary\":0,\"Secondary\":0,\"Channel\":0,\"Duration\":0.0,\"Repeat\":0,\"Root\":0,\"Scale\":0,\"RangeFields\":{\"Primary\":{\"Up\":false,\"Down\":false},\"Secondary\":{\"Up\":false,\"Down\":false},\"Channel\":{\"Up\":false,\"Down\":false},\"Duration\":{\"Up\":false,\"Down\":false},\"Repeat\":{\"Up\":false,\"Down\":false}}},\"path_snap_data\":{},\"color\":{\"B\":255,\"G\":255,\"R\":255,\"A\":255},\"mute\":false,\"pass\":false,\"Origin\":\"-144, -288\",\"SerializablePathTo\":[14,3],\"SerializablePathFrom\":[16],\"PathMode\":0,\"SignalMode\":0,\"Start\":false}"}
{"type":1,"json":"{\"id\":14,\"label\":\"\",\"midi_data\":{\"Primary\":84,\"Secondary\":100,\"Channel\":1,\"Duration\":1.0,\"Repeat\":0,\"Root\":0,\"Scale\":0},\"relative_midi_data\":{\"Primary\":0,\"RangedPrimary\":0,\"Secondary\":0,\"Channel\":0,\"Duration\":0.0,\"Repeat\":0,\"Root\":0,\"Scale\":0,\"RangeFields\":{\"Primary\":{\"Up\":false,\"Down\":false},\"Secondary\":{\"Up\":false,\"Down\":false},\"Channel\":{\"Up\":false,\"Down\":false},\"Duration\":{\"Up\":false,\"Down\":false},\"Repeat\":{\"Up\":false,\"Down\":false}}},\"path_snap_data\":{},\"color\":{\"B\":255,\"G\":255,\"R\":255,\"A\":255},\"mute\":false,\"pass\":false,\"Origin\":\"144, -288\",\"SerializablePathTo\":[13],\"SerializablePathFrom\":[15],\"PathMode\":0,\"SignalMode\":0,\"Start\":false}"}
{"type":1,"json":"{\"id\":13,\"label\":\"\",\"midi_data\":{\"Primary\":83,\"Secondary\":100,\"Channel\":1,\"Duration\":3.0,\"Repeat\":0,\"Root\":0,\"Scale\":0},\"relative_midi_data\":{\"Primary\":0,\"RangedPrimary\":0,\"Secondary\":0,\"Channel\":0,\"Duration\":0.0,\"Repeat\":0,\"Root\":0,\"Scale\":0,\"RangeFields\":{\"Primary\":{\"Up\":false,\"Down\":false},\"Secondary\":{\"Up\":false,\"Down\":false},\"Channel\":{\"Up\":false,\"Down\":false},\"Duration\":{\"Up\":false,\"Down\":false},\"Repeat\":{\"Up\":false,\"Down\":false}}},\"path_snap_data\":{},\"color\":{\"B\":255,\"G\":255,\"R\":255,\"A\":255},\"mute\":false,\"pass\":false,\"Origin\":\"252, -288\",\"SerializablePathTo\":[12],\"SerializablePathFrom\":[14],\"PathMode\":0,\"SignalMode\":0,\"Start\":false}"}
{"type":1,"json":"{\"id\":12,\"label\":\"\",\"midi_data\":{\"Primary\":79,\"Secondary\":100,\"Channel\":1,\"Duration\":3.0,\"Repeat\":0,\"Root\":0,\"Scale\":0},\"relative_midi_data\":{\"Primary\":0,\"RangedPrimary\":0,\"Secondary\":0,\"Channel\":0,\"Duration\":0.0,\"Repeat\":0,\"Root\":0,\"Scale\":0,\"RangeFields\":{\"Primary\":{\"Up\":false,\"Down\":false},\"Secondary\":{\"Up\":false,\"Down\":false},\"Channel\":{\"Up\":false,\"Down\":false},\"Duration\":{\"Up\":false,\"Down\":false},\"Repeat\":{\"Up\":false,\"Down\":false}}},\"path_snap_data\":{},\"color\":{\"B\":255,\"G\":255,\"R\":255,\"A\":255},\"mute\":false,\"pass\":false,\"Origin\":\"288, -216\",\"SerializablePathTo\":[11],\"SerializablePathFrom\":[13],\"PathMode\":0,\"SignalMode\":0,\"Start\":false}"}
{"type":1,"json":"{\"id\":11,\"label\":\"\",\"midi_data\":{\"Primary\":76,\"Secondary\":100,\"Channel\":1,\"Duration\":3.0,\"Repeat\":0,\"Root\":0,\"Scale\":0},\"relative_midi_data\":{\"Primary\":0,\"RangedPrimary\":0,\"Secondary\":0,\"Channel\":0,\"Duration\":0.0,\"Repeat\":0,\"Root\":0,\"Scale\":0,\"RangeFields\":{\"Primary\":{\"Up\":false,\"Down\":false},\"Secondary\":{\"Up\":false,\"Down\":false},\"Channel\":{\"Up\":false,\"Down\":false},\"Duration\":{\"Up\":false,\"Down\":false},\"Repeat\":{\"Up\":false,\"Down\":false}}},\"path_snap_data\":{},\"color\":{\"B\":255,\"G\":255,\"R\":255,\"A\":255},\"mute\":false,\"pass\":false,\"Origin\":\"288, -108\",\"SerializablePathTo\":[25],\"SerializablePathFrom\":[12],\"PathMode\":0,\"SignalMode\":0,\"Start\":false}"}
{"type":1,"json":"{\"id\":10,\"label\":\"\",\"midi_data\":{\"Primary\":74,\"Secondary\":100,\"Channel\":1,\"Duration\":6.0,\"Repeat\":0,\"Root\":0,\"Scale\":0},\"relative_midi_data\":{\"Primary\":0,\"RangedPrimary\":0,\"Secondary\":0,\"Channel\":0,\"Duration\":0.0,\"Repeat\":0,\"Root\":0,\"Scale\":0,\"RangeFields\":{\"Primary\":{\"Up\":false,\"Down\":false},\"Secondary\":{\"Up\":false,\"Down\":false},\"Channel\":{\"Up\":false,\"Down\":false},\"Duration\":{\"Up\":false,\"Down\":false},\"Repeat\":{\"Up\":false,\"Down\":false}}},\"path_snap_data\":{},\"color\":{\"B\":255,\"G\":255,\"R\":255,\"A\":255},\"mute\":false,\"pass\":false,\"Origin\":\"216, -72\",\"SerializablePathTo\":[22],\"SerializablePathFrom\":[24],\"PathMode\":0,\"SignalMode\":0,\"Start\":false}"}
{"type":1,"json":"{\"id\":9,\"label\":\"\",\"midi_data\":{\"Primary\":60,\"Secondary\":100,\"Channel\":1,\"Duration\":1.0,\"Repeat\":0,\"Root\":0,\"Scale\":0},\"relative_midi_data\":{\"Primary\":0,\"RangedPrimary\":0,\"Secondary\":0,\"Channel\":0,\"Duration\":0.0,\"Repeat\":0,\"Root\":0,\"Scale\":0,\"RangeFields\":{\"Primary\":{\"Up\":false,\"Down\":false},\"Secondary\":{\"Up\":false,\"Down\":false},\"Channel\":{\"Up\":false,\"Down\":false},\"Duration\":{\"Up\":false,\"Down\":false},\"Repeat\":{\"Up\":false,\"Down\":false}}},\"path_snap_data\":{},\"color\":{\"B\":255,\"G\":255,\"R\":255,\"A\":255},\"mute\":true,\"pass\":false,\"Origin\":\"180, -36\",\"SerializablePathTo\":[0],\"SerializablePathFrom\":[24],\"PathMode\":0,\"SignalMode\":3,\"Start\":false}"}
{"type":1,"json":"{\"id\":8,\"label\":\"\",\"midi_data\":{\"Primary\":59,\"Secondary\":100,\"Channel\":1,\"Duration\":4.0,\"Repeat\":0,\"Root\":0,\"Scale\":0},\"relative_midi_data\":{\"Primary\":0,\"RangedPrimary\":0,\"Secondary\":0,\"Channel\":0,\"Duration\":0.0,\"Repeat\":0,\"Root\":0,\"Scale\":0,\"RangeFields\":{\"Primary\":{\"Up\":false,\"Down\":false},\"Secondary\":{\"Up\":false,\"Down\":false},\"Channel\":{\"Up\":false,\"Down\":false},\"Duration\":{\"Up\":false,\"Down\":false},\"Repeat\":{\"Up\":false,\"Down\":false}}},\"path_snap_data\":{},\"color\":{\"B\":255,\"G\":255,\"R\":255,\"A\":255},\"mute\":false,\"pass\":false,\"Origin\":\"0, 144\",\"SerializablePathTo\":[7],\"SerializablePathFrom\":[0],\"PathMode\":0,\"SignalMode\":0,\"Start\":false}"}
{"type":1,"json":"{\"id\":7,\"label\":\"\",\"midi_data\":{\"Primary\":60,\"Secondary\":100,\"Channel\":1,\"Duration\":4.0,\"Repeat\":0,\"Root\":0,\"Scale\":0},\"relative_midi_data\":{\"Primary\":0,\"RangedPrimary\":0,\"Secondary\":0,\"Channel\":0,\"Duration\":0.0,\"Repeat\":0,\"Root\":0,\"Scale\":0,\"RangeFields\":{\"Primary\":{\"Up\":false,\"Down\":false},\"Secondary\":{\"Up\":false,\"Down\":false},\"Channel\":{\"Up\":false,\"Down\":false},\"Duration\":{\"Up\":false,\"Down\":false},\"Repeat\":{\"Up\":false,\"Down\":false}}},\"path_snap_data\":{},\"color\":{\"B\":255,\"G\":255,\"R\":255,\"A\":255},\"mute\":false,\"pass\":false,\"Origin\":\"-144, 144\",\"SerializablePathTo\":[6],\"SerializablePathFrom\":[8],\"PathMode\":0,\"SignalMode\":0,\"Start\":false}"}
{"type":1,"json":"{\"id\":6,\"label\":\"\",\"midi_data\":{\"Primary\":62,\"Secondary\":100,\"Channel\":1,\"Duration\":2.0,\"Repeat\":0,\"Root\":0,\"Scale\":0},\"relative_midi_data\":{\"Primary\":0,\"RangedPrimary\":0,\"Secondary\":0,\"Channel\":0,\"Duration\":0.0,\"Repeat\":0,\"Root\":0,\"Scale\":0,\"RangeFields\":{\"Primary\":{\"Up\":false,\"Down\":false},\"Secondary\":{\"Up\":false,\"Down\":false},\"Channel\":{\"Up\":false,\"Down\":false},\"Duration\":{\"Up\":false,\"Down\":false},\"Repeat\":{\"Up\":false,\"Down\":false}}},\"path_snap_data\":{},\"color\":{\"B\":255,\"G\":255,\"R\":255,\"A\":255},\"mute\":false,\"pass\":false,\"Origin\":\"-144, 0\",\"SerializablePathTo\":[23],\"SerializablePathFrom\":[7],\"PathMode\":0,\"SignalMode\":0,\"Start\":false}"}
{"type":1,"json":"{\"id\":5,\"label\":\"\",\"midi_data\":{\"Primary\":69,\"Secondary\":100,\"Channel\":1,\"Duration\":4.0,\"Repeat\":0,\"Root\":0,\"Scale\":0},\"relative_midi_data\":{\"Primary\":0,\"RangedPrimary\":0,\"Secondary\":0,\"Channel\":0,\"Duration\":0.0,\"Repeat\":0,\"Root\":0,\"Scale\":0,\"RangeFields\":{\"Primary\":{\"Up\":false,\"Down\":false},\"Secondary\":{\"Up\":false,\"Down\":false},\"Channel\":{\"Up\":false,\"Down\":false},\"Duration\":{\"Up\":false,\"Down\":false},\"Repeat\":{\"Up\":false,\"Down\":false}}},\"path_snap_data\":{},\"color\":{\"B\":255,\"G\":255,\"R\":255,\"A\":255},\"mute\":false,\"pass\":false,\"Origin\":\"-288, -144\",\"SerializablePathTo\":[29],\"SerializablePathFrom\":[3],\"PathMode\":1,\"SignalMode\":0,\"Start\":false}"}
{"type":1,"json":"{\"id\":4,\"label\":\"\",\"midi_data\":{\"Primary\":67,\"Secondary\":100,\"Channel\":1,\"Duration\":2.0,\"Repeat\":0,\"Root\":0,\"Scale\":0},\"relative_midi_data\":{\"Primary\":0,\"RangedPrimary\":0,\"Secondary\":0,\"Channel\":0,\"Duration\":0.0,\"Repeat\":0,\"Root\":0,\"Scale\":0,\"RangeFields\":{\"Primary\":{\"Up\":false,\"Down\":false},\"Secondary\":{\"Up\":false,\"Down\":false},\"Channel\":{\"Up\":false,\"Down\":false},\"Duration\":{\"Up\":false,\"Down\":false},\"Repeat\":{\"Up\":false,\"Down\":false}}},\"path_snap_data\":{},\"color\":{\"B\":255,\"G\":255,\"R\":255,\"A\":255},\"mute\":false,\"pass\":false,\"Origin\":\"-144, -144\",\"SerializablePathTo\":[24],\"SerializablePathFrom\":[23],\"PathMode\":0,\"SignalMode\":0,\"Start\":false}"}
{"type":1,"json":"{\"id\":3,\"label\":\"\",\"midi_data\":{\"Primary\":71,\"Secondary\":100,\"Channel\":1,\"Duration\":8.0,\"Repeat\":0,\"Root\":0,\"Scale\":0},\"relative_midi_data\":{\"Primary\":0,\"RangedPrimary\":0,\"Secondary\":0,\"Channel\":0,\"Duration\":0.0,\"Repeat\":0,\"Root\":0,\"Scale\":0,\"RangeFields\":{\"Primary\":{\"Up\":false,\"Down\":false},\"Secondary\":{\"Up\":false,\"Down\":false},\"Channel\":{\"Up\":false,\"Down\":false},\"Duration\":{\"Up\":false,\"Down\":false},\"Repeat\":{\"Up\":false,\"Down\":false}}},\"path_snap_data\":{},\"color\":{\"B\":255,\"G\":255,\"R\":255,\"A\":255},\"mute\":false,\"pass\":false,\"Origin\":\"0, -144\",\"SerializablePathTo\":[5],\"SerializablePathFrom\":[2,15],\"PathMode\":0,\"SignalMode\":0,\"Start\":false}"}
{"type":1,"json":"{\"id\":2,\"label\":\"\",\"midi_data\":{\"Primary\":67,\"Secondary\":100,\"Channel\":1,\"Duration\":4.0,\"Repeat\":0,\"Root\":0,\"Scale\":0},\"relative_midi_data\":{\"Primary\":0,\"RangedPrimary\":0,\"Secondary\":0,\"Channel\":0,\"Duration\":0.0,\"Repeat\":0,\"Root\":0,\"Scale\":0,\"RangeFields\":{\"Primary\":{\"Up\":false,\"Down\":false},\"Secondary\":{\"Up\":false,\"Down\":false},\"Channel\":{\"Up\":false,\"Down\":false},\"Duration\":{\"Up\":false,\"Down\":false},\"Repeat\":{\"Up\":false,\"Down\":false}}},\"path_snap_data\":{},\"color\":{\"B\":255,\"G\":255,\"R\":255,\"A\":255},\"mute\":false,\"pass\":false,\"Origin\":\"144, -144\",\"SerializablePathTo\":[3],\"SerializablePathFrom\":[1],\"PathMode\":0,\"SignalMode\":0,\"Start\":false}"}
{"type":1,"json":"{\"id\":1,\"label\":\"\",\"midi_data\":{\"Primary\":64,\"Secondary\":100,\"Channel\":1,\"Duration\":4.0,\"Repeat\":0,\"Root\":0,\"Scale\":0},\"relative_midi_data\":{\"Primary\":0,\"RangedPrimary\":0,\"Secondary\":0,\"Channel\":0,\"Duration\":0.0,\"Repeat\":0,\"Root\":0,\"Scale\":0,\"RangeFields\":{\"Primary\":{\"Up\":false,\"Down\":false},\"Secondary\":{\"Up\":false,\"Down\":false},\"Channel\":{\"Up\":false,\"Down\":false},\"Duration\":{\"Up\":false,\"Down\":false},\"Repeat\":{\"Up\":false,\"Down\":false}}},\"path_snap_data\":{},\"color\":{\"B\":255,\"G\":255,\"R\":255,\"A\":255},\"mute\":false,\"pass\":false,\"Origin\":\"144, 0\",\"SerializablePathTo\":[2],\"SerializablePathFrom\":[0],\"PathMode\":0,\"SignalMode\":0,\"Start\":false}"}
{"type":1,"json":"{\"id\":0,\"label\":\"\",\"midi_data\":{\"Primary\":60,\"Secondary\":100,\"Channel\":1,\"Duration\":4.0,\"Repeat\":0,\"Root\":0,\"Scale\":0},\"relative_midi_data\":{\"Primary\":0,\"RangedPrimary\":0,\"Secondary\":0,\"Channel\":0,\"Duration\":0.0,\"Repeat\":0,\"Root\":0,\"Scale\":0,\"RangeFields\":{\"Primary\":{\"Up\":false,\"Down\":false},\"Secondary\":{\"Up\":false,\"Down\":false},\"Channel\":{\"Up\":false,\"Down\":false},\"Duration\":{\"Up\":false,\"Down\":false},\"Repeat\":{\"Up\":false,\"Down\":false}}},\"path_snap_data\":{},\"color\":{\"B\":255,\"G\":255,\"R\":255,\"A\":255},\"mute\":false,\"pass\":false,\"Origin\":\"0, 0\",\"SerializablePathTo\":[1,8],\"SerializablePathFrom\":[29,9],\"PathMode\":0,\"SignalMode\":0,\"Start\":true}"}
{"type":5,"json":"{\"source_id\":0,\"target_id\":8,\"origin_part\":1,\"destination_part\":0,\"origin_position\":6,\"weight\":1,\"PathMode\":0}"}
{"type":5,"json":"{\"source_id\":26,\"target_id\":27,\"origin_part\":1,\"destination_part\":0,\"origin_position\":6,\"weight\":1,\"PathMode\":0}"}
{"type":5,"json":"{\"source_id\":10,\"target_id\":22,\"origin_part\":1,\"destination_part\":0,\"origin_position\":6,\"weight\":1,\"PathMode\":0}"}
{"type":5,"json":"{\"source_id\":15,\"target_id\":3,\"origin_part\":3,\"destination_part\":0,\"origin_position\":4,\"weight\":1,\"PathMode\":0}"}
{"type":5,"json":"{\"source_id\":21,\"target_id\":20,\"origin_part\":2,\"destination_part\":3,\"origin_position\":9,\"weight\":1,\"PathMode\":0}"}
{"type":5,"json":"{\"source_id\":6,\"target_id\":23,\"origin_part\":0,\"destination_part\":1,\"origin_position\":0,\"weight\":1,\"PathMode\":0}"}
{"type":5,"json":"{\"source_id\":4,\"target_id\":24,\"origin_part\":0,\"destination_part\":1,\"origin_position\":0,\"weight\":1,\"PathMode\":0}"}
{"type":5,"json":"{\"source_id\":8,\"target_id\":7,\"origin_part\":2,\"destination_part\":3,\"origin_position\":9,\"weight\":1,\"PathMode\":0}"}
{"type":5,"json":"{\"source_id\":16,\"target_id\":15,\"origin_part\":3,\"destination_part\":2,\"origin_position\":3,\"weight\":1,\"PathMode\":0}"}
{"type":5,"json":"{\"source_id\":14,\"target_id\":13,\"origin_part\":3,\"destination_part\":2,\"origin_position\":3,\"weight\":1,\"PathMode\":0}"}
{"type":5,"json":"{\"source_id\":24,\"target_id\":10,\"origin_part\":3,\"destination_part\":0,\"origin_position\":3,\"weight\":1,\"PathMode\":0}"}
{"type":5,"json":"{\"source_id\":15,\"target_id\":14,\"origin_part\":3,\"destination_part\":2,\"origin_position\":3,\"weight\":1,\"PathMode\":0}"}
{"type":5,"json":"{\"source_id\":9,\"target_id\":0,\"origin_part\":2,\"destination_part\":0,\"origin_position\":9,\"weight\":1,\"PathMode\":0}"}
{"type":5,"json":"{\"source_id\":18,\"target_id\":17,\"origin_part\":2,\"destination_part\":1,\"origin_position\":9,\"weight\":1,\"PathMode\":0}"}
{"type":5,"json":"{\"source_id\":2,\"target_id\":3,\"origin_part\":2,\"destination_part\":3,\"origin_position\":9,\"weight\":1,\"PathMode\":0}"}
{"type":5,"json":"{\"source_id\":13,\"target_id\":12,\"origin_part\":3,\"destination_part\":0,\"origin_position\":3,\"weight\":1,\"PathMode\":0}"}
{"type":5,"json":"{\"source_id\":19,\"target_id\":18,\"origin_part\":0,\"destination_part\":1,\"origin_position\":0,\"weight\":1,\"PathMode\":0}"}
{"type":5,"json":"{\"source_id\":11,\"target_id\":25,\"origin_part\":1,\"destination_part\":0,\"origin_position\":6,\"weight\":1,\"PathMode\":0}"}
{"type":5,"json":"{\"source_id\":22,\"target_id\":21,\"origin_part\":1,\"destination_part\":3,\"origin_position\":6,\"weight\":1,\"PathMode\":1}"}
{"type":5,"json":"{\"source_id\":29,\"target_id\":0,\"origin_part\":3,\"destination_part\":2,\"origin_position\":3,\"weight\":1,\"PathMode\":0}"}
{"type":5,"json":"{\"source_id\":0,\"target_id\":1,\"origin_part\":3,\"destination_part\":2,\"origin_position\":3,\"weight\":1,\"PathMode\":0}"}
{"type":5,"json":"{\"source_id\":25,\"target_id\":26,\"origin_part\":1,\"destination_part\":0,\"origin_position\":6,\"weight\":1,\"PathMode\":0}"}
{"type":5,"json":"{\"source_id\":24,\"target_id\":9,\"origin_part\":3,\"destination_part\":0,\"origin_position\":4,\"weight\":1,\"PathMode\":0}"}
{"type":5,"json":"{\"source_id\":12,\"target_id\":11,\"origin_part\":1,\"destination_part\":0,\"origin_position\":6,\"weight\":1,\"PathMode\":0}"}
{"type":5,"json":"{\"source_id\":7,\"target_id\":6,\"origin_part\":0,\"destination_part\":1,\"origin_position\":0,\"weight\":1,\"PathMode\":0}"}
{"type":5,"json":"{\"source_id\":23,\"target_id\":4,\"origin_part\":0,\"destination_part\":1,\"origin_position\":0,\"weight\":1,\"PathMode\":0}"}
{"type":5,"json":"{\"source_id\":27,\"target_id\":28,\"origin_part\":1,\"destination_part\":0,\"origin_position\":6,\"weight\":1,\"PathMode\":0}"}
{"type":5,"json":"{\"source_id\":1,\"target_id\":2,\"origin_part\":0,\"destination_part\":1,\"origin_position\":0,\"weight\":1,\"PathMode\":0}"}
{"type":5,"json":"{\"source_id\":17,\"target_id\":16,\"origin_part\":0,\"destination_part\":1,\"origin_position\":0,\"weight\":1,\"PathMode\":0}"}
{"type":5,"json":"{\"source_id\":3,\"target_id\":5,\"origin_part\":2,\"destination_part\":3,\"origin_position\":9,\"weight\":1,\"PathMode\":0}"}
{"type":5,"json":"{\"source_id\":20,\"target_id\":19,\"origin_part\":2,\"destination_part\":3,\"origin_position\":9,\"weight\":1,\"PathMode\":0}"}
{"type":5,"json":"{\"source_id\":5,\"target_id\":29,\"origin_part\":1,\"destination_part\":2,\"origin_position\":6,\"weight\":1,\"PathMode\":1}"}
{"type":6,"json":"{\"tempo\":80.0,\"grid_size\":4,\"beat_division\":8,\"beat_division_selector_index\":2,\"doc_scale\":5,\"scale_selector_index\":4,\"clock_source\":2,\"camera_position\":\"41.321426, -14.401564\"}"}
