{"type":0,"json":"\"1.0.5\""}
{"type":1,"json":"{\"id\":142,\"label\":\"synth1 - midi ch 1\",\"midi_data\":{\"Primary\":63,\"Secondary\":100,\"Channel\":1,\"Duration\":1.0,\"Repeat\":0,\"Root\":0,\"Scale\":0},\"relative_midi_data\":{\"Primary\":3,\"RangedPrimary\":0,\"Secondary\":0,\"Channel\":0,\"Duration\":7.0,\"Repeat\":0,\"Root\":0,\"Scale\":0,\"RangeFields\":{\"Primary\":{\"Up\":false,\"Down\":false},\"Secondary\":{\"Up\":false,\"Down\":false},\"Channel\":{\"Up\":false,\"Down\":false},\"Duration\":{\"Up\":false,\"Down\":false},\"Repeat\":{\"Up\":false,\"Down\":false}}},\"path_snap_data\":{},\"color\":{\"B\":4,\"G\":0,\"R\":255,\"A\":255},\"mute\":false,\"pass\":false,\"Origin\":\"-1260, -324\",\"SerializablePathTo\":[],\"SerializablePathFrom\":[],\"PathMode\":0,\"SignalMode\":0,\"Start\":false}"}
{"type":1,"json":"{\"id\":141,\"label\":\"drums - midi ch 2\",\"midi_data\":{\"Primary\":41,\"Secondary\":100,\"Channel\":2,\"Duration\":1.0,\"Repeat\":0,\"Root\":0,\"Scale\":0},\"relative_midi_data\":{\"Primary\":0,\"RangedPrimary\":0,\"Secondary\":-10,\"Channel\":0,\"Duration\":0.0,\"Repeat\":0,\"Root\":0,\"Scale\":0,\"RangeFields\":{\"Primary\":{\"Up\":false,\"Down\":false},\"Secondary\":{\"Up\":false,\"Down\":false},\"Channel\":{\"Up\":false,\"Down\":false},\"Duration\":{\"Up\":false,\"Down\":false},\"Repeat\":{\"Up\":false,\"Down\":false}}},\"path_snap_data\":{},\"color\":{\"B\":255,\"G\":255,\"R\":85,\"A\":255},\"mute\":false,\"pass\":false,\"Origin\":\"-1260, -252\",\"SerializablePathTo\":[],\"SerializablePathFrom\":[],\"PathMode\":0,\"SignalMode\":0,\"Start\":false}"}
{"type":1,"json":"{\"id\":140,\"label\":\"drums\",\"midi_data\":{\"Primary\":41,\"Secondary\":100,\"Channel\":2,\"Duration\":1.0,\"Repeat\":0,\"Root\":0,\"Scale\":0},\"relative_midi_data\":{\"Primary\":0,\"RangedPrimary\":0,\"Secondary\":-10,\"Channel\":0,\"Duration\":0.0,\"Repeat\":0,\"Root\":0,\"Scale\":0,\"RangeFields\":{\"Primary\":{\"Up\":false,\"Down\":false},\"Secondary\":{\"Up\":false,\"Down\":false},\"Channel\":{\"Up\":false,\"Down\":false},\"Duration\":{\"Up\":false,\"Down\":false},\"Repeat\":{\"Up\":false,\"Down\":false}}},\"path_snap_data\":{},\"color\":{\"B\":255,\"G\":255,\"R\":85,\"A\":255},\"mute\":false,\"pass\":false,\"Origin\":\"-864, -396\",\"SerializablePathTo\":[],\"SerializablePathFrom\":[99],\"PathMode\":0,\"SignalMode\":0,\"Start\":false}"}
{"type":1,"json":"{\"id\":90,\"label\":\"\",\"midi_data\":{\"Primary\":42,\"Secondary\":100,\"Channel\":2,\"Duration\":1.0,\"Repeat\":0,\"Root\":0,\"Scale\":0},\"relative_midi_data\":{\"Primary\":0,\"RangedPrimary\":0,\"Secondary\":2,\"Channel\":0,\"Duration\":0.0,\"Repeat\":0,\"Root\":0,\"Scale\":0,\"RangeFields\":{\"Primary\":{\"Up\":false,\"Down\":false},\"Secondary\":{\"Up\":false,\"Down\":false},\"Channel\":{\"Up\":false,\"Down\":false},\"Duration\":{\"Up\":false,\"Down\":false},\"Repeat\":{\"Up\":false,\"Down\":false}}},\"path_snap_data\":{},\"color\":{\"B\":255,\"G\":255,\"R\":85,\"A\":255},\"mute\":false,\"pass\":false,\"Origin\":\"-864, -288\",\"SerializablePathTo\":[93,96],\"SerializablePathFrom\":[83],\"PathMode\":0,\"SignalMode\":1,\"Start\":false}"}
{"type":1,"json":"{\"id\":89,\"label\":\"\",\"midi_data\":{\"Primary\":40,\"Secondary\":100,\"Channel\":2,\"Duration\":1.0,\"Repeat\":0,\"Root\":0,\"Scale\":0},\"relative_midi_data\":{\"Primary\":0,\"RangedPrimary\":0,\"Secondary\":-10,\"Channel\":0,\"Duration\":0.0,\"Repeat\":0,\"Root\":0,\"Scale\":0,\"RangeFields\":{\"Primary\":{\"Up\":false,\"Down\":false},\"Secondary\":{\"Up\":false,\"Down\":false},\"Channel\":{\"Up\":false,\"Down\":false},\"Duration\":{\"Up\":false,\"Down\":false},\"Repeat\":{\"Up\":false,\"Down\":false}}},\"path_snap_data\":{},\"color\":{\"B\":255,\"G\":255,\"R\":255,\"A\":255},\"mute\":false,\"pass\":false,\"Origin\":\"-756, -432\",\"SerializablePathTo\":[88,87],\"SerializablePathFrom\":[88],\"PathMode\":0,\"SignalMode\":0,\"Start\":false}"}
{"type":1,"json":"{\"id\":120,\"label\":\"synth1\",\"midi_data\":{\"Primary\":63,\"Secondary\":100,\"Channel\":1,\"Duration\":1.0,\"Repeat\":0,\"Root\":0,\"Scale\":0},\"relative_midi_data\":{\"Primary\":3,\"RangedPrimary\":0,\"Secondary\":0,\"Channel\":0,\"Duration\":7.0,\"Repeat\":0,\"Root\":0,\"Scale\":0,\"RangeFields\":{\"Primary\":{\"Up\":false,\"Down\":false},\"Secondary\":{\"Up\":false,\"Down\":false},\"Channel\":{\"Up\":false,\"Down\":false},\"Duration\":{\"Up\":false,\"Down\":false},\"Repeat\":{\"Up\":false,\"Down\":false}}},\"path_snap_data\":{},\"color\":{\"B\":4,\"G\":0,\"R\":255,\"A\":255},\"mute\":false,\"pass\":false,\"Origin\":\"-612, -216\",\"SerializablePathTo\":[121,127],\"SerializablePathFrom\":[119,124],\"PathMode\":0,\"SignalMode\":0,\"Start\":false}"}
{"type":1,"json":"{\"id\":118,\"label\":\"\",\"midi_data\":{\"Primary\":63,\"Secondary\":100,\"Channel\":1,\"Duration\":1.0,\"Repeat\":0,\"Root\":0,\"Scale\":0},\"relative_midi_data\":{\"Primary\":-5,\"RangedPrimary\":0,\"Secondary\":0,\"Channel\":0,\"Duration\":0.0,\"Repeat\":0,\"Root\":0,\"Scale\":0,\"RangeFields\":{\"Primary\":{\"Up\":false,\"Down\":false},\"Secondary\":{\"Up\":false,\"Down\":false},\"Channel\":{\"Up\":false,\"Down\":false},\"Duration\":{\"Up\":false,\"Down\":false},\"Repeat\":{\"Up\":false,\"Down\":false}}},\"path_snap_data\":{},\"color\":{\"B\":4,\"G\":0,\"R\":255,\"A\":255},\"mute\":false,\"pass\":false,\"Origin\":\"-612, 108\",\"SerializablePathTo\":[119],\"SerializablePathFrom\":[117],\"PathMode\":0,\"SignalMode\":0,\"Start\":false}"}
{"type":1,"json":"{\"id\":88,\"label\":\"\",\"midi_data\":{\"Primary\":40,\"Secondary\":100,\"Channel\":2,\"Duration\":1.0,\"Repeat\":0,\"Root\":0,\"Scale\":0},\"relative_midi_data\":{\"Primary\":0,\"RangedPrimary\":0,\"Secondary\":-12,\"Channel\":0,\"Duration\":0.0,\"Repeat\":0,\"Root\":0,\"Scale\":0,\"RangeFields\":{\"Primary\":{\"Up\":false,\"Down\":false},\"Secondary\":{\"Up\":false,\"Down\":false},\"Channel\":{\"Up\":false,\"Down\":false},\"Duration\":{\"Up\":false,\"Down\":false},\"Repeat\":{\"Up\":false,\"Down\":false}}},\"path_snap_data\":{},\"color\":{\"B\":255,\"G\":255,\"R\":255,\"A\":255},\"mute\":false,\"pass\":false,\"Origin\":\"-756, -396\",\"SerializablePathTo\":[97,89],\"SerializablePathFrom\":[87,89],\"PathMode\":0,\"SignalMode\":0,\"Start\":false}"}
{"type":1,"json":"{\"id\":119,\"label\":\"\",\"midi_data\":{\"Primary\":63,\"Secondary\":100,\"Channel\":1,\"Duration\":1.0,\"Repeat\":0,\"Root\":0,\"Scale\":0},\"relative_midi_data\":{\"Primary\":-5,\"RangedPrimary\":0,\"Secondary\":0,\"Channel\":0,\"Duration\":0.0,\"Repeat\":0,\"Root\":0,\"Scale\":0,\"RangeFields\":{\"Primary\":{\"Up\":false,\"Down\":false},\"Secondary\":{\"Up\":false,\"Down\":false},\"Channel\":{\"Up\":false,\"Down\":false},\"Duration\":{\"Up\":false,\"Down\":false},\"Repeat\":{\"Up\":false,\"Down\":false}}},\"path_snap_data\":{},\"color\":{\"B\":4,\"G\":0,\"R\":255,\"A\":255},\"mute\":false,\"pass\":false,\"Origin\":\"-864, -72\",\"SerializablePathTo\":[120],\"SerializablePathFrom\":[118],\"PathMode\":0,\"SignalMode\":0,\"Start\":false}"}
{"type":1,"json":"{\"id\":115,\"label\":\"\",\"midi_data\":{\"Primary\":42,\"Secondary\":100,\"Channel\":3,\"Duration\":1.0,\"Repeat\":0,\"Root\":0,\"Scale\":0},\"relative_midi_data\":{\"Primary\":0,\"RangedPrimary\":0,\"Secondary\":0,\"Channel\":0,\"Duration\":0.0,\"Repeat\":0,\"Root\":0,\"Scale\":0,\"RangeFields\":{\"Primary\":{\"Up\":false,\"Down\":false},\"Secondary\":{\"Up\":false,\"Down\":false},\"Channel\":{\"Up\":false,\"Down\":false},\"Duration\":{\"Up\":false,\"Down\":false},\"Repeat\":{\"Up\":false,\"Down\":false}}},\"path_snap_data\":{},\"color\":{\"B\":255,\"G\":255,\"R\":255,\"A\":255},\"mute\":false,\"pass\":false,\"Origin\":\"-324, -180\",\"SerializablePathTo\":[116],\"SerializablePathFrom\":[114],\"PathMode\":0,\"SignalMode\":0,\"Start\":false}"}
{"type":1,"json":"{\"id\":87,\"label\":\"\",\"midi_data\":{\"Primary\":40,\"Secondary\":100,\"Channel\":2,\"Duration\":1.0,\"Repeat\":0,\"Root\":0,\"Scale\":0},\"relative_midi_data\":{\"Primary\":0,\"RangedPrimary\":0,\"Secondary\":-5,\"Channel\":0,\"Duration\":0.0,\"Repeat\":0,\"Root\":0,\"Scale\":0,\"RangeFields\":{\"Primary\":{\"Up\":false,\"Down\":false},\"Secondary\":{\"Up\":false,\"Down\":false},\"Channel\":{\"Up\":false,\"Down\":false},\"Duration\":{\"Up\":false,\"Down\":false},\"Repeat\":{\"Up\":false,\"Down\":false}}},\"path_snap_data\":{},\"color\":{\"B\":255,\"G\":255,\"R\":255,\"A\":255},\"mute\":false,\"pass\":false,\"Origin\":\"-684, -360\",\"SerializablePathTo\":[88],\"SerializablePathFrom\":[83,89],\"PathMode\":0,\"SignalMode\":0,\"Start\":false}"}
{"type":1,"json":"{\"id\":128,\"label\":\"BASS\",\"midi_data\":{\"Primary\":27,\"Secondary\":100,\"Channel\":4,\"Duration\":1.0,\"Repeat\":0,\"Root\":0,\"Scale\":0},\"relative_midi_data\":{\"Primary\":0,\"RangedPrimary\":0,\"Secondary\":0,\"Channel\":0,\"Duration\":0.0,\"Repeat\":0,\"Root\":0,\"Scale\":0,\"RangeFields\":{\"Primary\":{\"Up\":false,\"Down\":false},\"Secondary\":{\"Up\":false,\"Down\":false},\"Channel\":{\"Up\":false,\"Down\":false},\"Duration\":{\"Up\":false,\"Down\":false},\"Repeat\":{\"Up\":false,\"Down\":false}}},\"path_snap_data\":{},\"color\":{\"B\":35,\"G\":160,\"R\":255,\"A\":255},\"mute\":false,\"pass\":false,\"Origin\":\"-576, -468\",\"SerializablePathTo\":[129],\"SerializablePathFrom\":[83],\"PathMode\":0,\"SignalMode\":0,\"Start\":false}"}
{"type":1,"json":"{\"id\":86,\"label\":\"\",\"midi_data\":{\"Primary\":36,\"Secondary\":100,\"Channel\":2,\"Duration\":1.0,\"Repeat\":0,\"Root\":0,\"Scale\":0},\"relative_midi_data\":{\"Primary\":0,\"RangedPrimary\":0,\"Secondary\":0,\"Channel\":0,\"Duration\":0.0,\"Repeat\":0,\"Root\":0,\"Scale\":0,\"RangeFields\":{\"Primary\":{\"Up\":false,\"Down\":false},\"Secondary\":{\"Up\":false,\"Down\":false},\"Channel\":{\"Up\":false,\"Down\":false},\"Duration\":{\"Up\":false,\"Down\":false},\"Repeat\":{\"Up\":false,\"Down\":false}}},\"path_snap_data\":{},\"color\":{\"B\":255,\"G\":1,\"R\":185,\"A\":255},\"mute\":false,\"pass\":false,\"Origin\":\"-648, -144\",\"SerializablePathTo\":[83],\"SerializablePathFrom\":[84],\"PathMode\":0,\"SignalMode\":0,\"Start\":false}"}
{"type":1,"json":"{\"id\":101,\"label\":\"\",\"midi_data\":{\"Primary\":36,\"Secondary\":100,\"Channel\":3,\"Duration\":1.0,\"Repeat\":0,\"Root\":0,\"Scale\":0},\"relative_midi_data\":{\"Primary\":0,\"RangedPrimary\":0,\"Secondary\":0,\"Channel\":0,\"Duration\":0.0,\"Repeat\":0,\"Root\":0,\"Scale\":0,\"RangeFields\":{\"Primary\":{\"Up\":false,\"Down\":false},\"Secondary\":{\"Up\":false,\"Down\":false},\"Channel\":{\"Up\":false,\"Down\":false},\"Duration\":{\"Up\":false,\"Down\":false},\"Repeat\":{\"Up\":false,\"Down\":false}}},\"path_snap_data\":{},\"color\":{\"B\":255,\"G\":255,\"R\":255,\"A\":255},\"mute\":false,\"pass\":false,\"Origin\":\"-648, -396\",\"SerializablePathTo\":[103],\"SerializablePathFrom\":[116],\"PathMode\":0,\"SignalMode\":1,\"Start\":true}"}
{"type":1,"json":"{\"id\":84,\"label\":\"\",\"midi_data\":{\"Primary\":36,\"Secondary\":100,\"Channel\":2,\"Duration\":1.0,\"Repeat\":0,\"Root\":0,\"Scale\":0},\"relative_midi_data\":{\"Primary\":0,\"RangedPrimary\":0,\"Secondary\":0,\"Channel\":0,\"Duration\":0.0,\"Repeat\":0,\"Root\":0,\"Scale\":0,\"RangeFields\":{\"Primary\":{\"Up\":false,\"Down\":false},\"Secondary\":{\"Up\":false,\"Down\":false},\"Channel\":{\"Up\":false,\"Down\":false},\"Duration\":{\"Up\":false,\"Down\":false},\"Repeat\":{\"Up\":false,\"Down\":false}}},\"path_snap_data\":{},\"color\":{\"B\":255,\"G\":1,\"R\":185,\"A\":255},\"mute\":false,\"pass\":false,\"Origin\":\"-576, -288\",\"SerializablePathTo\":[86],\"SerializablePathFrom\":[83],\"PathMode\":0,\"SignalMode\":0,\"Start\":false}"}
{"type":1,"json":"{\"id\":129,\"label\":\"\",\"midi_data\":{\"Primary\":27,\"Secondary\":100,\"Channel\":4,\"Duration\":1.0,\"Repeat\":0,\"Root\":0,\"Scale\":0},\"relative_midi_data\":{\"Primary\":0,\"RangedPrimary\":0,\"Secondary\":0,\"Channel\":0,\"Duration\":0.0,\"Repeat\":0,\"Root\":0,\"Scale\":0,\"RangeFields\":{\"Primary\":{\"Up\":false,\"Down\":false},\"Secondary\":{\"Up\":false,\"Down\":false},\"Channel\":{\"Up\":false,\"Down\":false},\"Duration\":{\"Up\":false,\"Down\":false},\"Repeat\":{\"Up\":false,\"Down\":false}}},\"path_snap_data\":{},\"color\":{\"B\":35,\"G\":160,\"R\":255,\"A\":255},\"mute\":false,\"pass\":false,\"Origin\":\"-864, -576\",\"SerializablePathTo\":[130],\"SerializablePathFrom\":[128],\"PathMode\":0,\"SignalMode\":0,\"Start\":false}"}
{"type":1,"json":"{\"id\":83,\"label\":\"\",\"midi_data\":{\"Primary\":36,\"Secondary\":100,\"Channel\":2,\"Duration\":1.0,\"Repeat\":0,\"Root\":0,\"Scale\":0},\"relative_midi_data\":{\"Primary\":0,\"RangedPrimary\":0,\"Secondary\":0,\"Channel\":0,\"Duration\":0.0,\"Repeat\":0,\"Root\":0,\"Scale\":0,\"RangeFields\":{\"Primary\":{\"Up\":false,\"Down\":false},\"Secondary\":{\"Up\":false,\"Down\":false},\"Channel\":{\"Up\":false,\"Down\":false},\"Duration\":{\"Up\":false,\"Down\":false},\"Repeat\":{\"Up\":false,\"Down\":false}}},\"path_snap_data\":{},\"color\":{\"B\":255,\"G\":1,\"R\":185,\"A\":255},\"mute\":false,\"pass\":false,\"Origin\":\"-720, -288\",\"SerializablePathTo\":[84,87,90,117,128,135],\"SerializablePathFrom\":[86],\"PathMode\":0,\"SignalMode\":1,\"Start\":true}"}
{"type":1,"json":"{\"id\":96,\"label\":\"\",\"midi_data\":{\"Primary\":39,\"Secondary\":100,\"Channel\":2,\"Duration\":1.0,\"Repeat\":0,\"Root\":0,\"Scale\":0},\"relative_midi_data\":{\"Primary\":0,\"RangedPrimary\":0,\"Secondary\":0,\"Channel\":0,\"Duration\":0.0,\"Repeat\":0,\"Root\":0,\"Scale\":0,\"RangeFields\":{\"Primary\":{\"Up\":false,\"Down\":false},\"Secondary\":{\"Up\":false,\"Down\":false},\"Channel\":{\"Up\":false,\"Down\":false},\"Duration\":{\"Up\":false,\"Down\":false},\"Repeat\":{\"Up\":false,\"Down\":false}}},\"path_snap_data\":{},\"color\":{\"B\":255,\"G\":255,\"R\":85,\"A\":255},\"mute\":false,\"pass\":false,\"Origin\":\"-900, -324\",\"SerializablePathTo\":[97],\"SerializablePathFrom\":[90],\"PathMode\":0,\"SignalMode\":0,\"Start\":false}"}
{"type":1,"json":"{\"id\":97,\"label\":\"rim\",\"midi_data\":{\"Primary\":38,\"Secondary\":100,\"Channel\":2,\"Duration\":1.0,\"Repeat\":0,\"Root\":0,\"Scale\":0},\"relative_midi_data\":{\"Primary\":0,\"RangedPrimary\":0,\"Secondary\":-10,\"Channel\":0,\"Duration\":0.0,\"Repeat\":0,\"Root\":0,\"Scale\":0,\"RangeFields\":{\"Primary\":{\"Up\":false,\"Down\":false},\"Secondary\":{\"Up\":false,\"Down\":false},\"Channel\":{\"Up\":false,\"Down\":false},\"Duration\":{\"Up\":false,\"Down\":false},\"Repeat\":{\"Up\":false,\"Down\":false}}},\"path_snap_data\":{},\"color\":{\"B\":255,\"G\":255,\"R\":85,\"A\":255},\"mute\":false,\"pass\":false,\"Origin\":\"-684, -324\",\"SerializablePathTo\":[98],\"SerializablePathFrom\":[96,88],\"PathMode\":0,\"SignalMode\":0,\"Start\":false}"}
{"type":1,"json":"{\"id\":114,\"label\":\"\",\"midi_data\":{\"Primary\":36,\"Secondary\":100,\"Channel\":3,\"Duration\":1.0,\"Repeat\":0,\"Root\":0,\"Scale\":0},\"relative_midi_data\":{\"Primary\":0,\"RangedPrimary\":0,\"Secondary\":0,\"Channel\":0,\"Duration\":0.0,\"Repeat\":0,\"Root\":0,\"Scale\":0,\"RangeFields\":{\"Primary\":{\"Up\":false,\"Down\":false},\"Secondary\":{\"Up\":false,\"Down\":false},\"Channel\":{\"Up\":false,\"Down\":false},\"Duration\":{\"Up\":false,\"Down\":false},\"Repeat\":{\"Up\":false,\"Down\":false}}},\"path_snap_data\":{},\"color\":{\"B\":255,\"G\":255,\"R\":255,\"A\":255},\"mute\":false,\"pass\":false,\"Origin\":\"-504, -360\",\"SerializablePathTo\":[115],\"SerializablePathFrom\":[113,105],\"PathMode\":0,\"SignalMode\":0,\"Start\":false}"}
{"type":1,"json":"{\"id\":94,\"label\":\"\",\"midi_data\":{\"Primary\":42,\"Secondary\":100,\"Channel\":2,\"Duration\":1.0,\"Repeat\":0,\"Root\":0,\"Scale\":0},\"relative_midi_data\":{\"Primary\":0,\"RangedPrimary\":0,\"Secondary\":2,\"Channel\":0,\"Duration\":0.0,\"Repeat\":0,\"Root\":0,\"Scale\":0,\"RangeFields\":{\"Primary\":{\"Up\":false,\"Down\":false},\"Secondary\":{\"Up\":false,\"Down\":false},\"Channel\":{\"Up\":false,\"Down\":false},\"Duration\":{\"Up\":false,\"Down\":false},\"Repeat\":{\"Up\":false,\"Down\":false}}},\"path_snap_data\":{},\"color\":{\"B\":255,\"G\":255,\"R\":85,\"A\":255},\"mute\":false,\"pass\":false,\"Origin\":\"-828, -144\",\"SerializablePathTo\":[],\"SerializablePathFrom\":[93],\"PathMode\":0,\"SignalMode\":0,\"Start\":false}"}
{"type":1,"json":"{\"id\":117,\"label\":\"\",\"midi_data\":{\"Primary\":63,\"Secondary\":100,\"Channel\":1,\"Duration\":1.0,\"Repeat\":0,\"Root\":0,\"Scale\":0},\"relative_midi_data\":{\"Primary\":0,\"RangedPrimary\":0,\"Secondary\":0,\"Channel\":0,\"Duration\":0.0,\"Repeat\":0,\"Root\":0,\"Scale\":0,\"RangeFields\":{\"Primary\":{\"Up\":false,\"Down\":false},\"Secondary\":{\"Up\":false,\"Down\":false},\"Channel\":{\"Up\":false,\"Down\":false},\"Duration\":{\"Up\":false,\"Down\":false},\"Repeat\":{\"Up\":false,\"Down\":false}}},\"path_snap_data\":{},\"color\":{\"B\":4,\"G\":0,\"R\":255,\"A\":255},\"mute\":false,\"pass\":false,\"Origin\":\"-684, -216\",\"SerializablePathTo\":[118],\"SerializablePathFrom\":[83],\"PathMode\":0,\"SignalMode\":0,\"Start\":false}"}
{"type":1,"json":"{\"id\":98,\"label\":\"\",\"midi_data\":{\"Primary\":42,\"Secondary\":100,\"Channel\":2,\"Duration\":1.0,\"Repeat\":0,\"Root\":0,\"Scale\":0},\"relative_midi_data\":{\"Primary\":0,\"RangedPrimary\":0,\"Secondary\":0,\"Channel\":0,\"Duration\":0.0,\"Repeat\":0,\"Root\":0,\"Scale\":0,\"RangeFields\":{\"Primary\":{\"Up\":false,\"Down\":false},\"Secondary\":{\"Up\":false,\"Down\":false},\"Channel\":{\"Up\":false,\"Down\":false},\"Duration\":{\"Up\":false,\"Down\":false},\"Repeat\":{\"Up\":false,\"Down\":false}}},\"path_snap_data\":{},\"color\":{\"B\":255,\"G\":255,\"R\":85,\"A\":255},\"mute\":false,\"pass\":false,\"Origin\":\"-900, -360\",\"SerializablePathTo\":[99],\"SerializablePathFrom\":[97],\"PathMode\":0,\"SignalMode\":0,\"Start\":false}"}
{"type":1,"json":"{\"id\":127,\"label\":\"\",\"midi_data\":{\"Primary\":63,\"Secondary\":100,\"Channel\":1,\"Duration\":1.0,\"Repeat\":0,\"Root\":0,\"Scale\":0},\"relative_midi_data\":{\"Primary\":7,\"RangedPrimary\":0,\"Secondary\":0,\"Channel\":0,\"Duration\":7.0,\"Repeat\":0,\"Root\":0,\"Scale\":0,\"RangeFields\":{\"Primary\":{\"Up\":false,\"Down\":false},\"Secondary\":{\"Up\":false,\"Down\":false},\"Channel\":{\"Up\":false,\"Down\":false},\"Duration\":{\"Up\":false,\"Down\":false},\"Repeat\":{\"Up\":false,\"Down\":false}}},\"path_snap_data\":{},\"color\":{\"B\":4,\"G\":0,\"R\":255,\"A\":255},\"mute\":false,\"pass\":false,\"Origin\":\"-792, -360\",\"SerializablePathTo\":[125],\"SerializablePathFrom\":[120],\"PathMode\":0,\"SignalMode\":0,\"Start\":false}"}
{"type":1,"json":"{\"id\":99,\"label\":\"\",\"midi_data\":{\"Primary\":41,\"Secondary\":100,\"Channel\":2,\"Duration\":1.0,\"Repeat\":0,\"Root\":0,\"Scale\":0},\"relative_midi_data\":{\"Primary\":0,\"RangedPrimary\":0,\"Secondary\":-10,\"Channel\":0,\"Duration\":0.0,\"Repeat\":0,\"Root\":0,\"Scale\":0,\"RangeFields\":{\"Primary\":{\"Up\":false,\"Down\":false},\"Secondary\":{\"Up\":false,\"Down\":false},\"Channel\":{\"Up\":false,\"Down\":false},\"Duration\":{\"Up\":false,\"Down\":false},\"Repeat\":{\"Up\":false,\"Down\":false}}},\"path_snap_data\":{},\"color\":{\"B\":255,\"G\":255,\"R\":85,\"A\":255},\"mute\":false,\"pass\":false,\"Origin\":\"-864, -360\",\"SerializablePathTo\":[140],\"SerializablePathFrom\":[98],\"PathMode\":0,\"SignalMode\":0,\"Start\":false}"}
{"type":1,"json":"{\"id\":103,\"label\":\"\",\"midi_data\":{\"Primary\":36,\"Secondary\":100,\"Channel\":3,\"Duration\":1.0,\"Repeat\":0,\"Root\":0,\"Scale\":0},\"relative_midi_data\":{\"Primary\":0,\"RangedPrimary\":0,\"Secondary\":0,\"Channel\":0,\"Duration\":0.0,\"Repeat\":0,\"Root\":0,\"Scale\":0,\"RangeFields\":{\"Primary\":{\"Up\":false,\"Down\":false},\"Secondary\":{\"Up\":false,\"Down\":false},\"Channel\":{\"Up\":false,\"Down\":false},\"Duration\":{\"Up\":false,\"Down\":false},\"Repeat\":{\"Up\":false,\"Down\":false}}},\"path_snap_data\":{},\"color\":{\"B\":255,\"G\":255,\"R\":255,\"A\":255},\"mute\":false,\"pass\":false,\"Origin\":\"-612, -432\",\"SerializablePathTo\":[104],\"SerializablePathFrom\":[101],\"PathMode\":0,\"SignalMode\":0,\"Start\":false}"}
{"type":1,"json":"{\"id\":104,\"label\":\"\",\"midi_data\":{\"Primary\":37,\"Secondary\":100,\"Channel\":3,\"Duration\":1.0,\"Repeat\":0,\"Root\":0,\"Scale\":0},\"relative_midi_data\":{\"Primary\":0,\"RangedPrimary\":0,\"Secondary\":0,\"Channel\":0,\"Duration\":0.0,\"Repeat\":0,\"Root\":0,\"Scale\":0,\"RangeFields\":{\"Primary\":{\"Up\":false,\"Down\":false},\"Secondary\":{\"Up\":false,\"Down\":false},\"Channel\":{\"Up\":false,\"Down\":false},\"Duration\":{\"Up\":false,\"Down\":false},\"Repeat\":{\"Up\":false,\"Down\":false}}},\"path_snap_data\":{},\"color\":{\"B\":255,\"G\":255,\"R\":255,\"A\":255},\"mute\":false,\"pass\":false,\"Origin\":\"-540, -612\",\"SerializablePathTo\":[105],\"SerializablePathFrom\":[103],\"PathMode\":0,\"SignalMode\":0,\"Start\":false}"}
{"type":1,"json":"{\"id\":105,\"label\":\"\",\"midi_data\":{\"Primary\":38,\"Secondary\":100,\"Channel\":3,\"Duration\":1.0,\"Repeat\":0,\"Root\":0,\"Scale\":0},\"relative_midi_data\":{\"Primary\":0,\"RangedPrimary\":0,\"Secondary\":0,\"Channel\":0,\"Duration\":0.0,\"Repeat\":0,\"Root\":0,\"Scale\":0,\"RangeFields\":{\"Primary\":{\"Up\":false,\"Down\":false},\"Secondary\":{\"Up\":false,\"Down\":false},\"Channel\":{\"Up\":false,\"Down\":false},\"Duration\":{\"Up\":false,\"Down\":false},\"Repeat\":{\"Up\":false,\"Down\":false}}},\"path_snap_data\":{},\"color\":{\"B\":255,\"G\":255,\"R\":255,\"A\":255},\"mute\":false,\"pass\":false,\"Origin\":\"-468, -648\",\"SerializablePathTo\":[114,106],\"SerializablePathFrom\":[104],\"PathMode\":0,\"SignalMode\":0,\"Start\":false}"}
{"type":1,"json":"{\"id\":106,\"label\":\"\",\"midi_data\":{\"Primary\":39,\"Secondary\":100,\"Channel\":3,\"Duration\":1.0,\"Repeat\":0,\"Root\":0,\"Scale\":0},\"relative_midi_data\":{\"Primary\":0,\"RangedPrimary\":0,\"Secondary\":0,\"Channel\":0,\"Duration\":0.0,\"Repeat\":0,\"Root\":0,\"Scale\":0,\"RangeFields\":{\"Primary\":{\"Up\":false,\"Down\":false},\"Secondary\":{\"Up\":false,\"Down\":false},\"Channel\":{\"Up\":false,\"Down\":false},\"Duration\":{\"Up\":false,\"Down\":false},\"Repeat\":{\"Up\":false,\"Down\":false}}},\"path_snap_data\":{},\"color\":{\"B\":255,\"G\":255,\"R\":255,\"A\":255},\"mute\":false,\"pass\":false,\"Origin\":\"-756, -468\",\"SerializablePathTo\":[107],\"SerializablePathFrom\":[105],\"PathMode\":0,\"SignalMode\":0,\"Start\":false}"}
{"type":1,"json":"{\"id\":131,\"label\":\"\",\"midi_data\":{\"Primary\":27,\"Secondary\":100,\"Channel\":4,\"Duration\":1.0,\"Repeat\":0,\"Root\":0,\"Scale\":0},\"relative_midi_data\":{\"Primary\":0,\"RangedPrimary\":0,\"Secondary\":0,\"Channel\":0,\"Duration\":0.0,\"Repeat\":0,\"Root\":0,\"Scale\":0,\"RangeFields\":{\"Primary\":{\"Up\":false,\"Down\":false},\"Secondary\":{\"Up\":false,\"Down\":false},\"Channel\":{\"Up\":false,\"Down\":false},\"Duration\":{\"Up\":false,\"Down\":false},\"Repeat\":{\"Up\":false,\"Down\":false}}},\"path_snap_data\":{},\"color\":{\"B\":35,\"G\":160,\"R\":255,\"A\":255},\"mute\":false,\"pass\":false,\"Origin\":\"-612, -648\",\"SerializablePathTo\":[132],\"SerializablePathFrom\":[130],\"PathMode\":0,\"SignalMode\":0,\"Start\":false}"}
{"type":1,"json":"{\"id\":107,\"label\":\"\",\"midi_data\":{\"Primary\":40,\"Secondary\":100,\"Channel\":3,\"Duration\":1.0,\"Repeat\":0,\"Root\":0,\"Scale\":0},\"relative_midi_data\":{\"Primary\":0,\"RangedPrimary\":0,\"Secondary\":0,\"Channel\":0,\"Duration\":0.0,\"Repeat\":0,\"Root\":0,\"Scale\":0,\"RangeFields\":{\"Primary\":{\"Up\":false,\"Down\":false},\"Secondary\":{\"Up\":false,\"Down\":false},\"Channel\":{\"Up\":false,\"Down\":false},\"Duration\":{\"Up\":false,\"Down\":false},\"Repeat\":{\"Up\":false,\"Down\":false}}},\"path_snap_data\":{},\"color\":{\"B\":255,\"G\":255,\"R\":255,\"A\":255},\"mute\":false,\"pass\":false,\"Origin\":\"-648, -540\",\"SerializablePathTo\":[108],\"SerializablePathFrom\":[106],\"PathMode\":0,\"SignalMode\":0,\"Start\":false}"}
{"type":1,"json":"{\"id\":130,\"label\":\"\",\"midi_data\":{\"Primary\":27,\"Secondary\":100,\"Channel\":4,\"Duration\":1.0,\"Repeat\":0,\"Root\":0,\"Scale\":0},\"relative_midi_data\":{\"Primary\":0,\"RangedPrimary\":0,\"Secondary\":0,\"Channel\":0,\"Duration\":0.0,\"Repeat\":0,\"Root\":0,\"Scale\":0,\"RangeFields\":{\"Primary\":{\"Up\":false,\"Down\":false},\"Secondary\":{\"Up\":false,\"Down\":false},\"Channel\":{\"Up\":false,\"Down\":false},\"Duration\":{\"Up\":false,\"Down\":false},\"Repeat\":{\"Up\":false,\"Down\":false}}},\"path_snap_data\":{},\"color\":{\"B\":35,\"G\":160,\"R\":255,\"A\":255},\"mute\":false,\"pass\":false,\"Origin\":\"-684, -720\",\"SerializablePathTo\":[134,131],\"SerializablePathFrom\":[129,133],\"PathMode\":0,\"SignalMode\":0,\"Start\":false}"}
{"type":1,"json":"{\"id\":108,\"label\":\"\",\"midi_data\":{\"Primary\":41,\"Secondary\":100,\"Channel\":3,\"Duration\":1.0,\"Repeat\":0,\"Root\":0,\"Scale\":0},\"relative_midi_data\":{\"Primary\":0,\"RangedPrimary\":0,\"Secondary\":0,\"Channel\":0,\"Duration\":0.0,\"Repeat\":0,\"Root\":0,\"Scale\":0,\"RangeFields\":{\"Primary\":{\"Up\":false,\"Down\":false},\"Secondary\":{\"Up\":false,\"Down\":false},\"Channel\":{\"Up\":false,\"Down\":false},\"Duration\":{\"Up\":false,\"Down\":false},\"Repeat\":{\"Up\":false,\"Down\":false}}},\"path_snap_data\":{},\"color\":{\"B\":255,\"G\":255,\"R\":255,\"A\":255},\"mute\":false,\"pass\":false,\"Origin\":\"-396, -504\",\"SerializablePathTo\":[109],\"SerializablePathFrom\":[107],\"PathMode\":0,\"SignalMode\":0,\"Start\":false}"}
{"type":1,"json":"{\"id\":109,\"label\":\"\",\"midi_data\":{\"Primary\":42,\"Secondary\":100,\"Channel\":3,\"Duration\":1.0,\"Repeat\":0,\"Root\":0,\"Scale\":0},\"relative_midi_data\":{\"Primary\":0,\"RangedPrimary\":0,\"Secondary\":0,\"Channel\":0,\"Duration\":0.0,\"Repeat\":0,\"Root\":0,\"Scale\":0,\"RangeFields\":{\"Primary\":{\"Up\":false,\"Down\":false},\"Secondary\":{\"Up\":false,\"Down\":false},\"Channel\":{\"Up\":false,\"Down\":false},\"Duration\":{\"Up\":false,\"Down\":false},\"Repeat\":{\"Up\":false,\"Down\":false}}},\"path_snap_data\":{},\"color\":{\"B\":255,\"G\":255,\"R\":255,\"A\":255},\"mute\":false,\"pass\":false,\"Origin\":\"-720, -612\",\"SerializablePathTo\":[112],\"SerializablePathFrom\":[108],\"PathMode\":0,\"SignalMode\":0,\"Start\":false}"}
{"type":1,"json":"{\"id\":93,\"label\":\"\",\"midi_data\":{\"Primary\":42,\"Secondary\":100,\"Channel\":2,\"Duration\":1.0,\"Repeat\":0,\"Root\":0,\"Scale\":0},\"relative_midi_data\":{\"Primary\":0,\"RangedPrimary\":0,\"Secondary\":2,\"Channel\":0,\"Duration\":0.0,\"Repeat\":0,\"Root\":0,\"Scale\":0,\"RangeFields\":{\"Primary\":{\"Up\":false,\"Down\":false},\"Secondary\":{\"Up\":false,\"Down\":false},\"Channel\":{\"Up\":false,\"Down\":false},\"Duration\":{\"Up\":false,\"Down\":false},\"Repeat\":{\"Up\":false,\"Down\":false}}},\"path_snap_data\":{},\"color\":{\"B\":255,\"G\":255,\"R\":85,\"A\":255},\"mute\":false,\"pass\":false,\"Origin\":\"-864, -216\",\"SerializablePathTo\":[94],\"SerializablePathFrom\":[90],\"PathMode\":0,\"SignalMode\":0,\"Start\":false}"}
{"type":1,"json":"{\"id\":110,\"label\":\"\",\"midi_data\":{\"Primary\":40,\"Secondary\":100,\"Channel\":3,\"Duration\":1.0,\"Repeat\":0,\"Root\":0,\"Scale\":0},\"relative_midi_data\":{\"Primary\":0,\"RangedPrimary\":0,\"Secondary\":0,\"Channel\":0,\"Duration\":0.0,\"Repeat\":0,\"Root\":0,\"Scale\":0,\"RangeFields\":{\"Primary\":{\"Up\":false,\"Down\":false},\"Secondary\":{\"Up\":false,\"Down\":false},\"Channel\":{\"Up\":false,\"Down\":false},\"Duration\":{\"Up\":false,\"Down\":false},\"Repeat\":{\"Up\":false,\"Down\":false}}},\"path_snap_data\":{},\"color\":{\"B\":255,\"G\":255,\"R\":255,\"A\":255},\"mute\":false,\"pass\":false,\"Origin\":\"-360, -252\",\"SerializablePathTo\":[113],\"SerializablePathFrom\":[111],\"PathMode\":0,\"SignalMode\":0,\"Start\":false}"}
{"type":1,"json":"{\"id\":111,\"label\":\"\",\"midi_data\":{\"Primary\":41,\"Secondary\":100,\"Channel\":3,\"Duration\":1.0,\"Repeat\":0,\"Root\":0,\"Scale\":0},\"relative_midi_data\":{\"Primary\":0,\"RangedPrimary\":0,\"Secondary\":0,\"Channel\":0,\"Duration\":0.0,\"Repeat\":0,\"Root\":0,\"Scale\":0,\"RangeFields\":{\"Primary\":{\"Up\":false,\"Down\":false},\"Secondary\":{\"Up\":false,\"Down\":false},\"Channel\":{\"Up\":false,\"Down\":false},\"Duration\":{\"Up\":false,\"Down\":false},\"Repeat\":{\"Up\":false,\"Down\":false}}},\"path_snap_data\":{},\"color\":{\"B\":255,\"G\":255,\"R\":255,\"A\":255},\"mute\":false,\"pass\":false,\"Origin\":\"-720, -504\",\"SerializablePathTo\":[110],\"SerializablePathFrom\":[112],\"PathMode\":0,\"SignalMode\":0,\"Start\":false}"}
{"type":1,"json":"{\"id\":112,\"label\":\"\",\"midi_data\":{\"Primary\":38,\"Secondary\":100,\"Channel\":3,\"Duration\":1.0,\"Repeat\":0,\"Root\":0,\"Scale\":0},\"relative_midi_data\":{\"Primary\":0,\"RangedPrimary\":0,\"Secondary\":0,\"Channel\":0,\"Duration\":0.0,\"Repeat\":0,\"Root\":0,\"Scale\":0,\"RangeFields\":{\"Primary\":{\"Up\":false,\"Down\":false},\"Secondary\":{\"Up\":false,\"Down\":false},\"Channel\":{\"Up\":false,\"Down\":false},\"Duration\":{\"Up\":false,\"Down\":false},\"Repeat\":{\"Up\":false,\"Down\":false}}},\"path_snap_data\":{},\"color\":{\"B\":255,\"G\":255,\"R\":255,\"A\":255},\"mute\":false,\"pass\":false,\"Origin\":\"-828, -504\",\"SerializablePathTo\":[111],\"SerializablePathFrom\":[109],\"PathMode\":0,\"SignalMode\":0,\"Start\":false}"}
{"type":1,"json":"{\"id\":113,\"label\":\"\",\"midi_data\":{\"Primary\":37,\"Secondary\":100,\"Channel\":3,\"Duration\":1.0,\"Repeat\":0,\"Root\":0,\"Scale\":0},\"relative_midi_data\":{\"Primary\":0,\"RangedPrimary\":0,\"Secondary\":0,\"Channel\":0,\"Duration\":0.0,\"Repeat\":0,\"Root\":0,\"Scale\":0,\"RangeFields\":{\"Primary\":{\"Up\":false,\"Down\":false},\"Secondary\":{\"Up\":false,\"Down\":false},\"Channel\":{\"Up\":false,\"Down\":false},\"Duration\":{\"Up\":false,\"Down\":false},\"Repeat\":{\"Up\":false,\"Down\":false}}},\"path_snap_data\":{},\"color\":{\"B\":255,\"G\":255,\"R\":255,\"A\":255},\"mute\":false,\"pass\":false,\"Origin\":\"-468, -324\",\"SerializablePathTo\":[114],\"SerializablePathFrom\":[110],\"PathMode\":0,\"SignalMode\":0,\"Start\":false}"}
{"type":1,"json":"{\"id\":116,\"label\":\"\",\"midi_data\":{\"Primary\":41,\"Secondary\":100,\"Channel\":3,\"Duration\":1.0,\"Repeat\":0,\"Root\":0,\"Scale\":0},\"relative_midi_data\":{\"Primary\":0,\"RangedPrimary\":0,\"Secondary\":0,\"Channel\":0,\"Duration\":0.0,\"Repeat\":0,\"Root\":0,\"Scale\":0,\"RangeFields\":{\"Primary\":{\"Up\":false,\"Down\":false},\"Secondary\":{\"Up\":false,\"Down\":false},\"Channel\":{\"Up\":false,\"Down\":false},\"Duration\":{\"Up\":false,\"Down\":false},\"Repeat\":{\"Up\":false,\"Down\":false}}},\"path_snap_data\":{},\"color\":{\"B\":255,\"G\":255,\"R\":255,\"A\":255},\"mute\":false,\"pass\":false,\"Origin\":\"-576, -360\",\"SerializablePathTo\":[101],\"SerializablePathFrom\":[115],\"PathMode\":0,\"SignalMode\":0,\"Start\":false}"}
{"type":1,"json":"{\"id\":132,\"label\":\"\",\"midi_data\":{\"Primary\":27,\"Secondary\":100,\"Channel\":4,\"Duration\":1.0,\"Repeat\":0,\"Root\":0,\"Scale\":0},\"relative_midi_data\":{\"Primary\":0,\"RangedPrimary\":0,\"Secondary\":0,\"Channel\":0,\"Duration\":0.0,\"Repeat\":0,\"Root\":0,\"Scale\":0,\"RangeFields\":{\"Primary\":{\"Up\":false,\"Down\":false},\"Secondary\":{\"Up\":false,\"Down\":false},\"Channel\":{\"Up\":false,\"Down\":false},\"Duration\":{\"Up\":false,\"Down\":false},\"Repeat\":{\"Up\":false,\"Down\":false}}},\"path_snap_data\":{},\"color\":{\"B\":35,\"G\":160,\"R\":255,\"A\":255},\"mute\":false,\"pass\":false,\"Origin\":\"-612, -576\",\"SerializablePathTo\":[133],\"SerializablePathFrom\":[131],\"PathMode\":0,\"SignalMode\":0,\"Start\":false}"}
{"type":1,"json":"{\"id\":133,\"label\":\"\",\"midi_data\":{\"Primary\":34,\"Secondary\":100,\"Channel\":4,\"Duration\":1.0,\"Repeat\":0,\"Root\":0,\"Scale\":0},\"relative_midi_data\":{\"Primary\":0,\"RangedPrimary\":0,\"Secondary\":0,\"Channel\":0,\"Duration\":0.0,\"Repeat\":0,\"Root\":0,\"Scale\":0,\"RangeFields\":{\"Primary\":{\"Up\":false,\"Down\":false},\"Secondary\":{\"Up\":false,\"Down\":false},\"Channel\":{\"Up\":false,\"Down\":false},\"Duration\":{\"Up\":false,\"Down\":false},\"Repeat\":{\"Up\":false,\"Down\":false}}},\"path_snap_data\":{},\"color\":{\"B\":35,\"G\":160,\"R\":255,\"A\":255},\"mute\":false,\"pass\":false,\"Origin\":\"-540, -324\",\"SerializablePathTo\":[130],\"SerializablePathFrom\":[132],\"PathMode\":0,\"SignalMode\":0,\"Start\":false}"}
{"type":1,"json":"{\"id\":137,\"label\":\"\",\"midi_data\":{\"Primary\":80,\"Secondary\":100,\"Channel\":5,\"Duration\":1.0,\"Repeat\":0,\"Root\":0,\"Scale\":0},\"relative_midi_data\":{\"Primary\":7,\"RangedPrimary\":-4,\"Secondary\":0,\"Channel\":0,\"Duration\":0.0,\"Repeat\":0,\"Root\":0,\"Scale\":0,\"RangeFields\":{\"Primary\":{\"Up\":true,\"Down\":true},\"Secondary\":{\"Up\":false,\"Down\":false},\"Channel\":{\"Up\":false,\"Down\":false},\"Duration\":{\"Up\":false,\"Down\":false},\"Repeat\":{\"Up\":false,\"Down\":false}}},\"path_snap_data\":{},\"color\":{\"B\":250,\"G\":240,\"R\":40,\"A\":255},\"mute\":false,\"pass\":false,\"Origin\":\"-360, -108\",\"SerializablePathTo\":[138],\"SerializablePathFrom\":[136],\"PathMode\":0,\"SignalMode\":0,\"Start\":false}"}
{"type":1,"json":"{\"id\":124,\"label\":\"\",\"midi_data\":{\"Primary\":63,\"Secondary\":100,\"Channel\":1,\"Duration\":1.0,\"Repeat\":0,\"Root\":0,\"Scale\":0},\"relative_midi_data\":{\"Primary\":-1,\"RangedPrimary\":0,\"Secondary\":0,\"Channel\":0,\"Duration\":0.0,\"Repeat\":0,\"Root\":0,\"Scale\":0,\"RangeFields\":{\"Primary\":{\"Up\":false,\"Down\":false},\"Secondary\":{\"Up\":false,\"Down\":false},\"Channel\":{\"Up\":false,\"Down\":false},\"Duration\":{\"Up\":false,\"Down\":false},\"Repeat\":{\"Up\":false,\"Down\":false}}},\"path_snap_data\":{},\"color\":{\"B\":4,\"G\":0,\"R\":255,\"A\":255},\"mute\":false,\"pass\":false,\"Origin\":\"-360, -36\",\"SerializablePathTo\":[120,125],\"SerializablePathFrom\":[123],\"PathMode\":0,\"SignalMode\":0,\"Start\":false}"}
{"type":1,"json":"{\"id\":121,\"label\":\"\",\"midi_data\":{\"Primary\":63,\"Secondary\":100,\"Channel\":1,\"Duration\":1.0,\"Repeat\":0,\"Root\":0,\"Scale\":0},\"relative_midi_data\":{\"Primary\":5,\"RangedPrimary\":0,\"Secondary\":0,\"Channel\":0,\"Duration\":2.0,\"Repeat\":0,\"Root\":0,\"Scale\":0,\"RangeFields\":{\"Primary\":{\"Up\":false,\"Down\":false},\"Secondary\":{\"Up\":false,\"Down\":false},\"Channel\":{\"Up\":false,\"Down\":false},\"Duration\":{\"Up\":false,\"Down\":false},\"Repeat\":{\"Up\":false,\"Down\":false}}},\"path_snap_data\":{},\"color\":{\"B\":4,\"G\":0,\"R\":255,\"A\":255},\"mute\":false,\"pass\":false,\"Origin\":\"-432, -396\",\"SerializablePathTo\":[122],\"SerializablePathFrom\":[120],\"PathMode\":0,\"SignalMode\":0,\"Start\":false}"}
{"type":1,"json":"{\"id\":122,\"label\":\"\",\"midi_data\":{\"Primary\":63,\"Secondary\":100,\"Channel\":1,\"Duration\":1.0,\"Repeat\":0,\"Root\":0,\"Scale\":0},\"relative_midi_data\":{\"Primary\":-4,\"RangedPrimary\":0,\"Secondary\":0,\"Channel\":0,\"Duration\":0.0,\"Repeat\":0,\"Root\":0,\"Scale\":0,\"RangeFields\":{\"Primary\":{\"Up\":false,\"Down\":false},\"Secondary\":{\"Up\":false,\"Down\":false},\"Channel\":{\"Up\":false,\"Down\":false},\"Duration\":{\"Up\":false,\"Down\":false},\"Repeat\":{\"Up\":false,\"Down\":false}}},\"path_snap_data\":{},\"color\":{\"B\":4,\"G\":0,\"R\":255,\"A\":255},\"mute\":false,\"pass\":false,\"Origin\":\"-684, 216\",\"SerializablePathTo\":[123],\"SerializablePathFrom\":[121],\"PathMode\":0,\"SignalMode\":0,\"Start\":false}"}
{"type":1,"json":"{\"id\":123,\"label\":\"\",\"midi_data\":{\"Primary\":63,\"Secondary\":100,\"Channel\":1,\"Duration\":1.0,\"Repeat\":0,\"Root\":0,\"Scale\":0},\"relative_midi_data\":{\"Primary\":7,\"RangedPrimary\":0,\"Secondary\":0,\"Channel\":0,\"Duration\":0.0,\"Repeat\":0,\"Root\":0,\"Scale\":0,\"RangeFields\":{\"Primary\":{\"Up\":false,\"Down\":false},\"Secondary\":{\"Up\":false,\"Down\":false},\"Channel\":{\"Up\":false,\"Down\":false},\"Duration\":{\"Up\":false,\"Down\":false},\"Repeat\":{\"Up\":false,\"Down\":false}}},\"path_snap_data\":{},\"color\":{\"B\":4,\"G\":0,\"R\":255,\"A\":255},\"mute\":false,\"pass\":false,\"Origin\":\"-756, 0\",\"SerializablePathTo\":[124],\"SerializablePathFrom\":[122],\"PathMode\":0,\"SignalMode\":0,\"Start\":false}"}
{"type":1,"json":"{\"id\":138,\"label\":\"synth2\",\"midi_data\":{\"Primary\":80,\"Secondary\":100,\"Channel\":5,\"Duration\":1.0,\"Repeat\":0,\"Root\":0,\"Scale\":0},\"relative_midi_data\":{\"Primary\":0,\"RangedPrimary\":0,\"Secondary\":0,\"Channel\":0,\"Duration\":0.0,\"Repeat\":0,\"Root\":0,\"Scale\":0,\"RangeFields\":{\"Primary\":{\"Up\":false,\"Down\":false},\"Secondary\":{\"Up\":false,\"Down\":false},\"Channel\":{\"Up\":false,\"Down\":false},\"Duration\":{\"Up\":false,\"Down\":false},\"Repeat\":{\"Up\":false,\"Down\":false}}},\"path_snap_data\":{},\"color\":{\"B\":250,\"G\":240,\"R\":40,\"A\":255},\"mute\":false,\"pass\":false,\"Origin\":\"-432, -72\",\"SerializablePathTo\":[139,136],\"SerializablePathFrom\":[137],\"PathMode\":0,\"SignalMode\":0,\"Start\":false}"}
{"type":1,"json":"{\"id\":139,\"label\":\"\",\"midi_data\":{\"Primary\":80,\"Secondary\":100,\"Channel\":5,\"Duration\":1.0,\"Repeat\":0,\"Root\":0,\"Scale\":0},\"relative_midi_data\":{\"Primary\":4,\"RangedPrimary\":-4,\"Secondary\":0,\"Channel\":0,\"Duration\":0.0,\"Repeat\":0,\"Root\":0,\"Scale\":0,\"RangeFields\":{\"Primary\":{\"Up\":true,\"Down\":true},\"Secondary\":{\"Up\":false,\"Down\":false},\"Channel\":{\"Up\":false,\"Down\":false},\"Duration\":{\"Up\":false,\"Down\":false},\"Repeat\":{\"Up\":false,\"Down\":false}}},\"path_snap_data\":{},\"color\":{\"B\":250,\"G\":240,\"R\":40,\"A\":255},\"mute\":false,\"pass\":false,\"Origin\":\"-468, 36\",\"SerializablePathTo\":[],\"SerializablePathFrom\":[138],\"PathMode\":0,\"SignalMode\":0,\"Start\":false}"}
{"type":1,"json":"{\"id\":136,\"label\":\"\",\"midi_data\":{\"Primary\":82,\"Secondary\":100,\"Channel\":5,\"Duration\":1.0,\"Repeat\":0,\"Root\":0,\"Scale\":0},\"relative_midi_data\":{\"Primary\":7,\"RangedPrimary\":6,\"Secondary\":0,\"Channel\":0,\"Duration\":0.0,\"Repeat\":0,\"Root\":0,\"Scale\":0,\"RangeFields\":{\"Primary\":{\"Up\":true,\"Down\":true},\"Secondary\":{\"Up\":false,\"Down\":false},\"Channel\":{\"Up\":false,\"Down\":false},\"Duration\":{\"Up\":false,\"Down\":false},\"Repeat\":{\"Up\":false,\"Down\":false}}},\"path_snap_data\":{},\"color\":{\"B\":250,\"G\":240,\"R\":40,\"A\":255},\"mute\":false,\"pass\":false,\"Origin\":\"-468, -108\",\"SerializablePathTo\":[137],\"SerializablePathFrom\":[135,138],\"PathMode\":0,\"SignalMode\":0,\"Start\":false}"}
{"type":1,"json":"{\"id\":134,\"label\":\"\",\"midi_data\":{\"Primary\":29,\"Secondary\":100,\"Channel\":4,\"Duration\":1.0,\"Repeat\":0,\"Root\":0,\"Scale\":0},\"relative_midi_data\":{\"Primary\":7,\"RangedPrimary\":0,\"Secondary\":0,\"Channel\":0,\"Duration\":0.0,\"Repeat\":0,\"Root\":0,\"Scale\":0,\"RangeFields\":{\"Primary\":{\"Up\":false,\"Down\":false},\"Secondary\":{\"Up\":false,\"Down\":false},\"Channel\":{\"Up\":false,\"Down\":false},\"Duration\":{\"Up\":false,\"Down\":false},\"Repeat\":{\"Up\":false,\"Down\":false}}},\"path_snap_data\":{},\"color\":{\"B\":35,\"G\":160,\"R\":255,\"A\":255},\"mute\":false,\"pass\":false,\"Origin\":\"-504, -540\",\"SerializablePathTo\":[],\"SerializablePathFrom\":[130],\"PathMode\":0,\"SignalMode\":0,\"Start\":false}"}
{"type":1,"json":"{\"id\":135,\"label\":\"\",\"midi_data\":{\"Primary\":75,\"Secondary\":100,\"Channel\":5,\"Duration\":1.0,\"Repeat\":0,\"Root\":0,\"Scale\":0},\"relative_midi_data\":{\"Primary\":0,\"RangedPrimary\":0,\"Secondary\":0,\"Channel\":0,\"Duration\":0.0,\"Repeat\":0,\"Root\":0,\"Scale\":0,\"RangeFields\":{\"Primary\":{\"Up\":false,\"Down\":false},\"Secondary\":{\"Up\":false,\"Down\":false},\"Channel\":{\"Up\":false,\"Down\":false},\"Duration\":{\"Up\":false,\"Down\":false},\"Repeat\":{\"Up\":false,\"Down\":false}}},\"path_snap_data\":{},\"color\":{\"B\":250,\"G\":240,\"R\":40,\"A\":255},\"mute\":false,\"pass\":false,\"Origin\":\"-504, -288\",\"SerializablePathTo\":[136],\"SerializablePathFrom\":[83],\"PathMode\":0,\"SignalMode\":0,\"Start\":false}"}
{"type":1,"json":"{\"id\":126,\"label\":\"\",\"midi_data\":{\"Primary\":63,\"Secondary\":100,\"Channel\":1,\"Duration\":1.0,\"Repeat\":0,\"Root\":0,\"Scale\":0},\"relative_midi_data\":{\"Primary\":-1,\"RangedPrimary\":63,\"Secondary\":-16,\"Channel\":0,\"Duration\":0.0,\"Repeat\":0,\"Root\":0,\"Scale\":0,\"RangeFields\":{\"Primary\":{\"Up\":false,\"Down\":false},\"Secondary\":{\"Up\":false,\"Down\":true},\"Channel\":{\"Up\":false,\"Down\":false},\"Duration\":{\"Up\":false,\"Down\":false},\"Repeat\":{\"Up\":false,\"Down\":false}}},\"path_snap_data\":{},\"color\":{\"B\":4,\"G\":0,\"R\":255,\"A\":255},\"mute\":false,\"pass\":false,\"Origin\":\"-792, 180\",\"SerializablePathTo\":[],\"SerializablePathFrom\":[125],\"PathMode\":0,\"SignalMode\":0,\"Start\":false}"}
{"type":1,"json":"{\"id\":125,\"label\":\"\",\"midi_data\":{\"Primary\":63,\"Secondary\":100,\"Channel\":1,\"Duration\":1.0,\"Repeat\":0,\"Root\":0,\"Scale\":0},\"relative_midi_data\":{\"Primary\":-1,\"RangedPrimary\":0,\"Secondary\":0,\"Channel\":0,\"Duration\":0.0,\"Repeat\":0,\"Root\":0,\"Scale\":0,\"RangeFields\":{\"Primary\":{\"Up\":false,\"Down\":false},\"Secondary\":{\"Up\":false,\"Down\":false},\"Channel\":{\"Up\":false,\"Down\":false},\"Duration\":{\"Up\":false,\"Down\":false},\"Repeat\":{\"Up\":false,\"Down\":false}}},\"path_snap_data\":{},\"color\":{\"B\":4,\"G\":0,\"R\":255,\"A\":255},\"mute\":false,\"pass\":false,\"Origin\":\"-396, 108\",\"SerializablePathTo\":[126],\"SerializablePathFrom\":[124,127],\"PathMode\":0,\"SignalMode\":0,\"Start\":false}"}
{"type":1,"json":"{\"id\":145,\"label\":\"synth2 - midi ch 5\",\"midi_data\":{\"Primary\":80,\"Secondary\":100,\"Channel\":5,\"Duration\":1.0,\"Repeat\":0,\"Root\":0,\"Scale\":0},\"relative_midi_data\":{\"Primary\":0,\"RangedPrimary\":0,\"Secondary\":0,\"Channel\":0,\"Duration\":0.0,\"Repeat\":0,\"Root\":0,\"Scale\":0,\"RangeFields\":{\"Primary\":{\"Up\":false,\"Down\":false},\"Secondary\":{\"Up\":false,\"Down\":false},\"Channel\":{\"Up\":false,\"Down\":false},\"Duration\":{\"Up\":false,\"Down\":false},\"Repeat\":{\"Up\":false,\"Down\":false}}},\"path_snap_data\":{},\"color\":{\"B\":250,\"G\":240,\"R\":40,\"A\":255},\"mute\":false,\"pass\":false,\"Origin\":\"-1260, -36\",\"SerializablePathTo\":[],\"SerializablePathFrom\":[],\"PathMode\":0,\"SignalMode\":0,\"Start\":false}"}
{"type":1,"json":"{\"id\":146,\"label\":\"bass - midi ch 4\",\"midi_data\":{\"Primary\":27,\"Secondary\":100,\"Channel\":4,\"Duration\":1.0,\"Repeat\":0,\"Root\":0,\"Scale\":0},\"relative_midi_data\":{\"Primary\":0,\"RangedPrimary\":0,\"Secondary\":0,\"Channel\":0,\"Duration\":0.0,\"Repeat\":0,\"Root\":0,\"Scale\":0,\"RangeFields\":{\"Primary\":{\"Up\":false,\"Down\":false},\"Secondary\":{\"Up\":false,\"Down\":false},\"Channel\":{\"Up\":false,\"Down\":false},\"Duration\":{\"Up\":false,\"Down\":false},\"Repeat\":{\"Up\":false,\"Down\":false}}},\"path_snap_data\":{},\"color\":{\"B\":35,\"G\":160,\"R\":255,\"A\":255},\"mute\":false,\"pass\":false,\"Origin\":\"-1260, -108\",\"SerializablePathTo\":[],\"SerializablePathFrom\":[],\"PathMode\":0,\"SignalMode\":0,\"Start\":false}"}
{"type":1,"json":"{\"id\":147,\"label\":\"percussion - midi ch 3\",\"midi_data\":{\"Primary\":40,\"Secondary\":100,\"Channel\":2,\"Duration\":1.0,\"Repeat\":0,\"Root\":0,\"Scale\":0},\"relative_midi_data\":{\"Primary\":0,\"RangedPrimary\":0,\"Secondary\":-12,\"Channel\":0,\"Duration\":0.0,\"Repeat\":0,\"Root\":0,\"Scale\":0,\"RangeFields\":{\"Primary\":{\"Up\":false,\"Down\":false},\"Secondary\":{\"Up\":false,\"Down\":false},\"Channel\":{\"Up\":false,\"Down\":false},\"Duration\":{\"Up\":false,\"Down\":false},\"Repeat\":{\"Up\":false,\"Down\":false}}},\"path_snap_data\":{},\"color\":{\"B\":255,\"G\":255,\"R\":255,\"A\":255},\"mute\":false,\"pass\":false,\"Origin\":\"-1260, -180\",\"SerializablePathTo\":[],\"SerializablePathFrom\":[],\"PathMode\":0,\"SignalMode\":0,\"Start\":false}"}
{"type":5,"json":"{\"source_id\":116,\"target_id\":101,\"origin_part\":2,\"destination_part\":1,\"origin_position\":9,\"weight\":1,\"PathMode\":0}"}
{"type":5,"json":"{\"source_id\":112,\"target_id\":111,\"origin_part\":3,\"destination_part\":2,\"origin_position\":3,\"weight\":1,\"PathMode\":0}"}
{"type":5,"json":"{\"source_id\":90,\"target_id\":93,\"origin_part\":1,\"destination_part\":0,\"origin_position\":6,\"weight\":1,\"PathMode\":0}"}
{"type":5,"json":"{\"source_id\":119,\"target_id\":120,\"origin_part\":3,\"destination_part\":1,\"origin_position\":3,\"weight\":1,\"PathMode\":0}"}
{"type":5,"json":"{\"source_id\":110,\"target_id\":113,\"origin_part\":2,\"destination_part\":1,\"origin_position\":9,\"weight\":1,\"PathMode\":0}"}
{"type":5,"json":"{\"source_id\":93,\"target_id\":94,\"origin_part\":3,\"destination_part\":0,\"origin_position\":3,\"weight\":1,\"PathMode\":0}"}
{"type":5,"json":"{\"source_id\":135,\"target_id\":136,\"origin_part\":3,\"destination_part\":0,\"origin_position\":3,\"weight\":1,\"PathMode\":0}"}
{"type":5,"json":"{\"source_id\":120,\"target_id\":127,\"origin_part\":2,\"destination_part\":1,\"origin_position\":9,\"weight\":1,\"PathMode\":0}"}
{"type":5,"json":"{\"source_id\":122,\"target_id\":123,\"origin_part\":2,\"destination_part\":1,\"origin_position\":9,\"weight\":1,\"PathMode\":0}"}
{"type":5,"json":"{\"source_id\":89,\"target_id\":88,\"origin_part\":1,\"destination_part\":0,\"origin_position\":6,\"weight\":1,\"PathMode\":0}"}
{"type":5,"json":"{\"source_id\":130,\"target_id\":131,\"origin_part\":3,\"destination_part\":0,\"origin_position\":3,\"weight\":1,\"PathMode\":0}"}
{"type":5,"json":"{\"source_id\":98,\"target_id\":99,\"origin_part\":3,\"destination_part\":2,\"origin_position\":3,\"weight\":1,\"PathMode\":0}"}
{"type":5,"json":"{\"source_id\":115,\"target_id\":116,\"origin_part\":2,\"destination_part\":1,\"origin_position\":9,\"weight\":1,\"PathMode\":0}"}
{"type":5,"json":"{\"source_id\":132,\"target_id\":133,\"origin_part\":3,\"destination_part\":0,\"origin_position\":3,\"weight\":1,\"PathMode\":0}"}
{"type":5,"json":"{\"source_id\":83,\"target_id\":84,\"origin_part\":3,\"destination_part\":2,\"origin_position\":4,\"weight\":1,\"PathMode\":0}"}
{"type":5,"json":"{\"source_id\":104,\"target_id\":105,\"origin_part\":3,\"destination_part\":1,\"origin_position\":3,\"weight\":1,\"PathMode\":0}"}
{"type":5,"json":"{\"source_id\":121,\"target_id\":122,\"origin_part\":2,\"destination_part\":0,\"origin_position\":9,\"weight\":1,\"PathMode\":0}"}
{"type":5,"json":"{\"source_id\":127,\"target_id\":125,\"origin_part\":3,\"destination_part\":0,\"origin_position\":3,\"weight\":1,\"PathMode\":0}"}
{"type":5,"json":"{\"source_id\":111,\"target_id\":110,\"origin_part\":3,\"destination_part\":0,\"origin_position\":3,\"weight\":1,\"PathMode\":0}"}
{"type":5,"json":"{\"source_id\":136,\"target_id\":137,\"origin_part\":3,\"destination_part\":2,\"origin_position\":3,\"weight\":1,\"PathMode\":0}"}
{"type":5,"json":"{\"source_id\":138,\"target_id\":139,\"origin_part\":2,\"destination_part\":0,\"origin_position\":9,\"weight\":1,\"PathMode\":0}"}
{"type":5,"json":"{\"source_id\":125,\"target_id\":126,\"origin_part\":2,\"destination_part\":0,\"origin_position\":9,\"weight\":1,\"PathMode\":0}"}
{"type":5,"json":"{\"source_id\":106,\"target_id\":107,\"origin_part\":3,\"destination_part\":1,\"origin_position\":3,\"weight\":1,\"PathMode\":0}"}
{"type":5,"json":"{\"source_id\":84,\"target_id\":86,\"origin_part\":2,\"destination_part\":0,\"origin_position\":9,\"weight\":1,\"PathMode\":0}"}
{"type":5,"json":"{\"source_id\":133,\"target_id\":130,\"origin_part\":2,\"destination_part\":1,\"origin_position\":9,\"weight\":1,\"PathMode\":0}"}
{"type":5,"json":"{\"source_id\":129,\"target_id\":130,\"origin_part\":3,\"destination_part\":1,\"origin_position\":3,\"weight\":1,\"PathMode\":0}"}
{"type":5,"json":"{\"source_id\":101,\"target_id\":103,\"origin_part\":3,\"destination_part\":1,\"origin_position\":3,\"weight\":1,\"PathMode\":0}"}
{"type":5,"json":"{\"source_id\":117,\"target_id\":118,\"origin_part\":3,\"destination_part\":0,\"origin_position\":3,\"weight\":1,\"PathMode\":0}"}
{"type":5,"json":"{\"source_id\":96,\"target_id\":97,\"origin_part\":3,\"destination_part\":2,\"origin_position\":3,\"weight\":1,\"PathMode\":0}"}
{"type":5,"json":"{\"source_id\":105,\"target_id\":106,\"origin_part\":2,\"destination_part\":0,\"origin_position\":10,\"weight\":1,\"PathMode\":0}"}
{"type":5,"json":"{\"source_id\":137,\"target_id\":138,\"origin_part\":2,\"destination_part\":0,\"origin_position\":10,\"weight\":1,\"PathMode\":0}"}
{"type":5,"json":"{\"source_id\":86,\"target_id\":83,\"origin_part\":2,\"destination_part\":1,\"origin_position\":9,\"weight\":1,\"PathMode\":0}"}
{"type":5,"json":"{\"source_id\":120,\"target_id\":121,\"origin_part\":3,\"destination_part\":1,\"origin_position\":3,\"weight\":1,\"PathMode\":0}"}
{"type":5,"json":"{\"source_id\":128,\"target_id\":129,\"origin_part\":2,\"destination_part\":1,\"origin_position\":9,\"weight\":1,\"PathMode\":0}"}
{"type":5,"json":"{\"source_id\":105,\"target_id\":114,\"origin_part\":2,\"destination_part\":0,\"origin_position\":9,\"weight\":1,\"PathMode\":0}"}
{"type":5,"json":"{\"source_id\":109,\"target_id\":112,\"origin_part\":2,\"destination_part\":0,\"origin_position\":9,\"weight\":1,\"PathMode\":0}"}
{"type":5,"json":"{\"source_id\":103,\"target_id\":104,\"origin_part\":3,\"destination_part\":1,\"origin_position\":3,\"weight\":1,\"PathMode\":0}"}
{"type":5,"json":"{\"source_id\":131,\"target_id\":132,\"origin_part\":1,\"destination_part\":0,\"origin_position\":6,\"weight\":1,\"PathMode\":0}"}
{"type":5,"json":"{\"source_id\":107,\"target_id\":108,\"origin_part\":3,\"destination_part\":0,\"origin_position\":3,\"weight\":1,\"PathMode\":0}"}
{"type":5,"json":"{\"source_id\":83,\"target_id\":135,\"origin_part\":3,\"destination_part\":2,\"origin_position\":5,\"weight\":1,\"PathMode\":0}"}
{"type":5,"json":"{\"source_id\":99,\"target_id\":140,\"origin_part\":0,\"destination_part\":1,\"origin_position\":0,\"weight\":1,\"PathMode\":0}"}
{"type":5,"json":"{\"source_id\":113,\"target_id\":114,\"origin_part\":2,\"destination_part\":1,\"origin_position\":9,\"weight\":1,\"PathMode\":0}"}
{"type":5,"json":"{\"source_id\":114,\"target_id\":115,\"origin_part\":3,\"destination_part\":0,\"origin_position\":3,\"weight\":1,\"PathMode\":0}"}
{"type":5,"json":"{\"source_id\":97,\"target_id\":98,\"origin_part\":2,\"destination_part\":1,\"origin_position\":9,\"weight\":1,\"PathMode\":0}"}
{"type":5,"json":"{\"source_id\":83,\"target_id\":128,\"origin_part\":3,\"destination_part\":1,\"origin_position\":4,\"weight\":1,\"PathMode\":0}"}
{"type":5,"json":"{\"source_id\":87,\"target_id\":88,\"origin_part\":2,\"destination_part\":1,\"origin_position\":9,\"weight\":1,\"PathMode\":0}"}
{"type":5,"json":"{\"source_id\":83,\"target_id\":117,\"origin_part\":3,\"destination_part\":0,\"origin_position\":3,\"weight\":1,\"PathMode\":0}"}
{"type":5,"json":"{\"source_id\":83,\"target_id\":87,\"origin_part\":3,\"destination_part\":1,\"origin_position\":3,\"weight\":1,\"PathMode\":0}"}
{"type":5,"json":"{\"source_id\":108,\"target_id\":109,\"origin_part\":2,\"destination_part\":1,\"origin_position\":9,\"weight\":1,\"PathMode\":0}"}
{"type":5,"json":"{\"source_id\":138,\"target_id\":136,\"origin_part\":2,\"destination_part\":1,\"origin_position\":10,\"weight\":1,\"PathMode\":0}"}
{"type":5,"json":"{\"source_id\":90,\"target_id\":96,\"origin_part\":2,\"destination_part\":1,\"origin_position\":9,\"weight\":1,\"PathMode\":0}"}
{"type":5,"json":"{\"source_id\":124,\"target_id\":125,\"origin_part\":2,\"destination_part\":0,\"origin_position\":9,\"weight\":1,\"PathMode\":0}"}
{"type":5,"json":"{\"source_id\":89,\"target_id\":87,\"origin_part\":3,\"destination_part\":0,\"origin_position\":3,\"weight\":1,\"PathMode\":0}"}
{"type":5,"json":"{\"source_id\":130,\"target_id\":134,\"origin_part\":3,\"destination_part\":0,\"origin_position\":4,\"weight\":1,\"PathMode\":0}"}
{"type":5,"json":"{\"source_id\":118,\"target_id\":119,\"origin_part\":2,\"destination_part\":1,\"origin_position\":9,\"weight\":1,\"PathMode\":0}"}
{"type":5,"json":"{\"source_id\":88,\"target_id\":89,\"origin_part\":0,\"destination_part\":1,\"origin_position\":1,\"weight\":1,\"PathMode\":0}"}
{"type":5,"json":"{\"source_id\":88,\"target_id\":97,\"origin_part\":3,\"destination_part\":0,\"origin_position\":3,\"weight\":1,\"PathMode\":0}"}
{"type":5,"json":"{\"source_id\":123,\"target_id\":124,\"origin_part\":3,\"destination_part\":1,\"origin_position\":3,\"weight\":1,\"PathMode\":0}"}
{"type":5,"json":"{\"source_id\":124,\"target_id\":120,\"origin_part\":2,\"destination_part\":1,\"origin_position\":10,\"weight\":1,\"PathMode\":0}"}
{"type":5,"json":"{\"source_id\":83,\"target_id\":90,\"origin_part\":2,\"destination_part\":3,\"origin_position\":9,\"weight\":1,\"PathMode\":0}"}
{"type":6,"json":"{\"tempo\":70.0,\"grid_size\":4,\"beat_division\":8,\"beat_division_selector_index\":2,\"doc_scale\":1,\"scale_selector_index\":0,\"clock_source\":2,\"camera_position\":\"-617.8048, -252.34183\"}"}
