{"type":0,"json":"\"1.0.5\""}
{"type":1,"json":"{\"id\":60,\"label\":\"\",\"midi_data\":{\"Primary\":67,\"Secondary\":100,\"Channel\":1,\"Duration\":1.0,\"Repeat\":0,\"Root\":0,\"Scale\":0},\"relative_midi_data\":{\"Primary\":-12,\"RangedPrimary\":0,\"Secondary\":0,\"Channel\":0,\"Duration\":0.0,\"Repeat\":0,\"Root\":0,\"Scale\":0,\"RangeFields\":{\"Primary\":{\"Up\":false,\"Down\":false},\"Secondary\":{\"Up\":false,\"Down\":false},\"Channel\":{\"Up\":false,\"Down\":false},\"Duration\":{\"Up\":false,\"Down\":false},\"Repeat\":{\"Up\":false,\"Down\":false}}},\"path_snap_data\":{},\"color\":{\"B\":255,\"G\":255,\"R\":255,\"A\":255},\"mute\":false,\"pass\":false,\"Origin\":\"-1728, 72\",\"SerializablePathTo\":[67,55],\"SerializablePathFrom\":[56],\"PathMode\":1,\"SignalMode\":1,\"Start\":false}"}
{"type":1,"json":"{\"id\":58,\"label\":\"\",\"midi_data\":{\"Primary\":75,\"Secondary\":100,\"Channel\":1,\"Duration\":1.0,\"Repeat\":0,\"Root\":0,\"Scale\":0},\"relative_midi_data\":{\"Primary\":7,\"RangedPrimary\":0,\"Secondary\":0,\"Channel\":0,\"Duration\":0.0,\"Repeat\":0,\"Root\":0,\"Scale\":0,\"RangeFields\":{\"Primary\":{\"Up\":false,\"Down\":false},\"Secondary\":{\"Up\":false,\"Down\":false},\"Channel\":{\"Up\":false,\"Down\":false},\"Duration\":{\"Up\":false,\"Down\":false},\"Repeat\":{\"Up\":false,\"Down\":false}}},\"path_snap_data\":{},\"color\":{\"B\":255,\"G\":255,\"R\":255,\"A\":255},\"mute\":false,\"pass\":false,\"Origin\":\"-1296, 0\",\"SerializablePathTo\":[54,61],\"SerializablePathFrom\":[54],\"PathMode\":0,\"SignalMode\":0,\"Start\":false}"}
{"type":1,"json":"{\"id\":59,\"label\":\"\",\"midi_data\":{\"Primary\":60,\"Secondary\":100,\"Channel\":1,\"Duration\":1.0,\"Repeat\":0,\"Root\":0,\"Scale\":0},\"relative_midi_data\":{\"Primary\":-12,\"RangedPrimary\":0,\"Secondary\":0,\"Channel\":0,\"Duration\":0.0,\"Repeat\":0,\"Root\":0,\"Scale\":0,\"RangeFields\":{\"Primary\":{\"Up\":false,\"Down\":false},\"Secondary\":{\"Up\":false,\"Down\":false},\"Channel\":{\"Up\":false,\"Down\":false},\"Duration\":{\"Up\":false,\"Down\":false},\"Repeat\":{\"Up\":false,\"Down\":false}}},\"path_snap_data\":{},\"color\":{\"B\":255,\"G\":255,\"R\":255,\"A\":255},\"mute\":false,\"pass\":false,\"Origin\":\"-1152, 72\",\"SerializablePathTo\":[53,65],\"SerializablePathFrom\":[57],\"PathMode\":1,\"SignalMode\":1,\"Start\":false}"}
{"type":1,"json":"{\"id\":64,\"label\":\"\",\"midi_data\":{\"Primary\":75,\"Secondary\":100,\"Channel\":1,\"Duration\":1.0,\"Repeat\":0,\"Root\":0,\"Scale\":0},\"relative_midi_data\":{\"Primary\":-5,\"RangedPrimary\":0,\"Secondary\":0,\"Channel\":0,\"Duration\":0.0,\"Repeat\":0,\"Root\":0,\"Scale\":0,\"RangeFields\":{\"Primary\":{\"Up\":false,\"Down\":false},\"Secondary\":{\"Up\":false,\"Down\":false},\"Channel\":{\"Up\":false,\"Down\":false},\"Duration\":{\"Up\":false,\"Down\":false},\"Repeat\":{\"Up\":false,\"Down\":false}}},\"path_snap_data\":{},\"color\":{\"B\":255,\"G\":255,\"R\":255,\"A\":255},\"mute\":false,\"pass\":false,\"Origin\":\"-1080, 252\",\"SerializablePathTo\":[],\"SerializablePathFrom\":[53],\"PathMode\":0,\"SignalMode\":0,\"Start\":false}"}
{"type":1,"json":"{\"id\":65,\"label\":\"\",\"midi_data\":{\"Primary\":75,\"Secondary\":100,\"Channel\":1,\"Duration\":1.0,\"Repeat\":0,\"Root\":0,\"Scale\":0},\"relative_midi_data\":{\"Primary\":-5,\"RangedPrimary\":0,\"Secondary\":0,\"Channel\":0,\"Duration\":0.0,\"Repeat\":0,\"Root\":0,\"Scale\":0,\"RangeFields\":{\"Primary\":{\"Up\":false,\"Down\":false},\"Secondary\":{\"Up\":false,\"Down\":false},\"Channel\":{\"Up\":false,\"Down\":false},\"Duration\":{\"Up\":false,\"Down\":false},\"Repeat\":{\"Up\":false,\"Down\":false}}},\"path_snap_data\":{},\"color\":{\"B\":255,\"G\":255,\"R\":255,\"A\":255},\"mute\":false,\"pass\":false,\"Origin\":\"-1080, 72\",\"SerializablePathTo\":[71],\"SerializablePathFrom\":[59],\"PathMode\":0,\"SignalMode\":0,\"Start\":false}"}
{"type":1,"json":"{\"id\":67,\"label\":\"\",\"midi_data\":{\"Primary\":75,\"Secondary\":100,\"Channel\":1,\"Duration\":1.0,\"Repeat\":0,\"Root\":0,\"Scale\":0},\"relative_midi_data\":{\"Primary\":-5,\"RangedPrimary\":0,\"Secondary\":0,\"Channel\":0,\"Duration\":0.0,\"Repeat\":0,\"Root\":0,\"Scale\":0,\"RangeFields\":{\"Primary\":{\"Up\":false,\"Down\":false},\"Secondary\":{\"Up\":false,\"Down\":false},\"Channel\":{\"Up\":false,\"Down\":false},\"Duration\":{\"Up\":false,\"Down\":false},\"Repeat\":{\"Up\":false,\"Down\":false}}},\"path_snap_data\":{},\"color\":{\"B\":255,\"G\":255,\"R\":255,\"A\":255},\"mute\":false,\"pass\":false,\"Origin\":\"-1620, 72\",\"SerializablePathTo\":[],\"SerializablePathFrom\":[60],\"PathMode\":0,\"SignalMode\":0,\"Start\":false}"}
{"type":1,"json":"{\"id\":63,\"label\":\"\",\"midi_data\":{\"Primary\":75,\"Secondary\":100,\"Channel\":1,\"Duration\":1.0,\"Repeat\":0,\"Root\":0,\"Scale\":0},\"relative_midi_data\":{\"Primary\":7,\"RangedPrimary\":0,\"Secondary\":0,\"Channel\":0,\"Duration\":0.0,\"Repeat\":0,\"Root\":0,\"Scale\":0,\"RangeFields\":{\"Primary\":{\"Up\":false,\"Down\":false},\"Secondary\":{\"Up\":false,\"Down\":false},\"Channel\":{\"Up\":false,\"Down\":false},\"Duration\":{\"Up\":false,\"Down\":false},\"Repeat\":{\"Up\":false,\"Down\":false}}},\"path_snap_data\":{},\"color\":{\"B\":255,\"G\":255,\"R\":255,\"A\":255},\"mute\":false,\"pass\":false,\"Origin\":\"-1368, 216\",\"SerializablePathTo\":[],\"SerializablePathFrom\":[54],\"PathMode\":0,\"SignalMode\":0,\"Start\":false}"}
{"type":1,"json":"{\"id\":61,\"label\":\"\",\"midi_data\":{\"Primary\":75,\"Secondary\":100,\"Channel\":1,\"Duration\":1.0,\"Repeat\":0,\"Root\":0,\"Scale\":0},\"relative_midi_data\":{\"Primary\":-12,\"RangedPrimary\":0,\"Secondary\":0,\"Channel\":0,\"Duration\":0.0,\"Repeat\":0,\"Root\":0,\"Scale\":0,\"RangeFields\":{\"Primary\":{\"Up\":false,\"Down\":false},\"Secondary\":{\"Up\":false,\"Down\":false},\"Channel\":{\"Up\":false,\"Down\":false},\"Duration\":{\"Up\":false,\"Down\":false},\"Repeat\":{\"Up\":false,\"Down\":false}}},\"path_snap_data\":{},\"color\":{\"B\":255,\"G\":255,\"R\":255,\"A\":255},\"mute\":false,\"pass\":false,\"Origin\":\"-1440, 72\",\"SerializablePathTo\":[66,54],\"SerializablePathFrom\":[58],\"PathMode\":1,\"SignalMode\":1,\"Start\":false}"}
{"type":1,"json":"{\"id\":57,\"label\":\"\",\"midi_data\":{\"Primary\":60,\"Secondary\":100,\"Channel\":1,\"Duration\":1.0,\"Repeat\":0,\"Root\":0,\"Scale\":0},\"relative_midi_data\":{\"Primary\":7,\"RangedPrimary\":0,\"Secondary\":0,\"Channel\":0,\"Duration\":0.0,\"Repeat\":0,\"Root\":0,\"Scale\":0,\"RangeFields\":{\"Primary\":{\"Up\":false,\"Down\":false},\"Secondary\":{\"Up\":false,\"Down\":false},\"Channel\":{\"Up\":false,\"Down\":false},\"Duration\":{\"Up\":false,\"Down\":false},\"Repeat\":{\"Up\":false,\"Down\":false}}},\"path_snap_data\":{},\"color\":{\"B\":255,\"G\":255,\"R\":255,\"A\":255},\"mute\":false,\"pass\":false,\"Origin\":\"-1008, 0\",\"SerializablePathTo\":[53,59],\"SerializablePathFrom\":[53],\"PathMode\":0,\"SignalMode\":0,\"Start\":false}"}
{"type":1,"json":"{\"id\":70,\"label\":\"\",\"midi_data\":{\"Primary\":75,\"Secondary\":100,\"Channel\":1,\"Duration\":1.0,\"Repeat\":0,\"Root\":0,\"Scale\":0},\"relative_midi_data\":{\"Primary\":-5,\"RangedPrimary\":0,\"Secondary\":0,\"Channel\":0,\"Duration\":0.0,\"Repeat\":0,\"Root\":0,\"Scale\":0,\"RangeFields\":{\"Primary\":{\"Up\":false,\"Down\":false},\"Secondary\":{\"Up\":false,\"Down\":false},\"Channel\":{\"Up\":false,\"Down\":false},\"Duration\":{\"Up\":false,\"Down\":false},\"Repeat\":{\"Up\":false,\"Down\":false}}},\"path_snap_data\":{},\"color\":{\"B\":255,\"G\":255,\"R\":255,\"A\":255},\"mute\":false,\"pass\":false,\"Origin\":\"-1332, 72\",\"SerializablePathTo\":[],\"SerializablePathFrom\":[66],\"PathMode\":0,\"SignalMode\":0,\"Start\":false}"}
{"type":1,"json":"{\"id\":55,\"label\":\"\",\"midi_data\":{\"Primary\":67,\"Secondary\":100,\"Channel\":1,\"Duration\":1.0,\"Repeat\":0,\"Root\":0,\"Scale\":0},\"relative_midi_data\":{\"Primary\":-5,\"RangedPrimary\":0,\"Secondary\":0,\"Channel\":0,\"Duration\":0.0,\"Repeat\":0,\"Root\":0,\"Scale\":0,\"RangeFields\":{\"Primary\":{\"Up\":false,\"Down\":false},\"Secondary\":{\"Up\":false,\"Down\":false},\"Channel\":{\"Up\":false,\"Down\":false},\"Duration\":{\"Up\":false,\"Down\":false},\"Repeat\":{\"Up\":false,\"Down\":false}}},\"path_snap_data\":{},\"color\":{\"B\":255,\"G\":255,\"R\":255,\"A\":255},\"mute\":false,\"pass\":false,\"Origin\":\"-1656, 144\",\"SerializablePathTo\":[56],\"SerializablePathFrom\":[56,60],\"PathMode\":0,\"SignalMode\":1,\"Start\":true}"}
{"type":1,"json":"{\"id\":56,\"label\":\"\",\"midi_data\":{\"Primary\":67,\"Secondary\":100,\"Channel\":1,\"Duration\":1.0,\"Repeat\":0,\"Root\":0,\"Scale\":0},\"relative_midi_data\":{\"Primary\":7,\"RangedPrimary\":0,\"Secondary\":0,\"Channel\":0,\"Duration\":0.0,\"Repeat\":0,\"Root\":0,\"Scale\":0,\"RangeFields\":{\"Primary\":{\"Up\":false,\"Down\":false},\"Secondary\":{\"Up\":false,\"Down\":false},\"Channel\":{\"Up\":false,\"Down\":false},\"Duration\":{\"Up\":false,\"Down\":false},\"Repeat\":{\"Up\":false,\"Down\":false}}},\"path_snap_data\":{},\"color\":{\"B\":255,\"G\":255,\"R\":255,\"A\":255},\"mute\":false,\"pass\":false,\"Origin\":\"-1584, 0\",\"SerializablePathTo\":[55,60],\"SerializablePathFrom\":[55],\"PathMode\":0,\"SignalMode\":0,\"Start\":false}"}
{"type":1,"json":"{\"id\":71,\"label\":\"\",\"midi_data\":{\"Primary\":75,\"Secondary\":100,\"Channel\":1,\"Duration\":1.0,\"Repeat\":0,\"Root\":0,\"Scale\":0},\"relative_midi_data\":{\"Primary\":7,\"RangedPrimary\":0,\"Secondary\":0,\"Channel\":0,\"Duration\":0.0,\"Repeat\":0,\"Root\":0,\"Scale\":0,\"RangeFields\":{\"Primary\":{\"Up\":false,\"Down\":false},\"Secondary\":{\"Up\":false,\"Down\":false},\"Channel\":{\"Up\":false,\"Down\":false},\"Duration\":{\"Up\":false,\"Down\":false},\"Repeat\":{\"Up\":false,\"Down\":false}}},\"path_snap_data\":{},\"color\":{\"B\":255,\"G\":255,\"R\":255,\"A\":255},\"mute\":false,\"pass\":false,\"Origin\":\"-1044, 72\",\"SerializablePathTo\":[],\"SerializablePathFrom\":[65],\"PathMode\":0,\"SignalMode\":0,\"Start\":false}"}
{"type":1,"json":"{\"id\":66,\"label\":\"\",\"midi_data\":{\"Primary\":75,\"Secondary\":100,\"Channel\":1,\"Duration\":1.0,\"Repeat\":0,\"Root\":0,\"Scale\":0},\"relative_midi_data\":{\"Primary\":7,\"RangedPrimary\":0,\"Secondary\":0,\"Channel\":0,\"Duration\":0.0,\"Repeat\":0,\"Root\":0,\"Scale\":0,\"RangeFields\":{\"Primary\":{\"Up\":false,\"Down\":false},\"Secondary\":{\"Up\":false,\"Down\":false},\"Channel\":{\"Up\":false,\"Down\":false},\"Duration\":{\"Up\":false,\"Down\":false},\"Repeat\":{\"Up\":false,\"Down\":false}}},\"path_snap_data\":{},\"color\":{\"B\":255,\"G\":255,\"R\":255,\"A\":255},\"mute\":false,\"pass\":false,\"Origin\":\"-1404, 72\",\"SerializablePathTo\":[70],\"SerializablePathFrom\":[61],\"PathMode\":0,\"SignalMode\":0,\"Start\":false}"}
{"type":1,"json":"{\"id\":54,\"label\":\"\",\"midi_data\":{\"Primary\":75,\"Secondary\":100,\"Channel\":1,\"Duration\":1.0,\"Repeat\":0,\"Root\":0,\"Scale\":0},\"relative_midi_data\":{\"Primary\":-5,\"RangedPrimary\":0,\"Secondary\":0,\"Channel\":0,\"Duration\":0.0,\"Repeat\":0,\"Root\":0,\"Scale\":0,\"RangeFields\":{\"Primary\":{\"Up\":false,\"Down\":false},\"Secondary\":{\"Up\":false,\"Down\":false},\"Channel\":{\"Up\":false,\"Down\":false},\"Duration\":{\"Up\":false,\"Down\":false},\"Repeat\":{\"Up\":false,\"Down\":false}}},\"path_snap_data\":{},\"color\":{\"B\":255,\"G\":255,\"R\":255,\"A\":255},\"mute\":false,\"pass\":false,\"Origin\":\"-1368, 144\",\"SerializablePathTo\":[63,58],\"SerializablePathFrom\":[58,61],\"PathMode\":0,\"SignalMode\":1,\"Start\":true}"}
{"type":1,"json":"{\"id\":53,\"label\":\"\",\"midi_data\":{\"Primary\":60,\"Secondary\":100,\"Channel\":1,\"Duration\":1.0,\"Repeat\":0,\"Root\":0,\"Scale\":0},\"relative_midi_data\":{\"Primary\":-5,\"RangedPrimary\":0,\"Secondary\":0,\"Channel\":0,\"Duration\":0.0,\"Repeat\":0,\"Root\":0,\"Scale\":0,\"RangeFields\":{\"Primary\":{\"Up\":false,\"Down\":false},\"Secondary\":{\"Up\":false,\"Down\":false},\"Channel\":{\"Up\":false,\"Down\":false},\"Duration\":{\"Up\":false,\"Down\":false},\"Repeat\":{\"Up\":false,\"Down\":false}}},\"path_snap_data\":{},\"color\":{\"B\":255,\"G\":255,\"R\":255,\"A\":255},\"mute\":false,\"pass\":false,\"Origin\":\"-1080, 144\",\"SerializablePathTo\":[57,64],\"SerializablePathFrom\":[57,59],\"PathMode\":0,\"SignalMode\":1,\"Start\":true}"}
{"type":5,"json":"{\"source_id\":57,\"target_id\":59,\"origin_part\":2,\"destination_part\":0,\"origin_position\":9,\"weight\":1,\"PathMode\":0}"}
{"type":5,"json":"{\"source_id\":58,\"target_id\":54,\"origin_part\":2,\"destination_part\":0,\"origin_position\":10,\"weight\":5,\"PathMode\":0}"}
{"type":5,"json":"{\"source_id\":53,\"target_id\":57,\"origin_part\":3,\"destination_part\":1,\"origin_position\":3,\"weight\":1,\"PathMode\":0}"}
{"type":5,"json":"{\"source_id\":66,\"target_id\":70,\"origin_part\":3,\"destination_part\":2,\"origin_position\":3,\"weight\":1,\"PathMode\":0}"}
{"type":5,"json":"{\"source_id\":59,\"target_id\":65,\"origin_part\":3,\"destination_part\":2,\"origin_position\":3,\"weight\":1,\"PathMode\":1}"}
{"type":5,"json":"{\"source_id\":53,\"target_id\":64,\"origin_part\":1,\"destination_part\":0,\"origin_position\":6,\"weight\":1,\"PathMode\":0}"}
{"type":5,"json":"{\"source_id\":57,\"target_id\":53,\"origin_part\":2,\"destination_part\":0,\"origin_position\":10,\"weight\":5,\"PathMode\":0}"}
{"type":5,"json":"{\"source_id\":61,\"target_id\":54,\"origin_part\":1,\"destination_part\":2,\"origin_position\":6,\"weight\":1,\"PathMode\":1}"}
{"type":5,"json":"{\"source_id\":60,\"target_id\":55,\"origin_part\":1,\"destination_part\":2,\"origin_position\":6,\"weight\":1,\"PathMode\":1}"}
{"type":5,"json":"{\"source_id\":58,\"target_id\":61,\"origin_part\":2,\"destination_part\":0,\"origin_position\":9,\"weight\":1,\"PathMode\":0}"}
{"type":5,"json":"{\"source_id\":65,\"target_id\":71,\"origin_part\":3,\"destination_part\":2,\"origin_position\":3,\"weight\":1,\"PathMode\":0}"}
{"type":5,"json":"{\"source_id\":56,\"target_id\":60,\"origin_part\":2,\"destination_part\":0,\"origin_position\":10,\"weight\":1,\"PathMode\":0}"}
{"type":5,"json":"{\"source_id\":60,\"target_id\":67,\"origin_part\":3,\"destination_part\":2,\"origin_position\":3,\"weight\":1,\"PathMode\":1}"}
{"type":5,"json":"{\"source_id\":56,\"target_id\":55,\"origin_part\":2,\"destination_part\":0,\"origin_position\":9,\"weight\":5,\"PathMode\":0}"}
{"type":5,"json":"{\"source_id\":54,\"target_id\":63,\"origin_part\":1,\"destination_part\":0,\"origin_position\":6,\"weight\":1,\"PathMode\":0}"}
{"type":5,"json":"{\"source_id\":61,\"target_id\":66,\"origin_part\":3,\"destination_part\":2,\"origin_position\":3,\"weight\":1,\"PathMode\":1}"}
{"type":5,"json":"{\"source_id\":54,\"target_id\":58,\"origin_part\":3,\"destination_part\":1,\"origin_position\":3,\"weight\":1,\"PathMode\":0}"}
{"type":5,"json":"{\"source_id\":55,\"target_id\":56,\"origin_part\":3,\"destination_part\":1,\"origin_position\":3,\"weight\":1,\"PathMode\":0}"}
{"type":5,"json":"{\"source_id\":59,\"target_id\":53,\"origin_part\":1,\"destination_part\":2,\"origin_position\":6,\"weight\":1,\"PathMode\":1}"}
{"type":6,"json":"{\"tempo\":125.0,\"grid_size\":4,\"beat_division\":4,\"beat_division_selector_index\":1,\"doc_scale\":5,\"scale_selector_index\":4,\"clock_source\":2,\"camera_position\":\"-1376.2727, 36.468063\"}"}
