{"type":0,"json":"\"1.0.5\""}
{"type":1,"json":"{\"id\":68,\"label\":\"Speed it up or slow it down\",\"midi_data\":{\"Primary\":60,\"Secondary\":100,\"Channel\":1,\"Duration\":1.0,\"Repeat\":0,\"Root\":0,\"Scale\":0},\"relative_midi_data\":{\"Primary\":0,\"RangedPrimary\":0,\"Secondary\":0,\"Channel\":0,\"Duration\":0.0,\"Repeat\":0,\"Root\":0,\"Scale\":0,\"RangeFields\":{\"Primary\":{\"Up\":false,\"Down\":false},\"Secondary\":{\"Up\":false,\"Down\":false},\"Channel\":{\"Up\":false,\"Down\":false},\"Duration\":{\"Up\":false,\"Down\":false},\"Repeat\":{\"Up\":false,\"Down\":false}}},\"path_snap_data\":{},\"color\":{\"B\":255,\"G\":255,\"R\":255,\"A\":255},\"mute\":false,\"pass\":false,\"Origin\":\"-540, 36\",\"SerializablePathTo\":[],\"SerializablePathFrom\":[],\"PathMode\":0,\"SignalMode\":0,\"Start\":false}"}
{"type":1,"json":"{\"id\":67,\"label\":\"Explore the sonic possibilities\",\"midi_data\":{\"Primary\":60,\"Secondary\":100,\"Channel\":1,\"Duration\":1.0,\"Repeat\":0,\"Root\":0,\"Scale\":0},\"relative_midi_data\":{\"Primary\":0,\"RangedPrimary\":0,\"Secondary\":0,\"Channel\":0,\"Duration\":0.0,\"Repeat\":0,\"Root\":0,\"Scale\":0,\"RangeFields\":{\"Primary\":{\"Up\":false,\"Down\":false},\"Secondary\":{\"Up\":false,\"Down\":false},\"Channel\":{\"Up\":false,\"Down\":false},\"Duration\":{\"Up\":false,\"Down\":false},\"Repeat\":{\"Up\":false,\"Down\":false}}},\"path_snap_data\":{},\"color\":{\"B\":255,\"G\":255,\"R\":255,\"A\":255},\"mute\":false,\"pass\":false,\"Origin\":\"-540, 0\",\"SerializablePathTo\":[],\"SerializablePathFrom\":[],\"PathMode\":0,\"SignalMode\":0,\"Start\":false}"}
{"type":1,"json":"{\"id\":66,\"label\":\"Endless variations and polyrhythms\",\"midi_data\":{\"Primary\":60,\"Secondary\":100,\"Channel\":1,\"Duration\":1.0,\"Repeat\":0,\"Root\":0,\"Scale\":0},\"relative_midi_data\":{\"Primary\":0,\"RangedPrimary\":0,\"Secondary\":0,\"Channel\":0,\"Duration\":0.0,\"Repeat\":0,\"Root\":0,\"Scale\":0,\"RangeFields\":{\"Primary\":{\"Up\":false,\"Down\":false},\"Secondary\":{\"Up\":false,\"Down\":false},\"Channel\":{\"Up\":false,\"Down\":false},\"Duration\":{\"Up\":false,\"Down\":false},\"Repeat\":{\"Up\":false,\"Down\":false}}},\"path_snap_data\":{},\"color\":{\"B\":255,\"G\":255,\"R\":255,\"A\":255},\"mute\":false,\"pass\":false,\"Origin\":\"-540, -36\",\"SerializablePathTo\":[],\"SerializablePathFrom\":[],\"PathMode\":0,\"SignalMode\":0,\"Start\":false}"}
{"type":1,"json":"{\"id\":65,\"label\":\"The Particle Network\",\"midi_data\":{\"Primary\":60,\"Secondary\":100,\"Channel\":1,\"Duration\":1.0,\"Repeat\":0,\"Root\":0,\"Scale\":0},\"relative_midi_data\":{\"Primary\":0,\"RangedPrimary\":0,\"Secondary\":0,\"Channel\":0,\"Duration\":0.0,\"Repeat\":0,\"Root\":0,\"Scale\":0,\"RangeFields\":{\"Primary\":{\"Up\":false,\"Down\":false},\"Secondary\":{\"Up\":false,\"Down\":false},\"Channel\":{\"Up\":false,\"Down\":false},\"Duration\":{\"Up\":false,\"Down\":false},\"Repeat\":{\"Up\":false,\"Down\":false}}},\"path_snap_data\":{},\"color\":{\"B\":255,\"G\":255,\"R\":255,\"A\":255},\"mute\":false,\"pass\":false,\"Origin\":\"-540, -72\",\"SerializablePathTo\":[],\"SerializablePathFrom\":[],\"PathMode\":0,\"SignalMode\":0,\"Start\":false}"}
{"type":1,"json":"{\"id\":64,\"label\":\"\",\"midi_data\":{\"Primary\":72,\"Secondary\":100,\"Channel\":1,\"Duration\":1.0,\"Repeat\":0,\"Root\":0,\"Scale\":0},\"relative_midi_data\":{\"Primary\":0,\"RangedPrimary\":0,\"Secondary\":0,\"Channel\":0,\"Duration\":0.0,\"Repeat\":0,\"Root\":0,\"Scale\":0,\"RangeFields\":{\"Primary\":{\"Up\":false,\"Down\":false},\"Secondary\":{\"Up\":false,\"Down\":false},\"Channel\":{\"Up\":false,\"Down\":false},\"Duration\":{\"Up\":false,\"Down\":false},\"Repeat\":{\"Up\":false,\"Down\":false}}},\"path_snap_data\":{},\"color\":{\"B\":255,\"G\":255,\"R\":255,\"A\":255},\"mute\":false,\"pass\":false,\"Origin\":\"-252, 252\",\"SerializablePathTo\":[63,62],\"SerializablePathFrom\":[37,61,63],\"PathMode\":0,\"SignalMode\":2,\"Start\":false}"}
{"type":1,"json":"{\"id\":63,\"label\":\"\",\"midi_data\":{\"Primary\":72,\"Secondary\":100,\"Channel\":1,\"Duration\":1.0,\"Repeat\":0,\"Root\":0,\"Scale\":0},\"relative_midi_data\":{\"Primary\":0,\"RangedPrimary\":0,\"Secondary\":0,\"Channel\":0,\"Duration\":0.0,\"Repeat\":0,\"Root\":0,\"Scale\":0,\"RangeFields\":{\"Primary\":{\"Up\":false,\"Down\":false},\"Secondary\":{\"Up\":false,\"Down\":false},\"Channel\":{\"Up\":false,\"Down\":false},\"Duration\":{\"Up\":false,\"Down\":false},\"Repeat\":{\"Up\":false,\"Down\":false}}},\"path_snap_data\":{},\"color\":{\"B\":255,\"G\":255,\"R\":255,\"A\":255},\"mute\":false,\"pass\":false,\"Origin\":\"-288, 216\",\"SerializablePathTo\":[37,64,62],\"SerializablePathFrom\":[37,61,62,64],\"PathMode\":0,\"SignalMode\":2,\"Start\":false}"}
{"type":1,"json":"{\"id\":62,\"label\":\"\",\"midi_data\":{\"Primary\":60,\"Secondary\":100,\"Channel\":1,\"Duration\":1.0,\"Repeat\":0,\"Root\":0,\"Scale\":0},\"relative_midi_data\":{\"Primary\":0,\"RangedPrimary\":0,\"Secondary\":0,\"Channel\":0,\"Duration\":0.0,\"Repeat\":0,\"Root\":0,\"Scale\":0,\"RangeFields\":{\"Primary\":{\"Up\":false,\"Down\":false},\"Secondary\":{\"Up\":false,\"Down\":false},\"Channel\":{\"Up\":false,\"Down\":false},\"Duration\":{\"Up\":false,\"Down\":false},\"Repeat\":{\"Up\":false,\"Down\":false}}},\"path_snap_data\":{},\"color\":{\"B\":255,\"G\":255,\"R\":255,\"A\":255},\"mute\":false,\"pass\":false,\"Origin\":\"-324, 252\",\"SerializablePathTo\":[37,63],\"SerializablePathFrom\":[37,61,63,64],\"PathMode\":0,\"SignalMode\":2,\"Start\":false}"}
{"type":1,"json":"{\"id\":61,\"label\":\"\",\"midi_data\":{\"Primary\":60,\"Secondary\":100,\"Channel\":1,\"Duration\":1.0,\"Repeat\":0,\"Root\":0,\"Scale\":0},\"relative_midi_data\":{\"Primary\":0,\"RangedPrimary\":0,\"Secondary\":0,\"Channel\":0,\"Duration\":0.0,\"Repeat\":0,\"Root\":0,\"Scale\":0,\"RangeFields\":{\"Primary\":{\"Up\":false,\"Down\":false},\"Secondary\":{\"Up\":false,\"Down\":false},\"Channel\":{\"Up\":false,\"Down\":false},\"Duration\":{\"Up\":false,\"Down\":false},\"Repeat\":{\"Up\":false,\"Down\":false}}},\"path_snap_data\":{},\"color\":{\"B\":255,\"G\":255,\"R\":255,\"A\":255},\"mute\":false,\"pass\":false,\"Origin\":\"-288, 288\",\"SerializablePathTo\":[37,53,64,62,63],\"SerializablePathFrom\":[37],\"PathMode\":0,\"SignalMode\":2,\"Start\":false}"}
{"type":1,"json":"{\"id\":60,\"label\":\"\",\"midi_data\":{\"Primary\":60,\"Secondary\":100,\"Channel\":1,\"Duration\":1.0,\"Repeat\":0,\"Root\":0,\"Scale\":0},\"relative_midi_data\":{\"Primary\":0,\"RangedPrimary\":0,\"Secondary\":0,\"Channel\":0,\"Duration\":0.0,\"Repeat\":0,\"Root\":0,\"Scale\":0,\"RangeFields\":{\"Primary\":{\"Up\":false,\"Down\":false},\"Secondary\":{\"Up\":false,\"Down\":false},\"Channel\":{\"Up\":false,\"Down\":false},\"Duration\":{\"Up\":false,\"Down\":false},\"Repeat\":{\"Up\":false,\"Down\":false}}},\"path_snap_data\":{},\"color\":{\"B\":255,\"G\":255,\"R\":255,\"A\":255},\"mute\":false,\"pass\":false,\"Origin\":\"288, 216\",\"SerializablePathTo\":[59,38],\"SerializablePathFrom\":[38,59],\"PathMode\":0,\"SignalMode\":2,\"Start\":false}"}
{"type":1,"json":"{\"id\":59,\"label\":\"\",\"midi_data\":{\"Primary\":63,\"Secondary\":100,\"Channel\":1,\"Duration\":1.0,\"Repeat\":0,\"Root\":0,\"Scale\":0},\"relative_midi_data\":{\"Primary\":0,\"RangedPrimary\":0,\"Secondary\":0,\"Channel\":0,\"Duration\":0.0,\"Repeat\":0,\"Root\":0,\"Scale\":0,\"RangeFields\":{\"Primary\":{\"Up\":false,\"Down\":false},\"Secondary\":{\"Up\":false,\"Down\":false},\"Channel\":{\"Up\":false,\"Down\":false},\"Duration\":{\"Up\":false,\"Down\":false},\"Repeat\":{\"Up\":false,\"Down\":false}}},\"path_snap_data\":{},\"color\":{\"B\":255,\"G\":255,\"R\":255,\"A\":255},\"mute\":false,\"pass\":false,\"Origin\":\"324, 216\",\"SerializablePathTo\":[60,57,38],\"SerializablePathFrom\":[60,38,57],\"PathMode\":0,\"SignalMode\":2,\"Start\":false}"}
{"type":1,"json":"{\"id\":58,\"label\":\"\",\"midi_data\":{\"Primary\":60,\"Secondary\":100,\"Channel\":1,\"Duration\":1.0,\"Repeat\":0,\"Root\":0,\"Scale\":0},\"relative_midi_data\":{\"Primary\":0,\"RangedPrimary\":0,\"Secondary\":0,\"Channel\":0,\"Duration\":0.0,\"Repeat\":0,\"Root\":0,\"Scale\":0,\"RangeFields\":{\"Primary\":{\"Up\":false,\"Down\":false},\"Secondary\":{\"Up\":false,\"Down\":false},\"Channel\":{\"Up\":false,\"Down\":false},\"Duration\":{\"Up\":false,\"Down\":false},\"Repeat\":{\"Up\":false,\"Down\":false}}},\"path_snap_data\":{},\"color\":{\"B\":255,\"G\":255,\"R\":255,\"A\":255},\"mute\":false,\"pass\":false,\"Origin\":\"252, -288\",\"SerializablePathTo\":[36,39],\"SerializablePathFrom\":[39,36],\"PathMode\":0,\"SignalMode\":2,\"Start\":false}"}
{"type":1,"json":"{\"id\":57,\"label\":\"\",\"midi_data\":{\"Primary\":72,\"Secondary\":100,\"Channel\":1,\"Duration\":1.0,\"Repeat\":0,\"Root\":0,\"Scale\":0},\"relative_midi_data\":{\"Primary\":0,\"RangedPrimary\":0,\"Secondary\":0,\"Channel\":0,\"Duration\":0.0,\"Repeat\":0,\"Root\":0,\"Scale\":0,\"RangeFields\":{\"Primary\":{\"Up\":false,\"Down\":false},\"Secondary\":{\"Up\":false,\"Down\":false},\"Channel\":{\"Up\":false,\"Down\":false},\"Duration\":{\"Up\":false,\"Down\":false},\"Repeat\":{\"Up\":false,\"Down\":false}}},\"path_snap_data\":{},\"color\":{\"B\":255,\"G\":255,\"R\":255,\"A\":255},\"mute\":false,\"pass\":false,\"Origin\":\"360, 180\",\"SerializablePathTo\":[54,56,59],\"SerializablePathFrom\":[54,56,59],\"PathMode\":0,\"SignalMode\":2,\"Start\":false}"}
{"type":1,"json":"{\"id\":56,\"label\":\"\",\"midi_data\":{\"Primary\":60,\"Secondary\":100,\"Channel\":1,\"Duration\":1.0,\"Repeat\":0,\"Root\":0,\"Scale\":0},\"relative_midi_data\":{\"Primary\":0,\"RangedPrimary\":0,\"Secondary\":0,\"Channel\":0,\"Duration\":0.0,\"Repeat\":0,\"Root\":0,\"Scale\":0,\"RangeFields\":{\"Primary\":{\"Up\":false,\"Down\":false},\"Secondary\":{\"Up\":false,\"Down\":false},\"Channel\":{\"Up\":false,\"Down\":false},\"Duration\":{\"Up\":false,\"Down\":false},\"Repeat\":{\"Up\":false,\"Down\":false}}},\"path_snap_data\":{},\"color\":{\"B\":255,\"G\":255,\"R\":255,\"A\":255},\"mute\":false,\"pass\":false,\"Origin\":\"360, 324\",\"SerializablePathTo\":[38,57],\"SerializablePathFrom\":[55,38,57],\"PathMode\":0,\"SignalMode\":2,\"Start\":false}"}
{"type":1,"json":"{\"id\":55,\"label\":\"\",\"midi_data\":{\"Primary\":60,\"Secondary\":100,\"Channel\":1,\"Duration\":1.0,\"Repeat\":0,\"Root\":0,\"Scale\":0},\"relative_midi_data\":{\"Primary\":0,\"RangedPrimary\":0,\"Secondary\":0,\"Channel\":0,\"Duration\":0.0,\"Repeat\":0,\"Root\":0,\"Scale\":0,\"RangeFields\":{\"Primary\":{\"Up\":false,\"Down\":false},\"Secondary\":{\"Up\":false,\"Down\":false},\"Channel\":{\"Up\":false,\"Down\":false},\"Duration\":{\"Up\":false,\"Down\":false},\"Repeat\":{\"Up\":false,\"Down\":false}}},\"path_snap_data\":{},\"color\":{\"B\":255,\"G\":255,\"R\":255,\"A\":255},\"mute\":false,\"pass\":false,\"Origin\":\"216, 324\",\"SerializablePathTo\":[56,38,54],\"SerializablePathFrom\":[54,38],\"PathMode\":0,\"SignalMode\":2,\"Start\":false}"}
{"type":1,"json":"{\"id\":54,\"label\":\"\",\"midi_data\":{\"Primary\":67,\"Secondary\":100,\"Channel\":1,\"Duration\":1.0,\"Repeat\":0,\"Root\":0,\"Scale\":0},\"relative_midi_data\":{\"Primary\":0,\"RangedPrimary\":0,\"Secondary\":0,\"Channel\":0,\"Duration\":0.0,\"Repeat\":0,\"Root\":0,\"Scale\":0,\"RangeFields\":{\"Primary\":{\"Up\":false,\"Down\":false},\"Secondary\":{\"Up\":false,\"Down\":false},\"Channel\":{\"Up\":false,\"Down\":false},\"Duration\":{\"Up\":false,\"Down\":false},\"Repeat\":{\"Up\":false,\"Down\":false}}},\"path_snap_data\":{},\"color\":{\"B\":255,\"G\":255,\"R\":255,\"A\":255},\"mute\":false,\"pass\":false,\"Origin\":\"216, 180\",\"SerializablePathTo\":[55,38,57],\"SerializablePathFrom\":[55,57],\"PathMode\":0,\"SignalMode\":2,\"Start\":false}"}
{"type":1,"json":"{\"id\":53,\"label\":\"\",\"midi_data\":{\"Primary\":60,\"Secondary\":100,\"Channel\":1,\"Duration\":1.0,\"Repeat\":0,\"Root\":0,\"Scale\":0},\"relative_midi_data\":{\"Primary\":0,\"RangedPrimary\":0,\"Secondary\":0,\"Channel\":0,\"Duration\":0.0,\"Repeat\":0,\"Root\":0,\"Scale\":0,\"RangeFields\":{\"Primary\":{\"Up\":false,\"Down\":false},\"Secondary\":{\"Up\":false,\"Down\":false},\"Channel\":{\"Up\":false,\"Down\":false},\"Duration\":{\"Up\":false,\"Down\":false},\"Repeat\":{\"Up\":false,\"Down\":false}}},\"path_snap_data\":{},\"color\":{\"B\":255,\"G\":255,\"R\":255,\"A\":255},\"mute\":false,\"pass\":false,\"Origin\":\"-216, 324\",\"SerializablePathTo\":[51,52],\"SerializablePathFrom\":[61,52],\"PathMode\":0,\"SignalMode\":2,\"Start\":false}"}
{"type":1,"json":"{\"id\":52,\"label\":\"\",\"midi_data\":{\"Primary\":60,\"Secondary\":100,\"Channel\":1,\"Duration\":1.0,\"Repeat\":0,\"Root\":0,\"Scale\":0},\"relative_midi_data\":{\"Primary\":0,\"RangedPrimary\":0,\"Secondary\":0,\"Channel\":0,\"Duration\":0.0,\"Repeat\":0,\"Root\":0,\"Scale\":0,\"RangeFields\":{\"Primary\":{\"Up\":false,\"Down\":false},\"Secondary\":{\"Up\":false,\"Down\":false},\"Channel\":{\"Up\":false,\"Down\":false},\"Duration\":{\"Up\":false,\"Down\":false},\"Repeat\":{\"Up\":false,\"Down\":false}}},\"path_snap_data\":{},\"color\":{\"B\":255,\"G\":255,\"R\":255,\"A\":255},\"mute\":false,\"pass\":false,\"Origin\":\"-360, 324\",\"SerializablePathTo\":[53,50],\"SerializablePathFrom\":[50,53],\"PathMode\":0,\"SignalMode\":2,\"Start\":false}"}
{"type":1,"json":"{\"id\":50,\"label\":\"\",\"midi_data\":{\"Primary\":60,\"Secondary\":100,\"Channel\":1,\"Duration\":1.0,\"Repeat\":0,\"Root\":0,\"Scale\":0},\"relative_midi_data\":{\"Primary\":0,\"RangedPrimary\":0,\"Secondary\":0,\"Channel\":0,\"Duration\":0.0,\"Repeat\":0,\"Root\":0,\"Scale\":0,\"RangeFields\":{\"Primary\":{\"Up\":false,\"Down\":false},\"Secondary\":{\"Up\":false,\"Down\":false},\"Channel\":{\"Up\":false,\"Down\":false},\"Duration\":{\"Up\":false,\"Down\":false},\"Repeat\":{\"Up\":false,\"Down\":false}}},\"path_snap_data\":{},\"color\":{\"B\":255,\"G\":255,\"R\":255,\"A\":255},\"mute\":false,\"pass\":false,\"Origin\":\"-360, 180\",\"SerializablePathTo\":[52,51],\"SerializablePathFrom\":[51,52],\"PathMode\":0,\"SignalMode\":2,\"Start\":false}"}
{"type":1,"json":"{\"id\":51,\"label\":\"\",\"midi_data\":{\"Primary\":60,\"Secondary\":100,\"Channel\":1,\"Duration\":1.0,\"Repeat\":0,\"Root\":0,\"Scale\":0},\"relative_midi_data\":{\"Primary\":0,\"RangedPrimary\":0,\"Secondary\":0,\"Channel\":0,\"Duration\":0.0,\"Repeat\":0,\"Root\":0,\"Scale\":0,\"RangeFields\":{\"Primary\":{\"Up\":false,\"Down\":false},\"Secondary\":{\"Up\":false,\"Down\":false},\"Channel\":{\"Up\":false,\"Down\":false},\"Duration\":{\"Up\":false,\"Down\":false},\"Repeat\":{\"Up\":false,\"Down\":false}}},\"path_snap_data\":{},\"color\":{\"B\":255,\"G\":255,\"R\":255,\"A\":255},\"mute\":false,\"pass\":false,\"Origin\":\"-216, 180\",\"SerializablePathTo\":[50],\"SerializablePathFrom\":[53,50],\"PathMode\":0,\"SignalMode\":2,\"Start\":false}"}
{"type":1,"json":"{\"id\":46,\"label\":\"\",\"midi_data\":{\"Primary\":60,\"Secondary\":100,\"Channel\":1,\"Duration\":1.0,\"Repeat\":0,\"Root\":0,\"Scale\":0},\"relative_midi_data\":{\"Primary\":0,\"RangedPrimary\":0,\"Secondary\":0,\"Channel\":0,\"Duration\":0.0,\"Repeat\":0,\"Root\":0,\"Scale\":0,\"RangeFields\":{\"Primary\":{\"Up\":false,\"Down\":false},\"Secondary\":{\"Up\":false,\"Down\":false},\"Channel\":{\"Up\":false,\"Down\":false},\"Duration\":{\"Up\":false,\"Down\":false},\"Repeat\":{\"Up\":false,\"Down\":false}}},\"path_snap_data\":{},\"color\":{\"B\":255,\"G\":255,\"R\":255,\"A\":255},\"mute\":false,\"pass\":false,\"Origin\":\"-360, -180\",\"SerializablePathTo\":[35,48],\"SerializablePathFrom\":[44,47],\"PathMode\":0,\"SignalMode\":2,\"Start\":false}"}
{"type":1,"json":"{\"id\":47,\"label\":\"\",\"midi_data\":{\"Primary\":60,\"Secondary\":100,\"Channel\":1,\"Duration\":1.0,\"Repeat\":0,\"Root\":0,\"Scale\":0},\"relative_midi_data\":{\"Primary\":0,\"RangedPrimary\":0,\"Secondary\":0,\"Channel\":0,\"Duration\":0.0,\"Repeat\":0,\"Root\":0,\"Scale\":0,\"RangeFields\":{\"Primary\":{\"Up\":false,\"Down\":false},\"Secondary\":{\"Up\":false,\"Down\":false},\"Channel\":{\"Up\":false,\"Down\":false},\"Duration\":{\"Up\":false,\"Down\":false},\"Repeat\":{\"Up\":false,\"Down\":false}}},\"path_snap_data\":{},\"color\":{\"B\":255,\"G\":255,\"R\":255,\"A\":255},\"mute\":false,\"pass\":false,\"Origin\":\"-216, -324\",\"SerializablePathTo\":[44,46],\"SerializablePathFrom\":[35,44,48],\"PathMode\":0,\"SignalMode\":2,\"Start\":false}"}
{"type":1,"json":"{\"id\":44,\"label\":\"\",\"midi_data\":{\"Primary\":60,\"Secondary\":100,\"Channel\":1,\"Duration\":1.0,\"Repeat\":0,\"Root\":0,\"Scale\":0},\"relative_midi_data\":{\"Primary\":0,\"RangedPrimary\":0,\"Secondary\":0,\"Channel\":0,\"Duration\":0.0,\"Repeat\":0,\"Root\":0,\"Scale\":0,\"RangeFields\":{\"Primary\":{\"Up\":false,\"Down\":false},\"Secondary\":{\"Up\":false,\"Down\":false},\"Channel\":{\"Up\":false,\"Down\":false},\"Duration\":{\"Up\":false,\"Down\":false},\"Repeat\":{\"Up\":false,\"Down\":false}}},\"path_snap_data\":{},\"color\":{\"B\":255,\"G\":255,\"R\":255,\"A\":255},\"mute\":false,\"pass\":false,\"Origin\":\"-360, -324\",\"SerializablePathTo\":[35,47,46],\"SerializablePathFrom\":[35,47],\"PathMode\":0,\"SignalMode\":2,\"Start\":false}"}
{"type":1,"json":"{\"id\":48,\"label\":\"\",\"midi_data\":{\"Primary\":60,\"Secondary\":100,\"Channel\":1,\"Duration\":1.0,\"Repeat\":0,\"Root\":0,\"Scale\":0},\"relative_midi_data\":{\"Primary\":0,\"RangedPrimary\":0,\"Secondary\":0,\"Channel\":0,\"Duration\":0.0,\"Repeat\":0,\"Root\":0,\"Scale\":0,\"RangeFields\":{\"Primary\":{\"Up\":false,\"Down\":false},\"Secondary\":{\"Up\":false,\"Down\":false},\"Channel\":{\"Up\":false,\"Down\":false},\"Duration\":{\"Up\":false,\"Down\":false},\"Repeat\":{\"Up\":false,\"Down\":false}}},\"path_snap_data\":{},\"color\":{\"B\":255,\"G\":255,\"R\":255,\"A\":255},\"mute\":false,\"pass\":false,\"Origin\":\"-216, -180\",\"SerializablePathTo\":[35,47],\"SerializablePathFrom\":[35,46],\"PathMode\":0,\"SignalMode\":2,\"Start\":false}"}
{"type":1,"json":"{\"id\":42,\"label\":\"\",\"midi_data\":{\"Primary\":60,\"Secondary\":100,\"Channel\":1,\"Duration\":1.0,\"Repeat\":0,\"Root\":0,\"Scale\":0},\"relative_midi_data\":{\"Primary\":0,\"RangedPrimary\":0,\"Secondary\":0,\"Channel\":0,\"Duration\":0.0,\"Repeat\":0,\"Root\":0,\"Scale\":0,\"RangeFields\":{\"Primary\":{\"Up\":false,\"Down\":false},\"Secondary\":{\"Up\":false,\"Down\":false},\"Channel\":{\"Up\":false,\"Down\":false},\"Duration\":{\"Up\":false,\"Down\":false},\"Repeat\":{\"Up\":false,\"Down\":false}}},\"path_snap_data\":{},\"color\":{\"B\":255,\"G\":255,\"R\":255,\"A\":255},\"mute\":false,\"pass\":false,\"Origin\":\"360, -324\",\"SerializablePathTo\":[39,36,41],\"SerializablePathFrom\":[41],\"PathMode\":0,\"SignalMode\":2,\"Start\":false}"}
{"type":1,"json":"{\"id\":41,\"label\":\"\",\"midi_data\":{\"Primary\":60,\"Secondary\":100,\"Channel\":1,\"Duration\":1.0,\"Repeat\":0,\"Root\":0,\"Scale\":0},\"relative_midi_data\":{\"Primary\":0,\"RangedPrimary\":0,\"Secondary\":0,\"Channel\":0,\"Duration\":0.0,\"Repeat\":0,\"Root\":0,\"Scale\":0,\"RangeFields\":{\"Primary\":{\"Up\":false,\"Down\":false},\"Secondary\":{\"Up\":false,\"Down\":false},\"Channel\":{\"Up\":false,\"Down\":false},\"Duration\":{\"Up\":false,\"Down\":false},\"Repeat\":{\"Up\":false,\"Down\":false}}},\"path_snap_data\":{},\"color\":{\"B\":255,\"G\":255,\"R\":255,\"A\":255},\"mute\":false,\"pass\":false,\"Origin\":\"360, -180\",\"SerializablePathTo\":[40,36,42],\"SerializablePathFrom\":[42],\"PathMode\":0,\"SignalMode\":2,\"Start\":false}"}
{"type":1,"json":"{\"id\":40,\"label\":\"\",\"midi_data\":{\"Primary\":60,\"Secondary\":100,\"Channel\":1,\"Duration\":1.0,\"Repeat\":0,\"Root\":0,\"Scale\":0},\"relative_midi_data\":{\"Primary\":0,\"RangedPrimary\":0,\"Secondary\":0,\"Channel\":0,\"Duration\":0.0,\"Repeat\":0,\"Root\":0,\"Scale\":0,\"RangeFields\":{\"Primary\":{\"Up\":false,\"Down\":false},\"Secondary\":{\"Up\":false,\"Down\":false},\"Channel\":{\"Up\":false,\"Down\":false},\"Duration\":{\"Up\":false,\"Down\":false},\"Repeat\":{\"Up\":false,\"Down\":false}}},\"path_snap_data\":{},\"color\":{\"B\":255,\"G\":255,\"R\":255,\"A\":255},\"mute\":false,\"pass\":false,\"Origin\":\"216, -180\",\"SerializablePathTo\":[39,36],\"SerializablePathFrom\":[39,41,36],\"PathMode\":0,\"SignalMode\":2,\"Start\":false}"}
{"type":1,"json":"{\"id\":39,\"label\":\"\",\"midi_data\":{\"Primary\":60,\"Secondary\":100,\"Channel\":1,\"Duration\":1.0,\"Repeat\":0,\"Root\":0,\"Scale\":0},\"relative_midi_data\":{\"Primary\":0,\"RangedPrimary\":0,\"Secondary\":0,\"Channel\":0,\"Duration\":0.0,\"Repeat\":0,\"Root\":0,\"Scale\":0,\"RangeFields\":{\"Primary\":{\"Up\":false,\"Down\":false},\"Secondary\":{\"Up\":false,\"Down\":false},\"Channel\":{\"Up\":false,\"Down\":false},\"Duration\":{\"Up\":false,\"Down\":false},\"Repeat\":{\"Up\":false,\"Down\":false}}},\"path_snap_data\":{},\"color\":{\"B\":255,\"G\":255,\"R\":255,\"A\":255},\"mute\":false,\"pass\":false,\"Origin\":\"216, -324\",\"SerializablePathTo\":[58,40],\"SerializablePathFrom\":[58,40,42],\"PathMode\":0,\"SignalMode\":2,\"Start\":false}"}
{"type":1,"json":"{\"id\":38,\"label\":\"\",\"midi_data\":{\"Primary\":60,\"Secondary\":100,\"Channel\":1,\"Duration\":1.0,\"Repeat\":0,\"Root\":0,\"Scale\":0},\"relative_midi_data\":{\"Primary\":0,\"RangedPrimary\":0,\"Secondary\":0,\"Channel\":0,\"Duration\":0.0,\"Repeat\":0,\"Root\":0,\"Scale\":0,\"RangeFields\":{\"Primary\":{\"Up\":false,\"Down\":false},\"Secondary\":{\"Up\":false,\"Down\":false},\"Channel\":{\"Up\":false,\"Down\":false},\"Duration\":{\"Up\":false,\"Down\":false},\"Repeat\":{\"Up\":false,\"Down\":false}}},\"path_snap_data\":{},\"color\":{\"B\":255,\"G\":255,\"R\":255,\"A\":255},\"mute\":false,\"pass\":false,\"Origin\":\"288, 252\",\"SerializablePathTo\":[55,59,60,56],\"SerializablePathFrom\":[30,60,56,54,55,59],\"PathMode\":0,\"SignalMode\":2,\"Start\":false}"}
{"type":1,"json":"{\"id\":37,\"label\":\"\",\"midi_data\":{\"Primary\":60,\"Secondary\":100,\"Channel\":1,\"Duration\":1.0,\"Repeat\":0,\"Root\":0,\"Scale\":0},\"relative_midi_data\":{\"Primary\":0,\"RangedPrimary\":0,\"Secondary\":0,\"Channel\":0,\"Duration\":0.0,\"Repeat\":0,\"Root\":0,\"Scale\":0,\"RangeFields\":{\"Primary\":{\"Up\":false,\"Down\":false},\"Secondary\":{\"Up\":false,\"Down\":false},\"Channel\":{\"Up\":false,\"Down\":false},\"Duration\":{\"Up\":false,\"Down\":false},\"Repeat\":{\"Up\":false,\"Down\":false}}},\"path_snap_data\":{},\"color\":{\"B\":255,\"G\":255,\"R\":255,\"A\":255},\"mute\":false,\"pass\":false,\"Origin\":\"-288, 252\",\"SerializablePathTo\":[64,63,62,61],\"SerializablePathFrom\":[27,63,62,61],\"PathMode\":0,\"SignalMode\":2,\"Start\":false}"}
{"type":1,"json":"{\"id\":36,\"label\":\"\",\"midi_data\":{\"Primary\":77,\"Secondary\":100,\"Channel\":1,\"Duration\":1.0,\"Repeat\":0,\"Root\":0,\"Scale\":0},\"relative_midi_data\":{\"Primary\":0,\"RangedPrimary\":0,\"Secondary\":0,\"Channel\":0,\"Duration\":0.0,\"Repeat\":0,\"Root\":0,\"Scale\":0,\"RangeFields\":{\"Primary\":{\"Up\":false,\"Down\":false},\"Secondary\":{\"Up\":false,\"Down\":false},\"Channel\":{\"Up\":false,\"Down\":false},\"Duration\":{\"Up\":false,\"Down\":false},\"Repeat\":{\"Up\":false,\"Down\":false}}},\"path_snap_data\":{},\"color\":{\"B\":255,\"G\":255,\"R\":255,\"A\":255},\"mute\":false,\"pass\":false,\"Origin\":\"288, -252\",\"SerializablePathTo\":[58,40],\"SerializablePathFrom\":[24,58,41,40,42],\"PathMode\":0,\"SignalMode\":2,\"Start\":false}"}
{"type":1,"json":"{\"id\":35,\"label\":\"\",\"midi_data\":{\"Primary\":63,\"Secondary\":100,\"Channel\":1,\"Duration\":1.0,\"Repeat\":0,\"Root\":0,\"Scale\":0},\"relative_midi_data\":{\"Primary\":0,\"RangedPrimary\":0,\"Secondary\":0,\"Channel\":0,\"Duration\":0.0,\"Repeat\":0,\"Root\":0,\"Scale\":0,\"RangeFields\":{\"Primary\":{\"Up\":false,\"Down\":false},\"Secondary\":{\"Up\":false,\"Down\":false},\"Channel\":{\"Up\":false,\"Down\":false},\"Duration\":{\"Up\":false,\"Down\":false},\"Repeat\":{\"Up\":false,\"Down\":false}}},\"path_snap_data\":{},\"color\":{\"B\":255,\"G\":255,\"R\":255,\"A\":255},\"mute\":false,\"pass\":false,\"Origin\":\"-288, -252\",\"SerializablePathTo\":[47,44,48],\"SerializablePathFrom\":[21,44,46,48],\"PathMode\":0,\"SignalMode\":2,\"Start\":false}"}
{"type":1,"json":"{\"id\":34,\"label\":\"\",\"midi_data\":{\"Primary\":60,\"Secondary\":100,\"Channel\":1,\"Duration\":1.0,\"Repeat\":0,\"Root\":0,\"Scale\":0},\"relative_midi_data\":{\"Primary\":0,\"RangedPrimary\":0,\"Secondary\":0,\"Channel\":0,\"Duration\":0.0,\"Repeat\":0,\"Root\":0,\"Scale\":0,\"RangeFields\":{\"Primary\":{\"Up\":false,\"Down\":false},\"Secondary\":{\"Up\":false,\"Down\":false},\"Channel\":{\"Up\":false,\"Down\":false},\"Duration\":{\"Up\":false,\"Down\":false},\"Repeat\":{\"Up\":false,\"Down\":false}}},\"path_snap_data\":{},\"color\":{\"B\":255,\"G\":255,\"R\":255,\"A\":255},\"mute\":false,\"pass\":false,\"Origin\":\"72, 216\",\"SerializablePathTo\":[28],\"SerializablePathFrom\":[33],\"PathMode\":0,\"SignalMode\":0,\"Start\":false}"}
{"type":1,"json":"{\"id\":33,\"label\":\"\",\"midi_data\":{\"Primary\":60,\"Secondary\":100,\"Channel\":1,\"Duration\":1.0,\"Repeat\":0,\"Root\":0,\"Scale\":0},\"relative_midi_data\":{\"Primary\":0,\"RangedPrimary\":0,\"Secondary\":0,\"Channel\":0,\"Duration\":0.0,\"Repeat\":0,\"Root\":0,\"Scale\":0,\"RangeFields\":{\"Primary\":{\"Up\":false,\"Down\":false},\"Secondary\":{\"Up\":false,\"Down\":false},\"Channel\":{\"Up\":false,\"Down\":false},\"Duration\":{\"Up\":false,\"Down\":false},\"Repeat\":{\"Up\":false,\"Down\":false}}},\"path_snap_data\":{},\"color\":{\"B\":255,\"G\":255,\"R\":255,\"A\":255},\"mute\":false,\"pass\":false,\"Origin\":\"0, 216\",\"SerializablePathTo\":[32,34],\"SerializablePathFrom\":[31],\"PathMode\":0,\"SignalMode\":1,\"Start\":false}"}
{"type":1,"json":"{\"id\":32,\"label\":\"\",\"midi_data\":{\"Primary\":60,\"Secondary\":100,\"Channel\":1,\"Duration\":1.0,\"Repeat\":0,\"Root\":0,\"Scale\":0},\"relative_midi_data\":{\"Primary\":0,\"RangedPrimary\":0,\"Secondary\":0,\"Channel\":0,\"Duration\":0.0,\"Repeat\":0,\"Root\":0,\"Scale\":0,\"RangeFields\":{\"Primary\":{\"Up\":false,\"Down\":false},\"Secondary\":{\"Up\":false,\"Down\":false},\"Channel\":{\"Up\":false,\"Down\":false},\"Duration\":{\"Up\":false,\"Down\":false},\"Repeat\":{\"Up\":false,\"Down\":false}}},\"path_snap_data\":{},\"color\":{\"B\":255,\"G\":255,\"R\":255,\"A\":255},\"mute\":false,\"pass\":false,\"Origin\":\"-72, 216\",\"SerializablePathTo\":[25],\"SerializablePathFrom\":[33],\"PathMode\":0,\"SignalMode\":0,\"Start\":false}"}
{"type":1,"json":"{\"id\":31,\"label\":\"\",\"midi_data\":{\"Primary\":60,\"Secondary\":100,\"Channel\":1,\"Duration\":1.0,\"Repeat\":0,\"Root\":0,\"Scale\":0},\"relative_midi_data\":{\"Primary\":0,\"RangedPrimary\":0,\"Secondary\":0,\"Channel\":0,\"Duration\":0.0,\"Repeat\":0,\"Root\":0,\"Scale\":0,\"RangeFields\":{\"Primary\":{\"Up\":false,\"Down\":false},\"Secondary\":{\"Up\":false,\"Down\":false},\"Channel\":{\"Up\":false,\"Down\":false},\"Duration\":{\"Up\":false,\"Down\":false},\"Repeat\":{\"Up\":false,\"Down\":false}}},\"path_snap_data\":{},\"color\":{\"B\":255,\"G\":255,\"R\":255,\"A\":255},\"mute\":false,\"pass\":false,\"Origin\":\"0, 144\",\"SerializablePathTo\":[33],\"SerializablePathFrom\":[],\"PathMode\":0,\"SignalMode\":0,\"Start\":true}"}
{"type":1,"json":"{\"id\":30,\"label\":\"\",\"midi_data\":{\"Primary\":60,\"Secondary\":100,\"Channel\":1,\"Duration\":1.0,\"Repeat\":0,\"Root\":0,\"Scale\":0},\"relative_midi_data\":{\"Primary\":0,\"RangedPrimary\":0,\"Secondary\":0,\"Channel\":0,\"Duration\":0.0,\"Repeat\":0,\"Root\":0,\"Scale\":0,\"RangeFields\":{\"Primary\":{\"Up\":false,\"Down\":false},\"Secondary\":{\"Up\":false,\"Down\":false},\"Channel\":{\"Up\":false,\"Down\":false},\"Duration\":{\"Up\":false,\"Down\":false},\"Repeat\":{\"Up\":false,\"Down\":false}}},\"path_snap_data\":{},\"color\":{\"B\":255,\"G\":255,\"R\":255,\"A\":255},\"mute\":false,\"pass\":false,\"Origin\":\"180, 252\",\"SerializablePathTo\":[38],\"SerializablePathFrom\":[29],\"PathMode\":0,\"SignalMode\":0,\"Start\":false}"}
{"type":1,"json":"{\"id\":29,\"label\":\"\",\"midi_data\":{\"Primary\":60,\"Secondary\":100,\"Channel\":1,\"Duration\":1.0,\"Repeat\":0,\"Root\":0,\"Scale\":0},\"relative_midi_data\":{\"Primary\":0,\"RangedPrimary\":0,\"Secondary\":0,\"Channel\":0,\"Duration\":0.0,\"Repeat\":0,\"Root\":0,\"Scale\":0,\"RangeFields\":{\"Primary\":{\"Up\":false,\"Down\":false},\"Secondary\":{\"Up\":false,\"Down\":false},\"Channel\":{\"Up\":false,\"Down\":false},\"Duration\":{\"Up\":false,\"Down\":false},\"Repeat\":{\"Up\":false,\"Down\":false}}},\"path_snap_data\":{},\"color\":{\"B\":255,\"G\":255,\"R\":255,\"A\":255},\"mute\":false,\"pass\":false,\"Origin\":\"144, 288\",\"SerializablePathTo\":[30],\"SerializablePathFrom\":[28],\"PathMode\":0,\"SignalMode\":0,\"Start\":false}"}
{"type":1,"json":"{\"id\":28,\"label\":\"\",\"midi_data\":{\"Primary\":60,\"Secondary\":100,\"Channel\":1,\"Duration\":1.0,\"Repeat\":0,\"Root\":0,\"Scale\":0},\"relative_midi_data\":{\"Primary\":0,\"RangedPrimary\":0,\"Secondary\":0,\"Channel\":0,\"Duration\":0.0,\"Repeat\":0,\"Root\":0,\"Scale\":0,\"RangeFields\":{\"Primary\":{\"Up\":false,\"Down\":false},\"Secondary\":{\"Up\":false,\"Down\":false},\"Channel\":{\"Up\":false,\"Down\":false},\"Duration\":{\"Up\":false,\"Down\":false},\"Repeat\":{\"Up\":false,\"Down\":false}}},\"path_snap_data\":{},\"color\":{\"B\":255,\"G\":255,\"R\":255,\"A\":255},\"mute\":false,\"pass\":false,\"Origin\":\"72, 288\",\"SerializablePathTo\":[29],\"SerializablePathFrom\":[34],\"PathMode\":0,\"SignalMode\":0,\"Start\":false}"}
{"type":1,"json":"{\"id\":27,\"label\":\"\",\"midi_data\":{\"Primary\":60,\"Secondary\":100,\"Channel\":1,\"Duration\":1.0,\"Repeat\":0,\"Root\":0,\"Scale\":0},\"relative_midi_data\":{\"Primary\":0,\"RangedPrimary\":0,\"Secondary\":0,\"Channel\":0,\"Duration\":0.0,\"Repeat\":0,\"Root\":0,\"Scale\":0,\"RangeFields\":{\"Primary\":{\"Up\":false,\"Down\":false},\"Secondary\":{\"Up\":false,\"Down\":false},\"Channel\":{\"Up\":false,\"Down\":false},\"Duration\":{\"Up\":false,\"Down\":false},\"Repeat\":{\"Up\":false,\"Down\":false}}},\"path_snap_data\":{},\"color\":{\"B\":255,\"G\":255,\"R\":255,\"A\":255},\"mute\":false,\"pass\":false,\"Origin\":\"-180, 252\",\"SerializablePathTo\":[37],\"SerializablePathFrom\":[26],\"PathMode\":0,\"SignalMode\":0,\"Start\":false}"}
{"type":1,"json":"{\"id\":26,\"label\":\"\",\"midi_data\":{\"Primary\":60,\"Secondary\":100,\"Channel\":1,\"Duration\":1.0,\"Repeat\":0,\"Root\":0,\"Scale\":0},\"relative_midi_data\":{\"Primary\":0,\"RangedPrimary\":0,\"Secondary\":0,\"Channel\":0,\"Duration\":0.0,\"Repeat\":0,\"Root\":0,\"Scale\":0,\"RangeFields\":{\"Primary\":{\"Up\":false,\"Down\":false},\"Secondary\":{\"Up\":false,\"Down\":false},\"Channel\":{\"Up\":false,\"Down\":false},\"Duration\":{\"Up\":false,\"Down\":false},\"Repeat\":{\"Up\":false,\"Down\":false}}},\"path_snap_data\":{},\"color\":{\"B\":255,\"G\":255,\"R\":255,\"A\":255},\"mute\":false,\"pass\":false,\"Origin\":\"-144, 288\",\"SerializablePathTo\":[27],\"SerializablePathFrom\":[25],\"PathMode\":0,\"SignalMode\":0,\"Start\":false}"}
{"type":1,"json":"{\"id\":25,\"label\":\"\",\"midi_data\":{\"Primary\":60,\"Secondary\":100,\"Channel\":1,\"Duration\":1.0,\"Repeat\":0,\"Root\":0,\"Scale\":0},\"relative_midi_data\":{\"Primary\":0,\"RangedPrimary\":0,\"Secondary\":0,\"Channel\":0,\"Duration\":0.0,\"Repeat\":0,\"Root\":0,\"Scale\":0,\"RangeFields\":{\"Primary\":{\"Up\":false,\"Down\":false},\"Secondary\":{\"Up\":false,\"Down\":false},\"Channel\":{\"Up\":false,\"Down\":false},\"Duration\":{\"Up\":false,\"Down\":false},\"Repeat\":{\"Up\":false,\"Down\":false}}},\"path_snap_data\":{},\"color\":{\"B\":255,\"G\":255,\"R\":255,\"A\":255},\"mute\":false,\"pass\":false,\"Origin\":\"-72, 288\",\"SerializablePathTo\":[26],\"SerializablePathFrom\":[32],\"PathMode\":0,\"SignalMode\":0,\"Start\":false}"}
{"type":1,"json":"{\"id\":24,\"label\":\"\",\"midi_data\":{\"Primary\":60,\"Secondary\":100,\"Channel\":1,\"Duration\":1.0,\"Repeat\":0,\"Root\":0,\"Scale\":0},\"relative_midi_data\":{\"Primary\":0,\"RangedPrimary\":0,\"Secondary\":0,\"Channel\":0,\"Duration\":0.0,\"Repeat\":0,\"Root\":0,\"Scale\":0,\"RangeFields\":{\"Primary\":{\"Up\":false,\"Down\":false},\"Secondary\":{\"Up\":false,\"Down\":false},\"Channel\":{\"Up\":false,\"Down\":false},\"Duration\":{\"Up\":false,\"Down\":false},\"Repeat\":{\"Up\":false,\"Down\":false}}},\"path_snap_data\":{},\"color\":{\"B\":255,\"G\":255,\"R\":255,\"A\":255},\"mute\":false,\"pass\":false,\"Origin\":\"180, -252\",\"SerializablePathTo\":[36],\"SerializablePathFrom\":[23],\"PathMode\":0,\"SignalMode\":0,\"Start\":false}"}
{"type":1,"json":"{\"id\":23,\"label\":\"\",\"midi_data\":{\"Primary\":60,\"Secondary\":100,\"Channel\":1,\"Duration\":1.0,\"Repeat\":0,\"Root\":0,\"Scale\":0},\"relative_midi_data\":{\"Primary\":0,\"RangedPrimary\":0,\"Secondary\":0,\"Channel\":0,\"Duration\":0.0,\"Repeat\":0,\"Root\":0,\"Scale\":0,\"RangeFields\":{\"Primary\":{\"Up\":false,\"Down\":false},\"Secondary\":{\"Up\":false,\"Down\":false},\"Channel\":{\"Up\":false,\"Down\":false},\"Duration\":{\"Up\":false,\"Down\":false},\"Repeat\":{\"Up\":false,\"Down\":false}}},\"path_snap_data\":{},\"color\":{\"B\":255,\"G\":255,\"R\":255,\"A\":255},\"mute\":false,\"pass\":false,\"Origin\":\"144, -288\",\"SerializablePathTo\":[24],\"SerializablePathFrom\":[22],\"PathMode\":0,\"SignalMode\":0,\"Start\":false}"}
{"type":1,"json":"{\"id\":22,\"label\":\"\",\"midi_data\":{\"Primary\":60,\"Secondary\":100,\"Channel\":1,\"Duration\":1.0,\"Repeat\":0,\"Root\":0,\"Scale\":0},\"relative_midi_data\":{\"Primary\":0,\"RangedPrimary\":0,\"Secondary\":0,\"Channel\":0,\"Duration\":0.0,\"Repeat\":0,\"Root\":0,\"Scale\":0,\"RangeFields\":{\"Primary\":{\"Up\":false,\"Down\":false},\"Secondary\":{\"Up\":false,\"Down\":false},\"Channel\":{\"Up\":false,\"Down\":false},\"Duration\":{\"Up\":false,\"Down\":false},\"Repeat\":{\"Up\":false,\"Down\":false}}},\"path_snap_data\":{},\"color\":{\"B\":255,\"G\":255,\"R\":255,\"A\":255},\"mute\":false,\"pass\":false,\"Origin\":\"72, -288\",\"SerializablePathTo\":[23],\"SerializablePathFrom\":[18],\"PathMode\":0,\"SignalMode\":0,\"Start\":false}"}
{"type":1,"json":"{\"id\":21,\"label\":\"\",\"midi_data\":{\"Primary\":60,\"Secondary\":100,\"Channel\":1,\"Duration\":1.0,\"Repeat\":0,\"Root\":0,\"Scale\":0},\"relative_midi_data\":{\"Primary\":0,\"RangedPrimary\":0,\"Secondary\":0,\"Channel\":0,\"Duration\":0.0,\"Repeat\":0,\"Root\":0,\"Scale\":0,\"RangeFields\":{\"Primary\":{\"Up\":false,\"Down\":false},\"Secondary\":{\"Up\":false,\"Down\":false},\"Channel\":{\"Up\":false,\"Down\":false},\"Duration\":{\"Up\":false,\"Down\":false},\"Repeat\":{\"Up\":false,\"Down\":false}}},\"path_snap_data\":{},\"color\":{\"B\":255,\"G\":255,\"R\":255,\"A\":255},\"mute\":false,\"pass\":false,\"Origin\":\"-180, -252\",\"SerializablePathTo\":[35],\"SerializablePathFrom\":[20],\"PathMode\":0,\"SignalMode\":0,\"Start\":false}"}
{"type":1,"json":"{\"id\":20,\"label\":\"\",\"midi_data\":{\"Primary\":60,\"Secondary\":100,\"Channel\":1,\"Duration\":1.0,\"Repeat\":0,\"Root\":0,\"Scale\":0},\"relative_midi_data\":{\"Primary\":0,\"RangedPrimary\":0,\"Secondary\":0,\"Channel\":0,\"Duration\":0.0,\"Repeat\":0,\"Root\":0,\"Scale\":0,\"RangeFields\":{\"Primary\":{\"Up\":false,\"Down\":false},\"Secondary\":{\"Up\":false,\"Down\":false},\"Channel\":{\"Up\":false,\"Down\":false},\"Duration\":{\"Up\":false,\"Down\":false},\"Repeat\":{\"Up\":false,\"Down\":false}}},\"path_snap_data\":{},\"color\":{\"B\":255,\"G\":255,\"R\":255,\"A\":255},\"mute\":false,\"pass\":false,\"Origin\":\"-144, -288\",\"SerializablePathTo\":[21],\"SerializablePathFrom\":[19],\"PathMode\":0,\"SignalMode\":0,\"Start\":false}"}
{"type":1,"json":"{\"id\":19,\"label\":\"\",\"midi_data\":{\"Primary\":60,\"Secondary\":100,\"Channel\":1,\"Duration\":1.0,\"Repeat\":0,\"Root\":0,\"Scale\":0},\"relative_midi_data\":{\"Primary\":0,\"RangedPrimary\":0,\"Secondary\":0,\"Channel\":0,\"Duration\":0.0,\"Repeat\":0,\"Root\":0,\"Scale\":0,\"RangeFields\":{\"Primary\":{\"Up\":false,\"Down\":false},\"Secondary\":{\"Up\":false,\"Down\":false},\"Channel\":{\"Up\":false,\"Down\":false},\"Duration\":{\"Up\":false,\"Down\":false},\"Repeat\":{\"Up\":false,\"Down\":false}}},\"path_snap_data\":{},\"color\":{\"B\":255,\"G\":255,\"R\":255,\"A\":255},\"mute\":false,\"pass\":false,\"Origin\":\"-72, -288\",\"SerializablePathTo\":[20],\"SerializablePathFrom\":[17],\"PathMode\":0,\"SignalMode\":0,\"Start\":false}"}
{"type":1,"json":"{\"id\":18,\"label\":\"\",\"midi_data\":{\"Primary\":60,\"Secondary\":100,\"Channel\":1,\"Duration\":1.0,\"Repeat\":0,\"Root\":0,\"Scale\":0},\"relative_midi_data\":{\"Primary\":0,\"RangedPrimary\":0,\"Secondary\":0,\"Channel\":0,\"Duration\":0.0,\"Repeat\":0,\"Root\":0,\"Scale\":0,\"RangeFields\":{\"Primary\":{\"Up\":false,\"Down\":false},\"Secondary\":{\"Up\":false,\"Down\":false},\"Channel\":{\"Up\":false,\"Down\":false},\"Duration\":{\"Up\":false,\"Down\":false},\"Repeat\":{\"Up\":false,\"Down\":false}}},\"path_snap_data\":{},\"color\":{\"B\":255,\"G\":255,\"R\":255,\"A\":255},\"mute\":false,\"pass\":false,\"Origin\":\"72, -216\",\"SerializablePathTo\":[22],\"SerializablePathFrom\":[16],\"PathMode\":0,\"SignalMode\":0,\"Start\":false}"}
{"type":1,"json":"{\"id\":17,\"label\":\"\",\"midi_data\":{\"Primary\":60,\"Secondary\":100,\"Channel\":1,\"Duration\":1.0,\"Repeat\":0,\"Root\":0,\"Scale\":0},\"relative_midi_data\":{\"Primary\":0,\"RangedPrimary\":0,\"Secondary\":0,\"Channel\":0,\"Duration\":0.0,\"Repeat\":0,\"Root\":0,\"Scale\":0,\"RangeFields\":{\"Primary\":{\"Up\":false,\"Down\":false},\"Secondary\":{\"Up\":false,\"Down\":false},\"Channel\":{\"Up\":false,\"Down\":false},\"Duration\":{\"Up\":false,\"Down\":false},\"Repeat\":{\"Up\":false,\"Down\":false}}},\"path_snap_data\":{},\"color\":{\"B\":255,\"G\":255,\"R\":255,\"A\":255},\"mute\":false,\"pass\":false,\"Origin\":\"-72, -216\",\"SerializablePathTo\":[19],\"SerializablePathFrom\":[16],\"PathMode\":0,\"SignalMode\":0,\"Start\":false}"}
{"type":1,"json":"{\"id\":16,\"label\":\"\",\"midi_data\":{\"Primary\":60,\"Secondary\":100,\"Channel\":1,\"Duration\":1.0,\"Repeat\":0,\"Root\":0,\"Scale\":0},\"relative_midi_data\":{\"Primary\":0,\"RangedPrimary\":0,\"Secondary\":0,\"Channel\":0,\"Duration\":0.0,\"Repeat\":0,\"Root\":0,\"Scale\":0,\"RangeFields\":{\"Primary\":{\"Up\":false,\"Down\":false},\"Secondary\":{\"Up\":false,\"Down\":false},\"Channel\":{\"Up\":false,\"Down\":false},\"Duration\":{\"Up\":false,\"Down\":false},\"Repeat\":{\"Up\":false,\"Down\":false}}},\"path_snap_data\":{},\"color\":{\"B\":255,\"G\":255,\"R\":255,\"A\":255},\"mute\":false,\"pass\":false,\"Origin\":\"0, -216\",\"SerializablePathTo\":[17,18],\"SerializablePathFrom\":[15],\"PathMode\":0,\"SignalMode\":1,\"Start\":false}"}
{"type":1,"json":"{\"id\":15,\"label\":\"\",\"midi_data\":{\"Primary\":60,\"Secondary\":100,\"Channel\":1,\"Duration\":1.0,\"Repeat\":0,\"Root\":0,\"Scale\":0},\"relative_midi_data\":{\"Primary\":0,\"RangedPrimary\":0,\"Secondary\":0,\"Channel\":0,\"Duration\":0.0,\"Repeat\":0,\"Root\":0,\"Scale\":0,\"RangeFields\":{\"Primary\":{\"Up\":false,\"Down\":false},\"Secondary\":{\"Up\":false,\"Down\":false},\"Channel\":{\"Up\":false,\"Down\":false},\"Duration\":{\"Up\":false,\"Down\":false},\"Repeat\":{\"Up\":false,\"Down\":false}}},\"path_snap_data\":{},\"color\":{\"B\":255,\"G\":255,\"R\":255,\"A\":255},\"mute\":false,\"pass\":false,\"Origin\":\"0, -144\",\"SerializablePathTo\":[16],\"SerializablePathFrom\":[],\"PathMode\":0,\"SignalMode\":0,\"Start\":true}"}
{"type":1,"json":"{\"id\":14,\"label\":\"\",\"midi_data\":{\"Primary\":60,\"Secondary\":100,\"Channel\":1,\"Duration\":1.0,\"Repeat\":0,\"Root\":0,\"Scale\":0},\"relative_midi_data\":{\"Primary\":0,\"RangedPrimary\":0,\"Secondary\":0,\"Channel\":0,\"Duration\":0.0,\"Repeat\":0,\"Root\":0,\"Scale\":0,\"RangeFields\":{\"Primary\":{\"Up\":false,\"Down\":false},\"Secondary\":{\"Up\":false,\"Down\":false},\"Channel\":{\"Up\":false,\"Down\":false},\"Duration\":{\"Up\":false,\"Down\":false},\"Repeat\":{\"Up\":false,\"Down\":false}}},\"path_snap_data\":{},\"color\":{\"B\":255,\"G\":255,\"R\":255,\"A\":255},\"mute\":false,\"pass\":false,\"Origin\":\"72, 144\",\"SerializablePathTo\":[12],\"SerializablePathFrom\":[12],\"PathMode\":0,\"SignalMode\":0,\"Start\":true}"}
{"type":1,"json":"{\"id\":13,\"label\":\"\",\"midi_data\":{\"Primary\":48,\"Secondary\":100,\"Channel\":1,\"Duration\":1.0,\"Repeat\":0,\"Root\":0,\"Scale\":0},\"relative_midi_data\":{\"Primary\":0,\"RangedPrimary\":0,\"Secondary\":0,\"Channel\":0,\"Duration\":0.0,\"Repeat\":0,\"Root\":0,\"Scale\":0,\"RangeFields\":{\"Primary\":{\"Up\":false,\"Down\":false},\"Secondary\":{\"Up\":false,\"Down\":false},\"Channel\":{\"Up\":false,\"Down\":false},\"Duration\":{\"Up\":false,\"Down\":false},\"Repeat\":{\"Up\":false,\"Down\":false}}},\"path_snap_data\":{},\"color\":{\"B\":255,\"G\":255,\"R\":255,\"A\":255},\"mute\":false,\"pass\":false,\"Origin\":\"-72, 144\",\"SerializablePathTo\":[11],\"SerializablePathFrom\":[11],\"PathMode\":0,\"SignalMode\":0,\"Start\":true}"}
{"type":1,"json":"{\"id\":12,\"label\":\"\",\"midi_data\":{\"Primary\":53,\"Secondary\":100,\"Channel\":1,\"Duration\":1.0,\"Repeat\":0,\"Root\":0,\"Scale\":0},\"relative_midi_data\":{\"Primary\":0,\"RangedPrimary\":0,\"Secondary\":0,\"Channel\":0,\"Duration\":0.0,\"Repeat\":0,\"Root\":0,\"Scale\":0,\"RangeFields\":{\"Primary\":{\"Up\":false,\"Down\":false},\"Secondary\":{\"Up\":false,\"Down\":false},\"Channel\":{\"Up\":false,\"Down\":false},\"Duration\":{\"Up\":false,\"Down\":false},\"Repeat\":{\"Up\":false,\"Down\":false}}},\"path_snap_data\":{},\"color\":{\"B\":255,\"G\":255,\"R\":255,\"A\":255},\"mute\":false,\"pass\":false,\"Origin\":\"144, 72\",\"SerializablePathTo\":[14,10,6],\"SerializablePathFrom\":[10,14],\"PathMode\":0,\"SignalMode\":0,\"Start\":false}"}
{"type":1,"json":"{\"id\":11,\"label\":\"\",\"midi_data\":{\"Primary\":48,\"Secondary\":100,\"Channel\":1,\"Duration\":1.0,\"Repeat\":0,\"Root\":0,\"Scale\":0},\"relative_midi_data\":{\"Primary\":0,\"RangedPrimary\":0,\"Secondary\":0,\"Channel\":0,\"Duration\":0.0,\"Repeat\":0,\"Root\":0,\"Scale\":0,\"RangeFields\":{\"Primary\":{\"Up\":false,\"Down\":false},\"Secondary\":{\"Up\":false,\"Down\":false},\"Channel\":{\"Up\":false,\"Down\":false},\"Duration\":{\"Up\":false,\"Down\":false},\"Repeat\":{\"Up\":false,\"Down\":false}}},\"path_snap_data\":{},\"color\":{\"B\":255,\"G\":255,\"R\":255,\"A\":255},\"mute\":false,\"pass\":false,\"Origin\":\"-144, 72\",\"SerializablePathTo\":[13,9,2],\"SerializablePathFrom\":[9,2,13],\"PathMode\":0,\"SignalMode\":0,\"Start\":false}"}
{"type":1,"json":"{\"id\":10,\"label\":\"\",\"midi_data\":{\"Primary\":50,\"Secondary\":100,\"Channel\":1,\"Duration\":1.0,\"Repeat\":0,\"Root\":0,\"Scale\":0},\"relative_midi_data\":{\"Primary\":0,\"RangedPrimary\":0,\"Secondary\":0,\"Channel\":0,\"Duration\":0.0,\"Repeat\":0,\"Root\":0,\"Scale\":0,\"RangeFields\":{\"Primary\":{\"Up\":false,\"Down\":false},\"Secondary\":{\"Up\":false,\"Down\":false},\"Channel\":{\"Up\":false,\"Down\":false},\"Duration\":{\"Up\":false,\"Down\":false},\"Repeat\":{\"Up\":false,\"Down\":false}}},\"path_snap_data\":{},\"color\":{\"B\":255,\"G\":255,\"R\":255,\"A\":255},\"mute\":false,\"pass\":false,\"Origin\":\"36, 36\",\"SerializablePathTo\":[12],\"SerializablePathFrom\":[0,6,12],\"PathMode\":1,\"SignalMode\":0,\"Start\":false}"}
{"type":1,"json":"{\"id\":9,\"label\":\"\",\"midi_data\":{\"Primary\":60,\"Secondary\":100,\"Channel\":1,\"Duration\":1.0,\"Repeat\":0,\"Root\":0,\"Scale\":0},\"relative_midi_data\":{\"Primary\":0,\"RangedPrimary\":0,\"Secondary\":0,\"Channel\":0,\"Duration\":0.0,\"Repeat\":0,\"Root\":0,\"Scale\":0,\"RangeFields\":{\"Primary\":{\"Up\":false,\"Down\":false},\"Secondary\":{\"Up\":false,\"Down\":false},\"Channel\":{\"Up\":false,\"Down\":false},\"Duration\":{\"Up\":false,\"Down\":false},\"Repeat\":{\"Up\":false,\"Down\":false}}},\"path_snap_data\":{},\"color\":{\"B\":255,\"G\":255,\"R\":255,\"A\":255},\"mute\":false,\"pass\":false,\"Origin\":\"-36, 36\",\"SerializablePathTo\":[11,0,2],\"SerializablePathFrom\":[0,2,11],\"PathMode\":1,\"SignalMode\":0,\"Start\":false}"}
{"type":1,"json":"{\"id\":8,\"label\":\"\",\"midi_data\":{\"Primary\":51,\"Secondary\":100,\"Channel\":1,\"Duration\":1.0,\"Repeat\":0,\"Root\":0,\"Scale\":0},\"relative_midi_data\":{\"Primary\":0,\"RangedPrimary\":0,\"Secondary\":0,\"Channel\":0,\"Duration\":0.0,\"Repeat\":0,\"Root\":0,\"Scale\":0,\"RangeFields\":{\"Primary\":{\"Up\":false,\"Down\":false},\"Secondary\":{\"Up\":false,\"Down\":false},\"Channel\":{\"Up\":false,\"Down\":false},\"Duration\":{\"Up\":false,\"Down\":false},\"Repeat\":{\"Up\":false,\"Down\":false}}},\"path_snap_data\":{},\"color\":{\"B\":255,\"G\":255,\"R\":255,\"A\":255},\"mute\":false,\"pass\":false,\"Origin\":\"72, -144\",\"SerializablePathTo\":[7],\"SerializablePathFrom\":[7],\"PathMode\":0,\"SignalMode\":0,\"Start\":true}"}
{"type":1,"json":"{\"id\":7,\"label\":\"\",\"midi_data\":{\"Primary\":60,\"Secondary\":100,\"Channel\":1,\"Duration\":1.0,\"Repeat\":0,\"Root\":0,\"Scale\":0},\"relative_midi_data\":{\"Primary\":0,\"RangedPrimary\":0,\"Secondary\":0,\"Channel\":0,\"Duration\":0.0,\"Repeat\":0,\"Root\":0,\"Scale\":0,\"RangeFields\":{\"Primary\":{\"Up\":false,\"Down\":false},\"Secondary\":{\"Up\":false,\"Down\":false},\"Channel\":{\"Up\":false,\"Down\":false},\"Duration\":{\"Up\":false,\"Down\":false},\"Repeat\":{\"Up\":false,\"Down\":false}}},\"path_snap_data\":{},\"color\":{\"B\":255,\"G\":255,\"R\":255,\"A\":255},\"mute\":false,\"pass\":false,\"Origin\":\"144, -72\",\"SerializablePathTo\":[8,6,5],\"SerializablePathFrom\":[6,8],\"PathMode\":0,\"SignalMode\":0,\"Start\":false}"}
{"type":1,"json":"{\"id\":6,\"label\":\"\",\"midi_data\":{\"Primary\":60,\"Secondary\":100,\"Channel\":1,\"Duration\":1.0,\"Repeat\":0,\"Root\":0,\"Scale\":0},\"relative_midi_data\":{\"Primary\":0,\"RangedPrimary\":0,\"Secondary\":0,\"Channel\":0,\"Duration\":0.0,\"Repeat\":0,\"Root\":0,\"Scale\":0,\"RangeFields\":{\"Primary\":{\"Up\":false,\"Down\":false},\"Secondary\":{\"Up\":false,\"Down\":false},\"Channel\":{\"Up\":false,\"Down\":false},\"Duration\":{\"Up\":false,\"Down\":false},\"Repeat\":{\"Up\":false,\"Down\":false}}},\"path_snap_data\":{},\"color\":{\"B\":255,\"G\":255,\"R\":255,\"A\":255},\"mute\":false,\"pass\":false,\"Origin\":\"72, 0\",\"SerializablePathTo\":[7,10,5],\"SerializablePathFrom\":[5,7,12],\"PathMode\":0,\"SignalMode\":0,\"Start\":false}"}
{"type":1,"json":"{\"id\":5,\"label\":\"\",\"midi_data\":{\"Primary\":60,\"Secondary\":100,\"Channel\":1,\"Duration\":1.0,\"Repeat\":0,\"Root\":0,\"Scale\":0},\"relative_midi_data\":{\"Primary\":0,\"RangedPrimary\":0,\"Secondary\":0,\"Channel\":0,\"Duration\":0.0,\"Repeat\":0,\"Root\":0,\"Scale\":0,\"RangeFields\":{\"Primary\":{\"Up\":false,\"Down\":false},\"Secondary\":{\"Up\":false,\"Down\":false},\"Channel\":{\"Up\":false,\"Down\":false},\"Duration\":{\"Up\":false,\"Down\":false},\"Repeat\":{\"Up\":false,\"Down\":false}}},\"path_snap_data\":{},\"color\":{\"B\":255,\"G\":255,\"R\":255,\"A\":255},\"mute\":false,\"pass\":false,\"Origin\":\"36, -36\",\"SerializablePathTo\":[6,0],\"SerializablePathFrom\":[0,6,7],\"PathMode\":1,\"SignalMode\":0,\"Start\":false}"}
{"type":1,"json":"{\"id\":4,\"label\":\"\",\"midi_data\":{\"Primary\":60,\"Secondary\":100,\"Channel\":1,\"Duration\":1.0,\"Repeat\":0,\"Root\":0,\"Scale\":0},\"relative_midi_data\":{\"Primary\":0,\"RangedPrimary\":0,\"Secondary\":0,\"Channel\":0,\"Duration\":0.0,\"Repeat\":0,\"Root\":0,\"Scale\":0,\"RangeFields\":{\"Primary\":{\"Up\":false,\"Down\":false},\"Secondary\":{\"Up\":false,\"Down\":false},\"Channel\":{\"Up\":false,\"Down\":false},\"Duration\":{\"Up\":false,\"Down\":false},\"Repeat\":{\"Up\":false,\"Down\":false}}},\"path_snap_data\":{},\"color\":{\"B\":255,\"G\":255,\"R\":255,\"A\":255},\"mute\":false,\"pass\":false,\"Origin\":\"-144, -72\",\"SerializablePathTo\":[3,2,1],\"SerializablePathFrom\":[2,3],\"PathMode\":0,\"SignalMode\":0,\"Start\":false}"}
{"type":1,"json":"{\"id\":3,\"label\":\"\",\"midi_data\":{\"Primary\":48,\"Secondary\":100,\"Channel\":1,\"Duration\":1.0,\"Repeat\":0,\"Root\":0,\"Scale\":0},\"relative_midi_data\":{\"Primary\":0,\"RangedPrimary\":0,\"Secondary\":0,\"Channel\":0,\"Duration\":0.0,\"Repeat\":0,\"Root\":0,\"Scale\":0,\"RangeFields\":{\"Primary\":{\"Up\":false,\"Down\":false},\"Secondary\":{\"Up\":false,\"Down\":false},\"Channel\":{\"Up\":false,\"Down\":false},\"Duration\":{\"Up\":false,\"Down\":false},\"Repeat\":{\"Up\":false,\"Down\":false}}},\"path_snap_data\":{},\"color\":{\"B\":255,\"G\":255,\"R\":255,\"A\":255},\"mute\":false,\"pass\":false,\"Origin\":\"-72, -144\",\"SerializablePathTo\":[4],\"SerializablePathFrom\":[4],\"PathMode\":0,\"SignalMode\":0,\"Start\":true}"}
{"type":1,"json":"{\"id\":2,\"label\":\"\",\"midi_data\":{\"Primary\":55,\"Secondary\":100,\"Channel\":1,\"Duration\":1.0,\"Repeat\":0,\"Root\":0,\"Scale\":0},\"relative_midi_data\":{\"Primary\":0,\"RangedPrimary\":0,\"Secondary\":0,\"Channel\":0,\"Duration\":0.0,\"Repeat\":0,\"Root\":0,\"Scale\":0,\"RangeFields\":{\"Primary\":{\"Up\":false,\"Down\":false},\"Secondary\":{\"Up\":false,\"Down\":false},\"Channel\":{\"Up\":false,\"Down\":false},\"Duration\":{\"Up\":false,\"Down\":false},\"Repeat\":{\"Up\":false,\"Down\":false}}},\"path_snap_data\":{},\"color\":{\"B\":255,\"G\":255,\"R\":255,\"A\":255},\"mute\":false,\"pass\":false,\"Origin\":\"-72, 0\",\"SerializablePathTo\":[4,9,1,0,11],\"SerializablePathFrom\":[1,4,9,11],\"PathMode\":0,\"SignalMode\":0,\"Start\":false}"}
{"type":1,"json":"{\"id\":1,\"label\":\"\",\"midi_data\":{\"Primary\":60,\"Secondary\":100,\"Channel\":1,\"Duration\":1.0,\"Repeat\":0,\"Root\":0,\"Scale\":0},\"relative_midi_data\":{\"Primary\":0,\"RangedPrimary\":0,\"Secondary\":0,\"Channel\":0,\"Duration\":0.0,\"Repeat\":0,\"Root\":0,\"Scale\":0,\"RangeFields\":{\"Primary\":{\"Up\":false,\"Down\":false},\"Secondary\":{\"Up\":false,\"Down\":false},\"Channel\":{\"Up\":false,\"Down\":false},\"Duration\":{\"Up\":false,\"Down\":false},\"Repeat\":{\"Up\":false,\"Down\":false}}},\"path_snap_data\":{},\"color\":{\"B\":255,\"G\":255,\"R\":255,\"A\":255},\"mute\":false,\"pass\":false,\"Origin\":\"-36, -36\",\"SerializablePathTo\":[2,0],\"SerializablePathFrom\":[0,2,4],\"PathMode\":1,\"SignalMode\":0,\"Start\":false}"}
{"type":1,"json":"{\"id\":0,\"label\":\"\",\"midi_data\":{\"Primary\":48,\"Secondary\":100,\"Channel\":1,\"Duration\":1.0,\"Repeat\":0,\"Root\":0,\"Scale\":0},\"relative_midi_data\":{\"Primary\":0,\"RangedPrimary\":0,\"Secondary\":0,\"Channel\":0,\"Duration\":0.0,\"Repeat\":0,\"Root\":0,\"Scale\":0,\"RangeFields\":{\"Primary\":{\"Up\":false,\"Down\":false},\"Secondary\":{\"Up\":false,\"Down\":false},\"Channel\":{\"Up\":false,\"Down\":false},\"Duration\":{\"Up\":false,\"Down\":false},\"Repeat\":{\"Up\":false,\"Down\":false}}},\"path_snap_data\":{},\"color\":{\"B\":255,\"G\":255,\"R\":255,\"A\":255},\"mute\":false,\"pass\":false,\"Origin\":\"0, 0\",\"SerializablePathTo\":[1,5,9,10],\"SerializablePathFrom\":[1,5,2,9],\"PathMode\":1,\"SignalMode\":0,\"Start\":true}"}
{"type":5,"json":"{\"source_id\":59,\"target_id\":60,\"origin_part\":2,\"destination_part\":3,\"origin_position\":10,\"weight\":1,\"PathMode\":0}"}
{"type":5,"json":"{\"source_id\":22,\"target_id\":23,\"origin_part\":3,\"destination_part\":2,\"origin_position\":3,\"weight\":1,\"PathMode\":0}"}
{"type":5,"json":"{\"source_id\":37,\"target_id\":64,\"origin_part\":3,\"destination_part\":2,\"origin_position\":4,\"weight\":1,\"PathMode\":0}"}
{"type":5,"json":"{\"source_id\":54,\"target_id\":38,\"origin_part\":3,\"destination_part\":0,\"origin_position\":5,\"weight\":1,\"PathMode\":0}"}
{"type":5,"json":"{\"source_id\":37,\"target_id\":63,\"origin_part\":0,\"destination_part\":1,\"origin_position\":1,\"weight\":1,\"PathMode\":0}"}
{"type":5,"json":"{\"source_id\":38,\"target_id\":60,\"origin_part\":0,\"destination_part\":1,\"origin_position\":1,\"weight\":1,\"PathMode\":0}"}
{"type":5,"json":"{\"source_id\":8,\"target_id\":7,\"origin_part\":3,\"destination_part\":0,\"origin_position\":3,\"weight\":1,\"PathMode\":0}"}
{"type":5,"json":"{\"source_id\":41,\"target_id\":36,\"origin_part\":2,\"destination_part\":1,\"origin_position\":10,\"weight\":1,\"PathMode\":0}"}
{"type":5,"json":"{\"source_id\":9,\"target_id\":11,\"origin_part\":1,\"destination_part\":3,\"origin_position\":6,\"weight\":1,\"PathMode\":1}"}
{"type":5,"json":"{\"source_id\":38,\"target_id\":56,\"origin_part\":3,\"destination_part\":0,\"origin_position\":3,\"weight\":1,\"PathMode\":0}"}
{"type":5,"json":"{\"source_id\":55,\"target_id\":38,\"origin_part\":3,\"destination_part\":1,\"origin_position\":4,\"weight\":1,\"PathMode\":0}"}
{"type":5,"json":"{\"source_id\":59,\"target_id\":57,\"origin_part\":3,\"destination_part\":1,\"origin_position\":3,\"weight\":1,\"PathMode\":0}"}
{"type":5,"json":"{\"source_id\":55,\"target_id\":56,\"origin_part\":3,\"destination_part\":2,\"origin_position\":3,\"weight\":1,\"PathMode\":0}"}
{"type":5,"json":"{\"source_id\":33,\"target_id\":32,\"origin_part\":2,\"destination_part\":3,\"origin_position\":9,\"weight\":1,\"PathMode\":0}"}
{"type":5,"json":"{\"source_id\":44,\"target_id\":47,\"origin_part\":3,\"destination_part\":2,\"origin_position\":4,\"weight\":1,\"PathMode\":0}"}
{"type":5,"json":"{\"source_id\":33,\"target_id\":34,\"origin_part\":3,\"destination_part\":2,\"origin_position\":3,\"weight\":1,\"PathMode\":0}"}
{"type":5,"json":"{\"source_id\":58,\"target_id\":39,\"origin_part\":2,\"destination_part\":1,\"origin_position\":9,\"weight\":1,\"PathMode\":0}"}
{"type":5,"json":"{\"source_id\":17,\"target_id\":19,\"origin_part\":0,\"destination_part\":1,\"origin_position\":0,\"weight\":1,\"PathMode\":0}"}
{"type":5,"json":"{\"source_id\":11,\"target_id\":9,\"origin_part\":3,\"destination_part\":1,\"origin_position\":5,\"weight\":1,\"PathMode\":0}"}
{"type":5,"json":"{\"source_id\":3,\"target_id\":4,\"origin_part\":2,\"destination_part\":0,\"origin_position\":9,\"weight\":1,\"PathMode\":0}"}
{"type":5,"json":"{\"source_id\":48,\"target_id\":35,\"origin_part\":2,\"destination_part\":1,\"origin_position\":9,\"weight\":1,\"PathMode\":0}"}
{"type":5,"json":"{\"source_id\":53,\"target_id\":51,\"origin_part\":0,\"destination_part\":1,\"origin_position\":1,\"weight\":1,\"PathMode\":0}"}
{"type":5,"json":"{\"source_id\":37,\"target_id\":62,\"origin_part\":2,\"destination_part\":3,\"origin_position\":9,\"weight\":1,\"PathMode\":0}"}
{"type":5,"json":"{\"source_id\":6,\"target_id\":5,\"origin_part\":2,\"destination_part\":1,\"origin_position\":11,\"weight\":1,\"PathMode\":0}"}
{"type":5,"json":"{\"source_id\":5,\"target_id\":6,\"origin_part\":1,\"destination_part\":2,\"origin_position\":6,\"weight\":1,\"PathMode\":1}"}
{"type":5,"json":"{\"source_id\":60,\"target_id\":59,\"origin_part\":3,\"destination_part\":2,\"origin_position\":3,\"weight\":1,\"PathMode\":0}"}
{"type":5,"json":"{\"source_id\":39,\"target_id\":40,\"origin_part\":1,\"destination_part\":0,\"origin_position\":7,\"weight\":1,\"PathMode\":0}"}
{"type":5,"json":"{\"source_id\":48,\"target_id\":47,\"origin_part\":0,\"destination_part\":1,\"origin_position\":1,\"weight\":1,\"PathMode\":0}"}
{"type":5,"json":"{\"source_id\":4,\"target_id\":3,\"origin_part\":3,\"destination_part\":1,\"origin_position\":3,\"weight\":1,\"PathMode\":0}"}
{"type":5,"json":"{\"source_id\":57,\"target_id\":54,\"origin_part\":2,\"destination_part\":3,\"origin_position\":10,\"weight\":1,\"PathMode\":0}"}
{"type":5,"json":"{\"source_id\":9,\"target_id\":2,\"origin_part\":0,\"destination_part\":3,\"origin_position\":2,\"weight\":1,\"PathMode\":1}"}
{"type":5,"json":"{\"source_id\":60,\"target_id\":38,\"origin_part\":1,\"destination_part\":0,\"origin_position\":6,\"weight\":1,\"PathMode\":0}"}
{"type":5,"json":"{\"source_id\":2,\"target_id\":9,\"origin_part\":3,\"destination_part\":0,\"origin_position\":4,\"weight\":1,\"PathMode\":0}"}
{"type":5,"json":"{\"source_id\":42,\"target_id\":41,\"origin_part\":1,\"destination_part\":0,\"origin_position\":7,\"weight\":1,\"PathMode\":0}"}
{"type":5,"json":"{\"source_id\":54,\"target_id\":55,\"origin_part\":1,\"destination_part\":0,\"origin_position\":7,\"weight\":1,\"PathMode\":0}"}
{"type":5,"json":"{\"source_id\":36,\"target_id\":40,\"origin_part\":2,\"destination_part\":0,\"origin_position\":11,\"weight\":1,\"PathMode\":0}"}
{"type":5,"json":"{\"source_id\":7,\"target_id\":8,\"origin_part\":2,\"destination_part\":1,\"origin_position\":9,\"weight\":1,\"PathMode\":0}"}
{"type":5,"json":"{\"source_id\":0,\"target_id\":5,\"origin_part\":0,\"destination_part\":2,\"origin_position\":1,\"weight\":1,\"PathMode\":1}"}
{"type":5,"json":"{\"source_id\":0,\"target_id\":10,\"origin_part\":1,\"destination_part\":2,\"origin_position\":7,\"weight\":1,\"PathMode\":1}"}
{"type":5,"json":"{\"source_id\":47,\"target_id\":46,\"origin_part\":2,\"destination_part\":0,\"origin_position\":11,\"weight\":1,\"PathMode\":0}"}
{"type":5,"json":"{\"source_id\":21,\"target_id\":35,\"origin_part\":2,\"destination_part\":3,\"origin_position\":9,\"weight\":1,\"PathMode\":0}"}
{"type":5,"json":"{\"source_id\":0,\"target_id\":1,\"origin_part\":0,\"destination_part\":3,\"origin_position\":0,\"weight\":1,\"PathMode\":1}"}
{"type":5,"json":"{\"source_id\":13,\"target_id\":11,\"origin_part\":2,\"destination_part\":1,\"origin_position\":9,\"weight\":1,\"PathMode\":0}"}
{"type":5,"json":"{\"source_id\":23,\"target_id\":24,\"origin_part\":3,\"destination_part\":0,\"origin_position\":3,\"weight\":1,\"PathMode\":0}"}
{"type":5,"json":"{\"source_id\":14,\"target_id\":12,\"origin_part\":3,\"destination_part\":1,\"origin_position\":3,\"weight\":1,\"PathMode\":0}"}
{"type":5,"json":"{\"source_id\":7,\"target_id\":6,\"origin_part\":2,\"destination_part\":0,\"origin_position\":10,\"weight\":1,\"PathMode\":0}"}
{"type":5,"json":"{\"source_id\":62,\"target_id\":37,\"origin_part\":3,\"destination_part\":2,\"origin_position\":4,\"weight\":1,\"PathMode\":0}"}
{"type":5,"json":"{\"source_id\":37,\"target_id\":61,\"origin_part\":1,\"destination_part\":0,\"origin_position\":7,\"weight\":1,\"PathMode\":0}"}
{"type":5,"json":"{\"source_id\":41,\"target_id\":42,\"origin_part\":0,\"destination_part\":1,\"origin_position\":0,\"weight\":1,\"PathMode\":0}"}
{"type":5,"json":"{\"source_id\":26,\"target_id\":27,\"origin_part\":2,\"destination_part\":1,\"origin_position\":9,\"weight\":1,\"PathMode\":0}"}
{"type":5,"json":"{\"source_id\":39,\"target_id\":58,\"origin_part\":3,\"destination_part\":0,\"origin_position\":3,\"weight\":1,\"PathMode\":0}"}
{"type":5,"json":"{\"source_id\":63,\"target_id\":37,\"origin_part\":1,\"destination_part\":0,\"origin_position\":6,\"weight\":1,\"PathMode\":0}"}
{"type":5,"json":"{\"source_id\":54,\"target_id\":57,\"origin_part\":3,\"destination_part\":2,\"origin_position\":3,\"weight\":1,\"PathMode\":0}"}
{"type":5,"json":"{\"source_id\":61,\"target_id\":53,\"origin_part\":3,\"destination_part\":0,\"origin_position\":3,\"weight\":1,\"PathMode\":0}"}
{"type":5,"json":"{\"source_id\":61,\"target_id\":37,\"origin_part\":0,\"destination_part\":1,\"origin_position\":0,\"weight\":1,\"PathMode\":0}"}
{"type":5,"json":"{\"source_id\":0,\"target_id\":9,\"origin_part\":1,\"destination_part\":3,\"origin_position\":6,\"weight\":1,\"PathMode\":1}"}
{"type":5,"json":"{\"source_id\":24,\"target_id\":36,\"origin_part\":3,\"destination_part\":2,\"origin_position\":3,\"weight\":1,\"PathMode\":0}"}
{"type":5,"json":"{\"source_id\":56,\"target_id\":38,\"origin_part\":2,\"destination_part\":1,\"origin_position\":10,\"weight\":1,\"PathMode\":0}"}
{"type":5,"json":"{\"source_id\":40,\"target_id\":39,\"origin_part\":0,\"destination_part\":1,\"origin_position\":0,\"weight\":1,\"PathMode\":0}"}
{"type":5,"json":"{\"source_id\":51,\"target_id\":50,\"origin_part\":2,\"destination_part\":3,\"origin_position\":9,\"weight\":1,\"PathMode\":0}"}
{"type":5,"json":"{\"source_id\":20,\"target_id\":21,\"origin_part\":2,\"destination_part\":0,\"origin_position\":9,\"weight\":1,\"PathMode\":0}"}
{"type":5,"json":"{\"source_id\":2,\"target_id\":4,\"origin_part\":2,\"destination_part\":1,\"origin_position\":9,\"weight\":1,\"PathMode\":0}"}
{"type":5,"json":"{\"source_id\":61,\"target_id\":62,\"origin_part\":2,\"destination_part\":1,\"origin_position\":9,\"weight\":1,\"PathMode\":0}"}
{"type":5,"json":"{\"source_id\":32,\"target_id\":25,\"origin_part\":1,\"destination_part\":0,\"origin_position\":6,\"weight\":1,\"PathMode\":0}"}
{"type":5,"json":"{\"source_id\":58,\"target_id\":36,\"origin_part\":3,\"destination_part\":0,\"origin_position\":3,\"weight\":1,\"PathMode\":0}"}
{"type":5,"json":"{\"source_id\":19,\"target_id\":20,\"origin_part\":2,\"destination_part\":3,\"origin_position\":9,\"weight\":1,\"PathMode\":0}"}
{"type":5,"json":"{\"source_id\":46,\"target_id\":35,\"origin_part\":3,\"destination_part\":1,\"origin_position\":3,\"weight\":1,\"PathMode\":0}"}
{"type":5,"json":"{\"source_id\":6,\"target_id\":10,\"origin_part\":2,\"destination_part\":0,\"origin_position\":10,\"weight\":1,\"PathMode\":0}"}
{"type":5,"json":"{\"source_id\":42,\"target_id\":36,\"origin_part\":2,\"destination_part\":0,\"origin_position\":10,\"weight\":1,\"PathMode\":0}"}
{"type":5,"json":"{\"source_id\":47,\"target_id\":44,\"origin_part\":2,\"destination_part\":3,\"origin_position\":9,\"weight\":1,\"PathMode\":0}"}
{"type":5,"json":"{\"source_id\":59,\"target_id\":38,\"origin_part\":2,\"destination_part\":0,\"origin_position\":9,\"weight\":1,\"PathMode\":0}"}
{"type":5,"json":"{\"source_id\":40,\"target_id\":36,\"origin_part\":3,\"destination_part\":1,\"origin_position\":4,\"weight\":1,\"PathMode\":0}"}
{"type":5,"json":"{\"source_id\":36,\"target_id\":58,\"origin_part\":2,\"destination_part\":1,\"origin_position\":10,\"weight\":1,\"PathMode\":0}"}
{"type":5,"json":"{\"source_id\":53,\"target_id\":52,\"origin_part\":2,\"destination_part\":3,\"origin_position\":9,\"weight\":1,\"PathMode\":0}"}
{"type":5,"json":"{\"source_id\":55,\"target_id\":54,\"origin_part\":0,\"destination_part\":1,\"origin_position\":0,\"weight\":1,\"PathMode\":0}"}
{"type":5,"json":"{\"source_id\":64,\"target_id\":63,\"origin_part\":2,\"destination_part\":1,\"origin_position\":9,\"weight\":1,\"PathMode\":0}"}
{"type":5,"json":"{\"source_id\":63,\"target_id\":62,\"origin_part\":2,\"destination_part\":0,\"origin_position\":9,\"weight\":1,\"PathMode\":0}"}
{"type":5,"json":"{\"source_id\":12,\"target_id\":6,\"origin_part\":2,\"destination_part\":1,\"origin_position\":9,\"weight\":1,\"PathMode\":0}"}
{"type":5,"json":"{\"source_id\":5,\"target_id\":0,\"origin_part\":1,\"destination_part\":3,\"origin_position\":8,\"weight\":1,\"PathMode\":1}"}
{"type":5,"json":"{\"source_id\":4,\"target_id\":1,\"origin_part\":3,\"destination_part\":0,\"origin_position\":5,\"weight\":1,\"PathMode\":0}"}
{"type":5,"json":"{\"source_id\":2,\"target_id\":0,\"origin_part\":3,\"destination_part\":2,\"origin_position\":3,\"weight\":1,\"PathMode\":0}"}
{"type":5,"json":"{\"source_id\":44,\"target_id\":46,\"origin_part\":1,\"destination_part\":0,\"origin_position\":7,\"weight\":1,\"PathMode\":0}"}
{"type":5,"json":"{\"source_id\":30,\"target_id\":38,\"origin_part\":3,\"destination_part\":2,\"origin_position\":3,\"weight\":1,\"PathMode\":0}"}
{"type":5,"json":"{\"source_id\":2,\"target_id\":11,\"origin_part\":2,\"destination_part\":0,\"origin_position\":10,\"weight\":1,\"PathMode\":0}"}
{"type":5,"json":"{\"source_id\":12,\"target_id\":14,\"origin_part\":2,\"destination_part\":0,\"origin_position\":10,\"weight\":1,\"PathMode\":0}"}
{"type":5,"json":"{\"source_id\":35,\"target_id\":44,\"origin_part\":2,\"destination_part\":1,\"origin_position\":9,\"weight\":1,\"PathMode\":0}"}
{"type":5,"json":"{\"source_id\":11,\"target_id\":2,\"origin_part\":3,\"destination_part\":1,\"origin_position\":3,\"weight\":1,\"PathMode\":0}"}
{"type":5,"json":"{\"source_id\":57,\"target_id\":56,\"origin_part\":1,\"destination_part\":0,\"origin_position\":8,\"weight\":1,\"PathMode\":0}"}
{"type":5,"json":"{\"source_id\":4,\"target_id\":2,\"origin_part\":3,\"destination_part\":0,\"origin_position\":4,\"weight\":1,\"PathMode\":0}"}
{"type":5,"json":"{\"source_id\":57,\"target_id\":59,\"origin_part\":2,\"destination_part\":0,\"origin_position\":11,\"weight\":1,\"PathMode\":0}"}
{"type":5,"json":"{\"source_id\":29,\"target_id\":30,\"origin_part\":3,\"destination_part\":1,\"origin_position\":3,\"weight\":1,\"PathMode\":0}"}
{"type":5,"json":"{\"source_id\":38,\"target_id\":55,\"origin_part\":2,\"destination_part\":0,\"origin_position\":10,\"weight\":1,\"PathMode\":0}"}
{"type":5,"json":"{\"source_id\":64,\"target_id\":62,\"origin_part\":2,\"destination_part\":3,\"origin_position\":11,\"weight\":1,\"PathMode\":0}"}
{"type":5,"json":"{\"source_id\":52,\"target_id\":50,\"origin_part\":0,\"destination_part\":1,\"origin_position\":1,\"weight\":1,\"PathMode\":0}"}
{"type":5,"json":"{\"source_id\":7,\"target_id\":5,\"origin_part\":2,\"destination_part\":0,\"origin_position\":11,\"weight\":1,\"PathMode\":0}"}
{"type":5,"json":"{\"source_id\":12,\"target_id\":10,\"origin_part\":2,\"destination_part\":1,\"origin_position\":11,\"weight\":1,\"PathMode\":0}"}
{"type":5,"json":"{\"source_id\":16,\"target_id\":17,\"origin_part\":2,\"destination_part\":3,\"origin_position\":9,\"weight\":1,\"PathMode\":0}"}
{"type":5,"json":"{\"source_id\":41,\"target_id\":40,\"origin_part\":2,\"destination_part\":3,\"origin_position\":9,\"weight\":1,\"PathMode\":0}"}
{"type":5,"json":"{\"source_id\":11,\"target_id\":13,\"origin_part\":3,\"destination_part\":0,\"origin_position\":4,\"weight\":1,\"PathMode\":0}"}
{"type":5,"json":"{\"source_id\":1,\"target_id\":2,\"origin_part\":1,\"destination_part\":3,\"origin_position\":6,\"weight\":1,\"PathMode\":1}"}
{"type":5,"json":"{\"source_id\":63,\"target_id\":64,\"origin_part\":3,\"destination_part\":0,\"origin_position\":3,\"weight\":1,\"PathMode\":0}"}
{"type":5,"json":"{\"source_id\":62,\"target_id\":63,\"origin_part\":3,\"destination_part\":1,\"origin_position\":5,\"weight\":1,\"PathMode\":0}"}
{"type":5,"json":"{\"source_id\":38,\"target_id\":59,\"origin_part\":3,\"destination_part\":1,\"origin_position\":4,\"weight\":1,\"PathMode\":0}"}
{"type":5,"json":"{\"source_id\":56,\"target_id\":57,\"origin_part\":0,\"destination_part\":1,\"origin_position\":1,\"weight\":1,\"PathMode\":0}"}
{"type":5,"json":"{\"source_id\":50,\"target_id\":51,\"origin_part\":3,\"destination_part\":2,\"origin_position\":4,\"weight\":1,\"PathMode\":0}"}
{"type":5,"json":"{\"source_id\":61,\"target_id\":63,\"origin_part\":0,\"destination_part\":1,\"origin_position\":2,\"weight\":1,\"PathMode\":0}"}
{"type":5,"json":"{\"source_id\":61,\"target_id\":64,\"origin_part\":3,\"destination_part\":1,\"origin_position\":4,\"weight\":1,\"PathMode\":0}"}
{"type":5,"json":"{\"source_id\":52,\"target_id\":53,\"origin_part\":3,\"destination_part\":2,\"origin_position\":4,\"weight\":1,\"PathMode\":0}"}
{"type":5,"json":"{\"source_id\":50,\"target_id\":52,\"origin_part\":1,\"destination_part\":0,\"origin_position\":6,\"weight\":1,\"PathMode\":0}"}
{"type":5,"json":"{\"source_id\":35,\"target_id\":47,\"origin_part\":3,\"destination_part\":1,\"origin_position\":4,\"weight\":1,\"PathMode\":0}"}
{"type":5,"json":"{\"source_id\":27,\"target_id\":37,\"origin_part\":2,\"destination_part\":3,\"origin_position\":9,\"weight\":1,\"PathMode\":0}"}
{"type":5,"json":"{\"source_id\":25,\"target_id\":26,\"origin_part\":2,\"destination_part\":3,\"origin_position\":9,\"weight\":1,\"PathMode\":0}"}
{"type":5,"json":"{\"source_id\":28,\"target_id\":29,\"origin_part\":3,\"destination_part\":2,\"origin_position\":3,\"weight\":1,\"PathMode\":0}"}
{"type":5,"json":"{\"source_id\":42,\"target_id\":39,\"origin_part\":2,\"destination_part\":3,\"origin_position\":9,\"weight\":1,\"PathMode\":0}"}
{"type":5,"json":"{\"source_id\":10,\"target_id\":12,\"origin_part\":1,\"destination_part\":2,\"origin_position\":6,\"weight\":1,\"PathMode\":1}"}
{"type":5,"json":"{\"source_id\":46,\"target_id\":48,\"origin_part\":3,\"destination_part\":2,\"origin_position\":4,\"weight\":1,\"PathMode\":0}"}
{"type":5,"json":"{\"source_id\":16,\"target_id\":18,\"origin_part\":3,\"destination_part\":2,\"origin_position\":3,\"weight\":1,\"PathMode\":0}"}
{"type":5,"json":"{\"source_id\":18,\"target_id\":22,\"origin_part\":0,\"destination_part\":1,\"origin_position\":0,\"weight\":1,\"PathMode\":0}"}
{"type":5,"json":"{\"source_id\":31,\"target_id\":33,\"origin_part\":1,\"destination_part\":0,\"origin_position\":6,\"weight\":1,\"PathMode\":0}"}
{"type":5,"json":"{\"source_id\":34,\"target_id\":28,\"origin_part\":1,\"destination_part\":0,\"origin_position\":6,\"weight\":1,\"PathMode\":0}"}
{"type":5,"json":"{\"source_id\":9,\"target_id\":0,\"origin_part\":0,\"destination_part\":2,\"origin_position\":1,\"weight\":1,\"PathMode\":1}"}
{"type":5,"json":"{\"source_id\":6,\"target_id\":7,\"origin_part\":3,\"destination_part\":1,\"origin_position\":3,\"weight\":1,\"PathMode\":0}"}
{"type":5,"json":"{\"source_id\":2,\"target_id\":1,\"origin_part\":3,\"destination_part\":1,\"origin_position\":5,\"weight\":1,\"PathMode\":0}"}
{"type":5,"json":"{\"source_id\":44,\"target_id\":35,\"origin_part\":3,\"destination_part\":0,\"origin_position\":3,\"weight\":1,\"PathMode\":0}"}
{"type":5,"json":"{\"source_id\":15,\"target_id\":16,\"origin_part\":0,\"destination_part\":1,\"origin_position\":0,\"weight\":1,\"PathMode\":0}"}
{"type":5,"json":"{\"source_id\":35,\"target_id\":48,\"origin_part\":3,\"destination_part\":0,\"origin_position\":5,\"weight\":1,\"PathMode\":0}"}
{"type":5,"json":"{\"source_id\":1,\"target_id\":0,\"origin_part\":1,\"destination_part\":2,\"origin_position\":8,\"weight\":1,\"PathMode\":1}"}
{"type":6,"json":"{\"tempo\":81.0,\"grid_size\":4,\"beat_division\":4,\"beat_division_selector_index\":1,\"doc_scale\":22,\"scale_selector_index\":21,\"clock_source\":2,\"camera_position\":\"69.82138, 13.723785\"}"}
