{"type": 0,"json": "\"1.0.5\""}
{"type":1,"json":"{\"id\":83,\"label\":\"While holding shift, you can draw a box around points to link them\",\"midi_data\":{\"Primary\":60,\"Secondary\":100,\"Channel\":1,\"Duration\":1.0,\"Repeat\":0,\"Root\":0,\"Scale\":0},\"relative_midi_data\":{\"Primary\":0,\"RangedPrimary\":0,\"Secondary\":0,\"Channel\":0,\"Duration\":0.0,\"Repeat\":0,\"Root\":0,\"Scale\":0,\"RangeFields\":{\"Primary\":{\"Up\":false,\"Down\":false},\"Secondary\":{\"Up\":false,\"Down\":false},\"Channel\":{\"Up\":false,\"Down\":false},\"Duration\":{\"Up\":false,\"Down\":false},\"Repeat\":{\"Up\":false,\"Down\":false}},\"Pass\":{\"Primary\":false,\"Secondary\":false,\"Channel\":false,\"Duration\":false,\"Repeat\":false}},\"path_snap_data\":{},\"color\":{\"B\":140,\"G\":205,\"R\":255,\"A\":255},\"force_scale\":false,\"mute\":true,\"pass\":false,\"group_data\":{\"Groups\":[false,false,false,false,false,false,false,false,false,false]},\"Origin\":\"1188, 1728\",\"SerializablePathTo\":[],\"SerializablePathFrom\":[],\"PathMode\":0,\"SignalMode\":0,\"Start\":false}"}
{"type":1,"json":"{\"id\":81,\"label\":\"In the toolbox to the left, the tools are at the top\",\"midi_data\":{\"Primary\":60,\"Secondary\":100,\"Channel\":1,\"Duration\":1.0,\"Repeat\":0,\"Root\":0,\"Scale\":0},\"relative_midi_data\":{\"Primary\":0,\"RangedPrimary\":0,\"Secondary\":0,\"Channel\":0,\"Duration\":0.0,\"Repeat\":0,\"Root\":0,\"Scale\":0,\"RangeFields\":{\"Primary\":{\"Up\":false,\"Down\":false},\"Secondary\":{\"Up\":false,\"Down\":false},\"Channel\":{\"Up\":false,\"Down\":false},\"Duration\":{\"Up\":false,\"Down\":false},\"Repeat\":{\"Up\":false,\"Down\":false}},\"Pass\":{\"Primary\":false,\"Secondary\":false,\"Channel\":false,\"Duration\":false,\"Repeat\":false}},\"path_snap_data\":{},\"color\":{\"B\":145,\"G\":195,\"R\":255,\"A\":255},\"force_scale\":false,\"mute\":true,\"pass\":false,\"group_data\":{\"Groups\":[false,false,false,false,false,false,false,false,false,false]},\"Origin\":\"900, -72\",\"SerializablePathTo\":[],\"SerializablePathFrom\":[],\"PathMode\":0,\"SignalMode\":0,\"Start\":false}"}
{"type":1,"json":"{\"id\":16,\"label\":\"Point properties will be in a panel on the right\",\"midi_data\":{\"Primary\":60,\"Secondary\":100,\"Channel\":1,\"Duration\":1.0,\"Repeat\":0,\"Root\":0,\"Scale\":0},\"relative_midi_data\":{\"Primary\":0,\"RangedPrimary\":0,\"Secondary\":0,\"Channel\":0,\"Duration\":0.0,\"Repeat\":0,\"Root\":0,\"Scale\":0,\"RangeFields\":{\"Primary\":{\"Up\":false,\"Down\":false},\"Secondary\":{\"Up\":false,\"Down\":false},\"Channel\":{\"Up\":false,\"Down\":false},\"Duration\":{\"Up\":false,\"Down\":false},\"Repeat\":{\"Up\":false,\"Down\":false}},\"Pass\":{\"Primary\":false,\"Secondary\":false,\"Channel\":false,\"Duration\":false,\"Repeat\":false}},\"path_snap_data\":{},\"color\":{\"B\":125,\"G\":195,\"R\":255,\"A\":255},\"force_scale\":false,\"mute\":true,\"pass\":false,\"group_data\":{\"Groups\":[false,false,false,false,false,false,false,false,false,false]},\"Origin\":\"2952, 0\",\"SerializablePathTo\":[],\"SerializablePathFrom\":[],\"PathMode\":0,\"SignalMode\":0,\"Start\":false}"}
{"type":1,"json":"{\"id\":15,\"label\":\"Select a point and click the 'Start' button under 'Behavior'\",\"midi_data\":{\"Primary\":60,\"Secondary\":100,\"Channel\":1,\"Duration\":1.0,\"Repeat\":0,\"Root\":0,\"Scale\":0},\"relative_midi_data\":{\"Primary\":0,\"RangedPrimary\":0,\"Secondary\":0,\"Channel\":0,\"Duration\":0.0,\"Repeat\":0,\"Root\":0,\"Scale\":0,\"RangeFields\":{\"Primary\":{\"Up\":false,\"Down\":false},\"Secondary\":{\"Up\":false,\"Down\":false},\"Channel\":{\"Up\":false,\"Down\":false},\"Duration\":{\"Up\":false,\"Down\":false},\"Repeat\":{\"Up\":false,\"Down\":false}},\"Pass\":{\"Primary\":false,\"Secondary\":false,\"Channel\":false,\"Duration\":false,\"Repeat\":false}},\"path_snap_data\":{},\"color\":{\"B\":125,\"G\":195,\"R\":255,\"A\":255},\"force_scale\":false,\"mute\":true,\"pass\":false,\"group_data\":{\"Groups\":[false,false,false,false,false,false,false,false,false,false]},\"Origin\":\"2952, -36\",\"SerializablePathTo\":[],\"SerializablePathFrom\":[],\"PathMode\":0,\"SignalMode\":0,\"Start\":false}"}
{"type":1,"json":"{\"id\":14,\"label\":\"To make a point a starting point,\",\"midi_data\":{\"Primary\":60,\"Secondary\":100,\"Channel\":1,\"Duration\":1.0,\"Repeat\":0,\"Root\":0,\"Scale\":0},\"relative_midi_data\":{\"Primary\":0,\"RangedPrimary\":0,\"Secondary\":0,\"Channel\":0,\"Duration\":0.0,\"Repeat\":0,\"Root\":0,\"Scale\":0,\"RangeFields\":{\"Primary\":{\"Up\":false,\"Down\":false},\"Secondary\":{\"Up\":false,\"Down\":false},\"Channel\":{\"Up\":false,\"Down\":false},\"Duration\":{\"Up\":false,\"Down\":false},\"Repeat\":{\"Up\":false,\"Down\":false}},\"Pass\":{\"Primary\":false,\"Secondary\":false,\"Channel\":false,\"Duration\":false,\"Repeat\":false}},\"path_snap_data\":{},\"color\":{\"B\":125,\"G\":195,\"R\":255,\"A\":255},\"force_scale\":false,\"mute\":true,\"pass\":false,\"group_data\":{\"Groups\":[false,false,false,false,false,false,false,false,false,false]},\"Origin\":\"2952, -108\",\"SerializablePathTo\":[],\"SerializablePathFrom\":[],\"PathMode\":0,\"SignalMode\":0,\"Start\":false}"}
{"type":1,"json":"{\"id\":13,\"label\":\"Select this point, then click 'Start'\",\"midi_data\":{\"Primary\":60,\"Secondary\":100,\"Channel\":1,\"Duration\":4.0,\"Repeat\":0,\"Root\":0,\"Scale\":0},\"relative_midi_data\":{\"Primary\":0,\"RangedPrimary\":0,\"Secondary\":0,\"Channel\":0,\"Duration\":0.0,\"Repeat\":0,\"Root\":0,\"Scale\":0,\"RangeFields\":{\"Primary\":{\"Up\":false,\"Down\":false},\"Secondary\":{\"Up\":false,\"Down\":false},\"Channel\":{\"Up\":false,\"Down\":false},\"Duration\":{\"Up\":false,\"Down\":false},\"Repeat\":{\"Up\":false,\"Down\":false}},\"Pass\":{\"Primary\":false,\"Secondary\":false,\"Channel\":false,\"Duration\":false,\"Repeat\":false}},\"path_snap_data\":{},\"color\":{\"B\":0,\"G\":255,\"R\":0,\"A\":255},\"force_scale\":false,\"mute\":false,\"pass\":false,\"group_data\":{\"Groups\":[false,false,false,false,false,false,false,false,false,false]},\"Origin\":\"3024, 72\",\"SerializablePathTo\":[],\"SerializablePathFrom\":[],\"PathMode\":0,\"SignalMode\":0,\"Start\":false}"}
{"type":1,"json":"{\"id\":12,\"label\":\"Let's keep scrolling to the right\",\"midi_data\":{\"Primary\":60,\"Secondary\":100,\"Channel\":1,\"Duration\":1.0,\"Repeat\":0,\"Root\":0,\"Scale\":0},\"relative_midi_data\":{\"Primary\":0,\"RangedPrimary\":0,\"Secondary\":0,\"Channel\":0,\"Duration\":0.0,\"Repeat\":0,\"Root\":0,\"Scale\":0,\"RangeFields\":{\"Primary\":{\"Up\":false,\"Down\":false},\"Secondary\":{\"Up\":false,\"Down\":false},\"Channel\":{\"Up\":false,\"Down\":false},\"Duration\":{\"Up\":false,\"Down\":false},\"Repeat\":{\"Up\":false,\"Down\":false}},\"Pass\":{\"Primary\":false,\"Secondary\":false,\"Channel\":false,\"Duration\":false,\"Repeat\":false}},\"path_snap_data\":{},\"color\":{\"B\":100,\"G\":170,\"R\":225,\"A\":255},\"force_scale\":false,\"mute\":true,\"pass\":false,\"group_data\":{\"Groups\":[false,false,false,false,false,false,false,false,false,false]},\"Origin\":\"1908, 144\",\"SerializablePathTo\":[],\"SerializablePathFrom\":[],\"PathMode\":0,\"SignalMode\":0,\"Start\":false}"}
{"type":1,"json":"{\"id\":11,\"label\":\"Did you see a clock-like animation on the start point?\",\"midi_data\":{\"Primary\":60,\"Secondary\":100,\"Channel\":1,\"Duration\":1.0,\"Repeat\":0,\"Root\":0,\"Scale\":0},\"relative_midi_data\":{\"Primary\":0,\"RangedPrimary\":0,\"Secondary\":0,\"Channel\":0,\"Duration\":0.0,\"Repeat\":0,\"Root\":0,\"Scale\":0,\"RangeFields\":{\"Primary\":{\"Up\":false,\"Down\":false},\"Secondary\":{\"Up\":false,\"Down\":false},\"Channel\":{\"Up\":false,\"Down\":false},\"Duration\":{\"Up\":false,\"Down\":false},\"Repeat\":{\"Up\":false,\"Down\":false}},\"Pass\":{\"Primary\":false,\"Secondary\":false,\"Channel\":false,\"Duration\":false,\"Repeat\":false}},\"path_snap_data\":{},\"color\":{\"B\":100,\"G\":170,\"R\":225,\"A\":255},\"force_scale\":false,\"mute\":true,\"pass\":false,\"group_data\":{\"Groups\":[false,false,false,false,false,false,false,false,false,false]},\"Origin\":\"1908, 72\",\"SerializablePathTo\":[],\"SerializablePathFrom\":[],\"PathMode\":0,\"SignalMode\":0,\"Start\":false}"}
{"type":1,"json":"{\"id\":10,\"label\":\"You can also use the keyboard. The default is 'spacebar'\",\"midi_data\":{\"Primary\":60,\"Secondary\":100,\"Channel\":1,\"Duration\":1.0,\"Repeat\":0,\"Root\":0,\"Scale\":0},\"relative_midi_data\":{\"Primary\":0,\"RangedPrimary\":0,\"Secondary\":0,\"Channel\":0,\"Duration\":0.0,\"Repeat\":0,\"Root\":0,\"Scale\":0,\"RangeFields\":{\"Primary\":{\"Up\":false,\"Down\":false},\"Secondary\":{\"Up\":false,\"Down\":false},\"Channel\":{\"Up\":false,\"Down\":false},\"Duration\":{\"Up\":false,\"Down\":false},\"Repeat\":{\"Up\":false,\"Down\":false}},\"Pass\":{\"Primary\":false,\"Secondary\":false,\"Channel\":false,\"Duration\":false,\"Repeat\":false}},\"path_snap_data\":{},\"color\":{\"B\":100,\"G\":170,\"R\":225,\"A\":255},\"force_scale\":false,\"mute\":true,\"pass\":false,\"group_data\":{\"Groups\":[false,false,false,false,false,false,false,false,false,false]},\"Origin\":\"1908, 36\",\"SerializablePathTo\":[],\"SerializablePathFrom\":[],\"PathMode\":0,\"SignalMode\":0,\"Start\":false}"}
{"type":1,"json":"{\"id\":9,\"label\":\"You just played a MIDI Primary!\",\"midi_data\":{\"Primary\":60,\"Secondary\":100,\"Channel\":1,\"Duration\":1.0,\"Repeat\":0,\"Root\":0,\"Scale\":0},\"relative_midi_data\":{\"Primary\":0,\"RangedPrimary\":0,\"Secondary\":0,\"Channel\":0,\"Duration\":0.0,\"Repeat\":0,\"Root\":0,\"Scale\":0,\"RangeFields\":{\"Primary\":{\"Up\":false,\"Down\":false},\"Secondary\":{\"Up\":false,\"Down\":false},\"Channel\":{\"Up\":false,\"Down\":false},\"Duration\":{\"Up\":false,\"Down\":false},\"Repeat\":{\"Up\":false,\"Down\":false}},\"Pass\":{\"Primary\":false,\"Secondary\":false,\"Channel\":false,\"Duration\":false,\"Repeat\":false}},\"path_snap_data\":{},\"color\":{\"B\":100,\"G\":170,\"R\":225,\"A\":255},\"force_scale\":false,\"mute\":true,\"pass\":false,\"group_data\":{\"Groups\":[false,false,false,false,false,false,false,false,false,false]},\"Origin\":\"1908, 108\",\"SerializablePathTo\":[],\"SerializablePathFrom\":[],\"PathMode\":0,\"SignalMode\":0,\"Start\":false}"}
{"type":1,"json":"{\"id\":8,\"label\":\"Push the triangle 'play' button on the top menu bar\",\"midi_data\":{\"Primary\":60,\"Secondary\":100,\"Channel\":1,\"Duration\":1.0,\"Repeat\":0,\"Root\":0,\"Scale\":0},\"relative_midi_data\":{\"Primary\":0,\"RangedPrimary\":0,\"Secondary\":0,\"Channel\":0,\"Duration\":0.0,\"Repeat\":0,\"Root\":0,\"Scale\":0,\"RangeFields\":{\"Primary\":{\"Up\":false,\"Down\":false},\"Secondary\":{\"Up\":false,\"Down\":false},\"Channel\":{\"Up\":false,\"Down\":false},\"Duration\":{\"Up\":false,\"Down\":false},\"Repeat\":{\"Up\":false,\"Down\":false}},\"Pass\":{\"Primary\":false,\"Secondary\":false,\"Channel\":false,\"Duration\":false,\"Repeat\":false}},\"path_snap_data\":{},\"color\":{\"B\":100,\"G\":170,\"R\":225,\"A\":255},\"force_scale\":false,\"mute\":true,\"pass\":false,\"group_data\":{\"Groups\":[false,false,false,false,false,false,false,false,false,false]},\"Origin\":\"1908, 0\",\"SerializablePathTo\":[],\"SerializablePathFrom\":[],\"PathMode\":0,\"SignalMode\":0,\"Start\":false}"}
{"type":1,"json":"{\"id\":7,\"label\":\"Move to the right until you see more messages\",\"midi_data\":{\"Primary\":60,\"Secondary\":100,\"Channel\":1,\"Duration\":1.0,\"Repeat\":0,\"Root\":0,\"Scale\":0},\"relative_midi_data\":{\"Primary\":0,\"RangedPrimary\":0,\"Secondary\":0,\"Channel\":0,\"Duration\":0.0,\"Repeat\":0,\"Root\":0,\"Scale\":0,\"RangeFields\":{\"Primary\":{\"Up\":false,\"Down\":false},\"Secondary\":{\"Up\":false,\"Down\":false},\"Channel\":{\"Up\":false,\"Down\":false},\"Duration\":{\"Up\":false,\"Down\":false},\"Repeat\":{\"Up\":false,\"Down\":false}},\"Pass\":{\"Primary\":false,\"Secondary\":false,\"Channel\":false,\"Duration\":false,\"Repeat\":false}},\"path_snap_data\":{},\"color\":{\"B\":145,\"G\":195,\"R\":255,\"A\":255},\"force_scale\":false,\"mute\":true,\"pass\":false,\"group_data\":{\"Groups\":[false,false,false,false,false,false,false,false,false,false]},\"Origin\":\"-144, 108\",\"SerializablePathTo\":[],\"SerializablePathFrom\":[],\"PathMode\":0,\"SignalMode\":0,\"Start\":false}"}
{"type":1,"json":"{\"id\":6,\"label\":\"Hold secondary click and move the canvas around\",\"midi_data\":{\"Primary\":60,\"Secondary\":100,\"Channel\":1,\"Duration\":1.0,\"Repeat\":0,\"Root\":0,\"Scale\":0},\"relative_midi_data\":{\"Primary\":0,\"RangedPrimary\":0,\"Secondary\":0,\"Channel\":0,\"Duration\":0.0,\"Repeat\":0,\"Root\":0,\"Scale\":0,\"RangeFields\":{\"Primary\":{\"Up\":false,\"Down\":false},\"Secondary\":{\"Up\":false,\"Down\":false},\"Channel\":{\"Up\":false,\"Down\":false},\"Duration\":{\"Up\":false,\"Down\":false},\"Repeat\":{\"Up\":false,\"Down\":false}},\"Pass\":{\"Primary\":false,\"Secondary\":false,\"Channel\":false,\"Duration\":false,\"Repeat\":false}},\"path_snap_data\":{},\"color\":{\"B\":145,\"G\":195,\"R\":255,\"A\":255},\"force_scale\":false,\"mute\":true,\"pass\":false,\"group_data\":{\"Groups\":[false,false,false,false,false,false,false,false,false,false]},\"Origin\":\"-144, 36\",\"SerializablePathTo\":[],\"SerializablePathFrom\":[],\"PathMode\":0,\"SignalMode\":0,\"Start\":false}"}
{"type":1,"json":"{\"id\":5,\"label\":\"You can also move with the mouse\",\"midi_data\":{\"Primary\":60,\"Secondary\":100,\"Channel\":1,\"Duration\":1.0,\"Repeat\":0,\"Root\":0,\"Scale\":0},\"relative_midi_data\":{\"Primary\":0,\"RangedPrimary\":0,\"Secondary\":0,\"Channel\":0,\"Duration\":0.0,\"Repeat\":0,\"Root\":0,\"Scale\":0,\"RangeFields\":{\"Primary\":{\"Up\":false,\"Down\":false},\"Secondary\":{\"Up\":false,\"Down\":false},\"Channel\":{\"Up\":false,\"Down\":false},\"Duration\":{\"Up\":false,\"Down\":false},\"Repeat\":{\"Up\":false,\"Down\":false}},\"Pass\":{\"Primary\":false,\"Secondary\":false,\"Channel\":false,\"Duration\":false,\"Repeat\":false}},\"path_snap_data\":{},\"color\":{\"B\":145,\"G\":195,\"R\":255,\"A\":255},\"force_scale\":false,\"mute\":true,\"pass\":false,\"group_data\":{\"Groups\":[false,false,false,false,false,false,false,false,false,false]},\"Origin\":\"-144, 0\",\"SerializablePathTo\":[],\"SerializablePathFrom\":[],\"PathMode\":0,\"SignalMode\":0,\"Start\":false}"}
{"type":1,"json":"{\"id\":4,\"label\":\"Use the arrow keys by default\",\"midi_data\":{\"Primary\":60,\"Secondary\":100,\"Channel\":1,\"Duration\":1.0,\"Repeat\":0,\"Root\":0,\"Scale\":0},\"relative_midi_data\":{\"Primary\":0,\"RangedPrimary\":0,\"Secondary\":0,\"Channel\":0,\"Duration\":0.0,\"Repeat\":0,\"Root\":0,\"Scale\":0,\"RangeFields\":{\"Primary\":{\"Up\":false,\"Down\":false},\"Secondary\":{\"Up\":false,\"Down\":false},\"Channel\":{\"Up\":false,\"Down\":false},\"Duration\":{\"Up\":false,\"Down\":false},\"Repeat\":{\"Up\":false,\"Down\":false}},\"Pass\":{\"Primary\":false,\"Secondary\":false,\"Channel\":false,\"Duration\":false,\"Repeat\":false}},\"path_snap_data\":{},\"color\":{\"B\":145,\"G\":195,\"R\":255,\"A\":255},\"force_scale\":false,\"mute\":true,\"pass\":false,\"group_data\":{\"Groups\":[false,false,false,false,false,false,false,false,false,false]},\"Origin\":\"-144, -36\",\"SerializablePathTo\":[],\"SerializablePathFrom\":[],\"PathMode\":0,\"SignalMode\":0,\"Start\":false}"}
{"type":1,"json":"{\"id\":3,\"label\":\"Try moving around with the keyboard\",\"midi_data\":{\"Primary\":60,\"Secondary\":100,\"Channel\":1,\"Duration\":1.0,\"Repeat\":0,\"Root\":0,\"Scale\":0},\"relative_midi_data\":{\"Primary\":0,\"RangedPrimary\":0,\"Secondary\":0,\"Channel\":0,\"Duration\":0.0,\"Repeat\":0,\"Root\":0,\"Scale\":0,\"RangeFields\":{\"Primary\":{\"Up\":false,\"Down\":false},\"Secondary\":{\"Up\":false,\"Down\":false},\"Channel\":{\"Up\":false,\"Down\":false},\"Duration\":{\"Up\":false,\"Down\":false},\"Repeat\":{\"Up\":false,\"Down\":false}},\"Pass\":{\"Primary\":false,\"Secondary\":false,\"Channel\":false,\"Duration\":false,\"Repeat\":false}},\"path_snap_data\":{},\"color\":{\"B\":145,\"G\":195,\"R\":255,\"A\":255},\"force_scale\":false,\"mute\":true,\"pass\":false,\"group_data\":{\"Groups\":[false,false,false,false,false,false,false,false,false,false]},\"Origin\":\"-144, -72\",\"SerializablePathTo\":[],\"SerializablePathFrom\":[],\"PathMode\":0,\"SignalMode\":0,\"Start\":false}"}
{"type":1,"json":"{\"id\":2,\"label\":\"This is not a starting point\",\"midi_data\":{\"Primary\":60,\"Secondary\":100,\"Channel\":1,\"Duration\":1.0,\"Repeat\":0,\"Root\":0,\"Scale\":0},\"relative_midi_data\":{\"Primary\":0,\"RangedPrimary\":0,\"Secondary\":0,\"Channel\":0,\"Duration\":0.0,\"Repeat\":0,\"Root\":0,\"Scale\":0,\"RangeFields\":{\"Primary\":{\"Up\":false,\"Down\":false},\"Secondary\":{\"Up\":false,\"Down\":false},\"Channel\":{\"Up\":false,\"Down\":false},\"Duration\":{\"Up\":false,\"Down\":false},\"Repeat\":{\"Up\":false,\"Down\":false}},\"Pass\":{\"Primary\":false,\"Secondary\":false,\"Channel\":false,\"Duration\":false,\"Repeat\":false}},\"path_snap_data\":{},\"color\":{\"B\":255,\"G\":255,\"R\":255,\"A\":255},\"force_scale\":false,\"mute\":false,\"pass\":false,\"group_data\":{\"Groups\":[false,false,false,false,false,false,false,false,false,false]},\"Origin\":\"1908, -72\",\"SerializablePathTo\":[],\"SerializablePathFrom\":[],\"PathMode\":0,\"SignalMode\":0,\"Start\":false}"}
{"type":1,"json":"{\"id\":1,\"label\":\"This is a starting point. Notice the ring\",\"midi_data\":{\"Primary\":60,\"Secondary\":100,\"Channel\":1,\"Duration\":4.0,\"Repeat\":0,\"Root\":0,\"Scale\":0},\"relative_midi_data\":{\"Primary\":0,\"RangedPrimary\":0,\"Secondary\":0,\"Channel\":0,\"Duration\":0.0,\"Repeat\":0,\"Root\":0,\"Scale\":0,\"RangeFields\":{\"Primary\":{\"Up\":false,\"Down\":false},\"Secondary\":{\"Up\":false,\"Down\":false},\"Channel\":{\"Up\":false,\"Down\":false},\"Duration\":{\"Up\":false,\"Down\":false},\"Repeat\":{\"Up\":false,\"Down\":false}},\"Pass\":{\"Primary\":false,\"Secondary\":false,\"Channel\":false,\"Duration\":false,\"Repeat\":false}},\"path_snap_data\":{},\"color\":{\"B\":255,\"G\":255,\"R\":255,\"A\":255},\"force_scale\":false,\"mute\":false,\"pass\":false,\"group_data\":{\"Groups\":[false,false,false,false,false,false,false,false,false,false]},\"Origin\":\"1908, -108\",\"SerializablePathTo\":[],\"SerializablePathFrom\":[],\"PathMode\":0,\"SignalMode\":0,\"Start\":true}"}
{"type":1,"json":"{\"id\":0,\"label\":\"Welcome to the guided Midinous tutorial\",\"midi_data\":{\"Primary\":60,\"Secondary\":100,\"Channel\":1,\"Duration\":1.0,\"Repeat\":0,\"Root\":0,\"Scale\":0},\"relative_midi_data\":{\"Primary\":0,\"RangedPrimary\":0,\"Secondary\":0,\"Channel\":0,\"Duration\":0.0,\"Repeat\":0,\"Root\":0,\"Scale\":0,\"RangeFields\":{\"Primary\":{\"Up\":false,\"Down\":false},\"Secondary\":{\"Up\":false,\"Down\":false},\"Channel\":{\"Up\":false,\"Down\":false},\"Duration\":{\"Up\":false,\"Down\":false},\"Repeat\":{\"Up\":false,\"Down\":false}},\"Pass\":{\"Primary\":false,\"Secondary\":false,\"Channel\":false,\"Duration\":false,\"Repeat\":false}},\"path_snap_data\":{},\"color\":{\"B\":145,\"G\":195,\"R\":255,\"A\":255},\"force_scale\":false,\"mute\":true,\"pass\":false,\"group_data\":{\"Groups\":[false,false,false,false,false,false,false,false,false,false]},\"Origin\":\"-144, -180\",\"SerializablePathTo\":[],\"SerializablePathFrom\":[],\"PathMode\":0,\"SignalMode\":0,\"Start\":false}"}
{"type":1,"json":"{\"id\":17,\"label\":\"You may notice a blue cross mouse cursor\",\"midi_data\":{\"Primary\":60,\"Secondary\":100,\"Channel\":1,\"Duration\":1.0,\"Repeat\":0,\"Root\":0,\"Scale\":0},\"relative_midi_data\":{\"Primary\":0,\"RangedPrimary\":0,\"Secondary\":0,\"Channel\":0,\"Duration\":0.0,\"Repeat\":0,\"Root\":0,\"Scale\":0,\"RangeFields\":{\"Primary\":{\"Up\":false,\"Down\":false},\"Secondary\":{\"Up\":false,\"Down\":false},\"Channel\":{\"Up\":false,\"Down\":false},\"Duration\":{\"Up\":false,\"Down\":false},\"Repeat\":{\"Up\":false,\"Down\":false}},\"Pass\":{\"Primary\":false,\"Secondary\":false,\"Channel\":false,\"Duration\":false,\"Repeat\":false}},\"path_snap_data\":{},\"color\":{\"B\":145,\"G\":195,\"R\":255,\"A\":255},\"force_scale\":false,\"mute\":true,\"pass\":false,\"group_data\":{\"Groups\":[false,false,false,false,false,false,false,false,false,false]},\"Origin\":\"900, -180\",\"SerializablePathTo\":[],\"SerializablePathFrom\":[],\"PathMode\":0,\"SignalMode\":0,\"Start\":false}"}
{"type":1,"json":"{\"id\":18,\"label\":\"You're in 'Place' mode.\",\"midi_data\":{\"Primary\":60,\"Secondary\":100,\"Channel\":1,\"Duration\":1.0,\"Repeat\":0,\"Root\":0,\"Scale\":0},\"relative_midi_data\":{\"Primary\":0,\"RangedPrimary\":0,\"Secondary\":0,\"Channel\":0,\"Duration\":0.0,\"Repeat\":0,\"Root\":0,\"Scale\":0,\"RangeFields\":{\"Primary\":{\"Up\":false,\"Down\":false},\"Secondary\":{\"Up\":false,\"Down\":false},\"Channel\":{\"Up\":false,\"Down\":false},\"Duration\":{\"Up\":false,\"Down\":false},\"Repeat\":{\"Up\":false,\"Down\":false}},\"Pass\":{\"Primary\":false,\"Secondary\":false,\"Channel\":false,\"Duration\":false,\"Repeat\":false}},\"path_snap_data\":{},\"color\":{\"B\":145,\"G\":195,\"R\":255,\"A\":255},\"force_scale\":false,\"mute\":true,\"pass\":false,\"group_data\":{\"Groups\":[false,false,false,false,false,false,false,false,false,false]},\"Origin\":\"900, -144\",\"SerializablePathTo\":[],\"SerializablePathFrom\":[],\"PathMode\":0,\"SignalMode\":0,\"Start\":false}"}
{"type":1,"json":"{\"id\":19,\"label\":\"To change modes, use 'Q,W,E' by default\",\"midi_data\":{\"Primary\":60,\"Secondary\":100,\"Channel\":1,\"Duration\":1.0,\"Repeat\":0,\"Root\":0,\"Scale\":0},\"relative_midi_data\":{\"Primary\":0,\"RangedPrimary\":0,\"Secondary\":0,\"Channel\":0,\"Duration\":0.0,\"Repeat\":0,\"Root\":0,\"Scale\":0,\"RangeFields\":{\"Primary\":{\"Up\":false,\"Down\":false},\"Secondary\":{\"Up\":false,\"Down\":false},\"Channel\":{\"Up\":false,\"Down\":false},\"Duration\":{\"Up\":false,\"Down\":false},\"Repeat\":{\"Up\":false,\"Down\":false}},\"Pass\":{\"Primary\":false,\"Secondary\":false,\"Channel\":false,\"Duration\":false,\"Repeat\":false}},\"path_snap_data\":{},\"color\":{\"B\":145,\"G\":195,\"R\":255,\"A\":255},\"force_scale\":false,\"mute\":true,\"pass\":false,\"group_data\":{\"Groups\":[false,false,false,false,false,false,false,false,false,false]},\"Origin\":\"900, -108\",\"SerializablePathTo\":[],\"SerializablePathFrom\":[],\"PathMode\":0,\"SignalMode\":0,\"Start\":false}"}
{"type":1,"json":"{\"id\":20,\"label\":\"Q: Select tool, a box\",\"midi_data\":{\"Primary\":60,\"Secondary\":100,\"Channel\":1,\"Duration\":1.0,\"Repeat\":0,\"Root\":0,\"Scale\":0},\"relative_midi_data\":{\"Primary\":0,\"RangedPrimary\":0,\"Secondary\":0,\"Channel\":0,\"Duration\":0.0,\"Repeat\":0,\"Root\":0,\"Scale\":0,\"RangeFields\":{\"Primary\":{\"Up\":false,\"Down\":false},\"Secondary\":{\"Up\":false,\"Down\":false},\"Channel\":{\"Up\":false,\"Down\":false},\"Duration\":{\"Up\":false,\"Down\":false},\"Repeat\":{\"Up\":false,\"Down\":false}},\"Pass\":{\"Primary\":false,\"Secondary\":false,\"Channel\":false,\"Duration\":false,\"Repeat\":false}},\"path_snap_data\":{},\"color\":{\"B\":145,\"G\":195,\"R\":255,\"A\":255},\"force_scale\":false,\"mute\":true,\"pass\":false,\"group_data\":{\"Groups\":[false,false,false,false,false,false,false,false,false,false]},\"Origin\":\"900, 0\",\"SerializablePathTo\":[],\"SerializablePathFrom\":[],\"PathMode\":0,\"SignalMode\":0,\"Start\":false}"}
{"type":1,"json":"{\"id\":21,\"label\":\"W: Place tool, a cross\",\"midi_data\":{\"Primary\":60,\"Secondary\":100,\"Channel\":1,\"Duration\":1.0,\"Repeat\":0,\"Root\":0,\"Scale\":0},\"relative_midi_data\":{\"Primary\":0,\"RangedPrimary\":0,\"Secondary\":0,\"Channel\":0,\"Duration\":0.0,\"Repeat\":0,\"Root\":0,\"Scale\":0,\"RangeFields\":{\"Primary\":{\"Up\":false,\"Down\":false},\"Secondary\":{\"Up\":false,\"Down\":false},\"Channel\":{\"Up\":false,\"Down\":false},\"Duration\":{\"Up\":false,\"Down\":false},\"Repeat\":{\"Up\":false,\"Down\":false}},\"Pass\":{\"Primary\":false,\"Secondary\":false,\"Channel\":false,\"Duration\":false,\"Repeat\":false}},\"path_snap_data\":{},\"color\":{\"B\":145,\"G\":195,\"R\":255,\"A\":255},\"force_scale\":false,\"mute\":true,\"pass\":false,\"group_data\":{\"Groups\":[false,false,false,false,false,false,false,false,false,false]},\"Origin\":\"900, 36\",\"SerializablePathTo\":[],\"SerializablePathFrom\":[],\"PathMode\":0,\"SignalMode\":0,\"Start\":false}"}
{"type":1,"json":"{\"id\":22,\"label\":\"E: Path tool, a box with decorations\",\"midi_data\":{\"Primary\":60,\"Secondary\":100,\"Channel\":1,\"Duration\":1.0,\"Repeat\":0,\"Root\":0,\"Scale\":0},\"relative_midi_data\":{\"Primary\":0,\"RangedPrimary\":0,\"Secondary\":0,\"Channel\":0,\"Duration\":0.0,\"Repeat\":0,\"Root\":0,\"Scale\":0,\"RangeFields\":{\"Primary\":{\"Up\":false,\"Down\":false},\"Secondary\":{\"Up\":false,\"Down\":false},\"Channel\":{\"Up\":false,\"Down\":false},\"Duration\":{\"Up\":false,\"Down\":false},\"Repeat\":{\"Up\":false,\"Down\":false}},\"Pass\":{\"Primary\":false,\"Secondary\":false,\"Channel\":false,\"Duration\":false,\"Repeat\":false}},\"path_snap_data\":{},\"color\":{\"B\":145,\"G\":195,\"R\":255,\"A\":255},\"force_scale\":false,\"mute\":true,\"pass\":false,\"group_data\":{\"Groups\":[false,false,false,false,false,false,false,false,false,false]},\"Origin\":\"900, 72\",\"SerializablePathTo\":[],\"SerializablePathFrom\":[],\"PathMode\":0,\"SignalMode\":0,\"Start\":false}"}
{"type":1,"json":"{\"id\":24,\"label\":\"We'll get to the what these modes do soon\",\"midi_data\":{\"Primary\":60,\"Secondary\":100,\"Channel\":1,\"Duration\":1.0,\"Repeat\":0,\"Root\":0,\"Scale\":0},\"relative_midi_data\":{\"Primary\":0,\"RangedPrimary\":0,\"Secondary\":0,\"Channel\":0,\"Duration\":0.0,\"Repeat\":0,\"Root\":0,\"Scale\":0,\"RangeFields\":{\"Primary\":{\"Up\":false,\"Down\":false},\"Secondary\":{\"Up\":false,\"Down\":false},\"Channel\":{\"Up\":false,\"Down\":false},\"Duration\":{\"Up\":false,\"Down\":false},\"Repeat\":{\"Up\":false,\"Down\":false}},\"Pass\":{\"Primary\":false,\"Secondary\":false,\"Channel\":false,\"Duration\":false,\"Repeat\":false}},\"path_snap_data\":{},\"color\":{\"B\":145,\"G\":195,\"R\":255,\"A\":255},\"force_scale\":false,\"mute\":true,\"pass\":false,\"group_data\":{\"Groups\":[false,false,false,false,false,false,false,false,false,false]},\"Origin\":\"900, 180\",\"SerializablePathTo\":[],\"SerializablePathFrom\":[],\"PathMode\":0,\"SignalMode\":0,\"Start\":false}"}
{"type":1,"json":"{\"id\":25,\"label\":\"For now, let's keep scrolling right\",\"midi_data\":{\"Primary\":60,\"Secondary\":100,\"Channel\":1,\"Duration\":1.0,\"Repeat\":0,\"Root\":0,\"Scale\":0},\"relative_midi_data\":{\"Primary\":0,\"RangedPrimary\":0,\"Secondary\":0,\"Channel\":0,\"Duration\":0.0,\"Repeat\":0,\"Root\":0,\"Scale\":0,\"RangeFields\":{\"Primary\":{\"Up\":false,\"Down\":false},\"Secondary\":{\"Up\":false,\"Down\":false},\"Channel\":{\"Up\":false,\"Down\":false},\"Duration\":{\"Up\":false,\"Down\":false},\"Repeat\":{\"Up\":false,\"Down\":false}},\"Pass\":{\"Primary\":false,\"Secondary\":false,\"Channel\":false,\"Duration\":false,\"Repeat\":false}},\"path_snap_data\":{},\"color\":{\"B\":145,\"G\":195,\"R\":255,\"A\":255},\"force_scale\":false,\"mute\":true,\"pass\":false,\"group_data\":{\"Groups\":[false,false,false,false,false,false,false,false,false,false]},\"Origin\":\"900, 216\",\"SerializablePathTo\":[],\"SerializablePathFrom\":[],\"PathMode\":0,\"SignalMode\":0,\"Start\":false}"}
{"type":1,"json":"{\"id\":27,\"label\":\"Make sure you're in 'Select' mode\",\"midi_data\":{\"Primary\":60,\"Secondary\":100,\"Channel\":1,\"Duration\":1.0,\"Repeat\":0,\"Root\":0,\"Scale\":0},\"relative_midi_data\":{\"Primary\":0,\"RangedPrimary\":0,\"Secondary\":0,\"Channel\":0,\"Duration\":0.0,\"Repeat\":0,\"Root\":0,\"Scale\":0,\"RangeFields\":{\"Primary\":{\"Up\":false,\"Down\":false},\"Secondary\":{\"Up\":false,\"Down\":false},\"Channel\":{\"Up\":false,\"Down\":false},\"Duration\":{\"Up\":false,\"Down\":false},\"Repeat\":{\"Up\":false,\"Down\":false}},\"Pass\":{\"Primary\":false,\"Secondary\":false,\"Channel\":false,\"Duration\":false,\"Repeat\":false}},\"path_snap_data\":{},\"color\":{\"B\":125,\"G\":195,\"R\":255,\"A\":255},\"force_scale\":false,\"mute\":true,\"pass\":false,\"group_data\":{\"Groups\":[false,false,false,false,false,false,false,false,false,false]},\"Origin\":\"2952, -72\",\"SerializablePathTo\":[],\"SerializablePathFrom\":[],\"PathMode\":0,\"SignalMode\":0,\"Start\":false}"}
{"type":1,"json":"{\"id\":29,\"label\":\"Now, when you push play, the point will animate\",\"midi_data\":{\"Primary\":60,\"Secondary\":100,\"Channel\":1,\"Duration\":1.0,\"Repeat\":0,\"Root\":0,\"Scale\":0},\"relative_midi_data\":{\"Primary\":0,\"RangedPrimary\":0,\"Secondary\":0,\"Channel\":0,\"Duration\":0.0,\"Repeat\":0,\"Root\":0,\"Scale\":0,\"RangeFields\":{\"Primary\":{\"Up\":false,\"Down\":false},\"Secondary\":{\"Up\":false,\"Down\":false},\"Channel\":{\"Up\":false,\"Down\":false},\"Duration\":{\"Up\":false,\"Down\":false},\"Repeat\":{\"Up\":false,\"Down\":false}},\"Pass\":{\"Primary\":false,\"Secondary\":false,\"Channel\":false,\"Duration\":false,\"Repeat\":false}},\"path_snap_data\":{},\"color\":{\"B\":125,\"G\":195,\"R\":255,\"A\":255},\"force_scale\":false,\"mute\":true,\"pass\":false,\"group_data\":{\"Groups\":[false,false,false,false,false,false,false,false,false,false]},\"Origin\":\"2952, 144\",\"SerializablePathTo\":[],\"SerializablePathFrom\":[],\"PathMode\":0,\"SignalMode\":0,\"Start\":false}"}
{"type":1,"json":"{\"id\":32,\"label\":\"Follow these message points to learn how to play and create\",\"midi_data\":{\"Primary\":60,\"Secondary\":100,\"Channel\":1,\"Duration\":1.0,\"Repeat\":0,\"Root\":0,\"Scale\":0},\"relative_midi_data\":{\"Primary\":0,\"RangedPrimary\":0,\"Secondary\":0,\"Channel\":0,\"Duration\":0.0,\"Repeat\":0,\"Root\":0,\"Scale\":0,\"RangeFields\":{\"Primary\":{\"Up\":false,\"Down\":false},\"Secondary\":{\"Up\":false,\"Down\":false},\"Channel\":{\"Up\":false,\"Down\":false},\"Duration\":{\"Up\":false,\"Down\":false},\"Repeat\":{\"Up\":false,\"Down\":false}},\"Pass\":{\"Primary\":false,\"Secondary\":false,\"Channel\":false,\"Duration\":false,\"Repeat\":false}},\"path_snap_data\":{},\"color\":{\"B\":145,\"G\":195,\"R\":255,\"A\":255},\"force_scale\":false,\"mute\":true,\"pass\":false,\"group_data\":{\"Groups\":[false,false,false,false,false,false,false,false,false,false]},\"Origin\":\"-144, -144\",\"SerializablePathTo\":[],\"SerializablePathFrom\":[],\"PathMode\":0,\"SignalMode\":0,\"Start\":false}"}
{"type":1,"json":"{\"id\":33,\"label\":\"Scroll down this time to learn more\",\"midi_data\":{\"Primary\":60,\"Secondary\":100,\"Channel\":1,\"Duration\":1.0,\"Repeat\":0,\"Root\":0,\"Scale\":0},\"relative_midi_data\":{\"Primary\":0,\"RangedPrimary\":0,\"Secondary\":0,\"Channel\":0,\"Duration\":0.0,\"Repeat\":0,\"Root\":0,\"Scale\":0,\"RangeFields\":{\"Primary\":{\"Up\":false,\"Down\":false},\"Secondary\":{\"Up\":false,\"Down\":false},\"Channel\":{\"Up\":false,\"Down\":false},\"Duration\":{\"Up\":false,\"Down\":false},\"Repeat\":{\"Up\":false,\"Down\":false}},\"Pass\":{\"Primary\":false,\"Secondary\":false,\"Channel\":false,\"Duration\":false,\"Repeat\":false}},\"path_snap_data\":{},\"color\":{\"B\":125,\"G\":195,\"R\":255,\"A\":255},\"force_scale\":false,\"mute\":true,\"pass\":false,\"group_data\":{\"Groups\":[false,false,false,false,false,false,false,false,false,false]},\"Origin\":\"2952, 180\",\"SerializablePathTo\":[],\"SerializablePathFrom\":[],\"PathMode\":0,\"SignalMode\":0,\"Start\":false}"}
{"type":1,"json":"{\"id\":35,\"label\":\"These points are linked with a 'Path'\",\"midi_data\":{\"Primary\":60,\"Secondary\":100,\"Channel\":1,\"Duration\":1.0,\"Repeat\":0,\"Root\":0,\"Scale\":0},\"relative_midi_data\":{\"Primary\":0,\"RangedPrimary\":0,\"Secondary\":0,\"Channel\":0,\"Duration\":0.0,\"Repeat\":0,\"Root\":0,\"Scale\":0,\"RangeFields\":{\"Primary\":{\"Up\":false,\"Down\":false},\"Secondary\":{\"Up\":false,\"Down\":false},\"Channel\":{\"Up\":false,\"Down\":false},\"Duration\":{\"Up\":false,\"Down\":false},\"Repeat\":{\"Up\":false,\"Down\":false}},\"Pass\":{\"Primary\":false,\"Secondary\":false,\"Channel\":false,\"Duration\":false,\"Repeat\":false}},\"path_snap_data\":{},\"color\":{\"B\":125,\"G\":195,\"R\":255,\"A\":255},\"force_scale\":false,\"mute\":true,\"pass\":false,\"group_data\":{\"Groups\":[false,false,false,false,false,false,false,false,false,false]},\"Origin\":\"2916, 576\",\"SerializablePathTo\":[],\"SerializablePathFrom\":[],\"PathMode\":0,\"SignalMode\":0,\"Start\":false}"}
{"type":1,"json":"{\"id\":36,\"label\":\"Make this point a start point\",\"midi_data\":{\"Primary\":60,\"Secondary\":100,\"Channel\":1,\"Duration\":4.0,\"Repeat\":0,\"Root\":0,\"Scale\":0},\"relative_midi_data\":{\"Primary\":0,\"RangedPrimary\":0,\"Secondary\":0,\"Channel\":0,\"Duration\":0.0,\"Repeat\":0,\"Root\":0,\"Scale\":0,\"RangeFields\":{\"Primary\":{\"Up\":false,\"Down\":false},\"Secondary\":{\"Up\":false,\"Down\":false},\"Channel\":{\"Up\":false,\"Down\":false},\"Duration\":{\"Up\":false,\"Down\":false},\"Repeat\":{\"Up\":false,\"Down\":false}},\"Pass\":{\"Primary\":false,\"Secondary\":false,\"Channel\":false,\"Duration\":false,\"Repeat\":false}},\"path_snap_data\":{},\"color\":{\"B\":0,\"G\":255,\"R\":0,\"A\":255},\"force_scale\":false,\"mute\":false,\"pass\":false,\"group_data\":{\"Groups\":[false,false,false,false,false,false,false,false,false,false]},\"Origin\":\"2988, 684\",\"SerializablePathTo\":[37],\"SerializablePathFrom\":[],\"PathMode\":0,\"SignalMode\":0,\"Start\":false}"}
{"type":1,"json":"{\"id\":37,\"label\":\"\",\"midi_data\":{\"Primary\":65,\"Secondary\":100,\"Channel\":1,\"Duration\":4.0,\"Repeat\":0,\"Root\":0,\"Scale\":0},\"relative_midi_data\":{\"Primary\":0,\"RangedPrimary\":0,\"Secondary\":0,\"Channel\":0,\"Duration\":0.0,\"Repeat\":0,\"Root\":0,\"Scale\":0,\"RangeFields\":{\"Primary\":{\"Up\":false,\"Down\":false},\"Secondary\":{\"Up\":false,\"Down\":false},\"Channel\":{\"Up\":false,\"Down\":false},\"Duration\":{\"Up\":false,\"Down\":false},\"Repeat\":{\"Up\":false,\"Down\":false}},\"Pass\":{\"Primary\":false,\"Secondary\":false,\"Channel\":false,\"Duration\":false,\"Repeat\":false}},\"path_snap_data\":{},\"color\":{\"B\":255,\"G\":255,\"R\":255,\"A\":255},\"force_scale\":false,\"mute\":false,\"pass\":false,\"group_data\":{\"Groups\":[false,false,false,false,false,false,false,false,false,false]},\"Origin\":\"3096, 792\",\"SerializablePathTo\":[],\"SerializablePathFrom\":[36],\"PathMode\":0,\"SignalMode\":0,\"Start\":false}"}
{"type":1,"json":"{\"id\":38,\"label\":\"But neither of them are start points\",\"midi_data\":{\"Primary\":60,\"Secondary\":100,\"Channel\":1,\"Duration\":1.0,\"Repeat\":0,\"Root\":0,\"Scale\":0},\"relative_midi_data\":{\"Primary\":0,\"RangedPrimary\":0,\"Secondary\":0,\"Channel\":0,\"Duration\":0.0,\"Repeat\":0,\"Root\":0,\"Scale\":0,\"RangeFields\":{\"Primary\":{\"Up\":false,\"Down\":false},\"Secondary\":{\"Up\":false,\"Down\":false},\"Channel\":{\"Up\":false,\"Down\":false},\"Duration\":{\"Up\":false,\"Down\":false},\"Repeat\":{\"Up\":false,\"Down\":false}},\"Pass\":{\"Primary\":false,\"Secondary\":false,\"Channel\":false,\"Duration\":false,\"Repeat\":false}},\"path_snap_data\":{},\"color\":{\"B\":125,\"G\":195,\"R\":255,\"A\":255},\"force_scale\":false,\"mute\":true,\"pass\":false,\"group_data\":{\"Groups\":[false,false,false,false,false,false,false,false,false,false]},\"Origin\":\"2916, 612\",\"SerializablePathTo\":[],\"SerializablePathFrom\":[],\"PathMode\":0,\"SignalMode\":0,\"Start\":false}"}
{"type":1,"json":"{\"id\":39,\"label\":\"Now when you Play, the start point will send a signal along the path\",\"midi_data\":{\"Primary\":60,\"Secondary\":100,\"Channel\":1,\"Duration\":1.0,\"Repeat\":0,\"Root\":0,\"Scale\":0},\"relative_midi_data\":{\"Primary\":0,\"RangedPrimary\":0,\"Secondary\":0,\"Channel\":0,\"Duration\":0.0,\"Repeat\":0,\"Root\":0,\"Scale\":0,\"RangeFields\":{\"Primary\":{\"Up\":false,\"Down\":false},\"Secondary\":{\"Up\":false,\"Down\":false},\"Channel\":{\"Up\":false,\"Down\":false},\"Duration\":{\"Up\":false,\"Down\":false},\"Repeat\":{\"Up\":false,\"Down\":false}},\"Pass\":{\"Primary\":false,\"Secondary\":false,\"Channel\":false,\"Duration\":false,\"Repeat\":false}},\"path_snap_data\":{},\"color\":{\"B\":140,\"G\":205,\"R\":255,\"A\":255},\"force_scale\":false,\"mute\":true,\"pass\":false,\"group_data\":{\"Groups\":[false,false,false,false,false,false,false,false,false,false]},\"Origin\":\"2916, 828\",\"SerializablePathTo\":[],\"SerializablePathFrom\":[],\"PathMode\":0,\"SignalMode\":0,\"Start\":false}"}
{"type":1,"json":"{\"id\":40,\"label\":\"Nice, now you played two MIDI Primarys!\",\"midi_data\":{\"Primary\":60,\"Secondary\":100,\"Channel\":1,\"Duration\":1.0,\"Repeat\":0,\"Root\":0,\"Scale\":0},\"relative_midi_data\":{\"Primary\":0,\"RangedPrimary\":0,\"Secondary\":0,\"Channel\":0,\"Duration\":0.0,\"Repeat\":0,\"Root\":0,\"Scale\":0,\"RangeFields\":{\"Primary\":{\"Up\":false,\"Down\":false},\"Secondary\":{\"Up\":false,\"Down\":false},\"Channel\":{\"Up\":false,\"Down\":false},\"Duration\":{\"Up\":false,\"Down\":false},\"Repeat\":{\"Up\":false,\"Down\":false}},\"Pass\":{\"Primary\":false,\"Secondary\":false,\"Channel\":false,\"Duration\":false,\"Repeat\":false}},\"path_snap_data\":{},\"color\":{\"B\":140,\"G\":205,\"R\":255,\"A\":255},\"force_scale\":false,\"mute\":true,\"pass\":false,\"group_data\":{\"Groups\":[false,false,false,false,false,false,false,false,false,false]},\"Origin\":\"2916, 900\",\"SerializablePathTo\":[],\"SerializablePathFrom\":[],\"PathMode\":0,\"SignalMode\":0,\"Start\":false}"}
{"type":1,"json":"{\"id\":42,\"label\":\"Did you know you can zoom in and out?\",\"midi_data\":{\"Primary\":60,\"Secondary\":100,\"Channel\":1,\"Duration\":1.0,\"Repeat\":0,\"Root\":0,\"Scale\":0},\"relative_midi_data\":{\"Primary\":0,\"RangedPrimary\":0,\"Secondary\":0,\"Channel\":0,\"Duration\":0.0,\"Repeat\":0,\"Root\":0,\"Scale\":0,\"RangeFields\":{\"Primary\":{\"Up\":false,\"Down\":false},\"Secondary\":{\"Up\":false,\"Down\":false},\"Channel\":{\"Up\":false,\"Down\":false},\"Duration\":{\"Up\":false,\"Down\":false},\"Repeat\":{\"Up\":false,\"Down\":false}},\"Pass\":{\"Primary\":false,\"Secondary\":false,\"Channel\":false,\"Duration\":false,\"Repeat\":false}},\"path_snap_data\":{},\"color\":{\"B\":140,\"G\":205,\"R\":255,\"A\":255},\"force_scale\":false,\"mute\":true,\"pass\":false,\"group_data\":{\"Groups\":[false,false,false,false,false,false,false,false,false,false]},\"Origin\":\"2736, 1404\",\"SerializablePathTo\":[],\"SerializablePathFrom\":[],\"PathMode\":0,\"SignalMode\":0,\"Start\":false}"}
{"type":1,"json":"{\"id\":43,\"label\":\"Use the defaults 'A' and 'D', the mouse wheel, or the slider at the bottom right\",\"midi_data\":{\"Primary\":60,\"Secondary\":100,\"Channel\":1,\"Duration\":1.0,\"Repeat\":0,\"Root\":0,\"Scale\":0},\"relative_midi_data\":{\"Primary\":0,\"RangedPrimary\":0,\"Secondary\":0,\"Channel\":0,\"Duration\":0.0,\"Repeat\":0,\"Root\":0,\"Scale\":0,\"RangeFields\":{\"Primary\":{\"Up\":false,\"Down\":false},\"Secondary\":{\"Up\":false,\"Down\":false},\"Channel\":{\"Up\":false,\"Down\":false},\"Duration\":{\"Up\":false,\"Down\":false},\"Repeat\":{\"Up\":false,\"Down\":false}},\"Pass\":{\"Primary\":false,\"Secondary\":false,\"Channel\":false,\"Duration\":false,\"Repeat\":false}},\"path_snap_data\":{},\"color\":{\"B\":140,\"G\":205,\"R\":255,\"A\":255},\"force_scale\":false,\"mute\":true,\"pass\":false,\"group_data\":{\"Groups\":[false,false,false,false,false,false,false,false,false,false]},\"Origin\":\"2736, 1440\",\"SerializablePathTo\":[],\"SerializablePathFrom\":[],\"PathMode\":0,\"SignalMode\":0,\"Start\":false}"}
{"type":1,"json":"{\"id\":45,\"label\":\"Reset zoom level with the default 'S' or click the 'Reset' button in the bottom right\",\"midi_data\":{\"Primary\":60,\"Secondary\":100,\"Channel\":1,\"Duration\":1.0,\"Repeat\":0,\"Root\":0,\"Scale\":0},\"relative_midi_data\":{\"Primary\":0,\"RangedPrimary\":0,\"Secondary\":0,\"Channel\":0,\"Duration\":0.0,\"Repeat\":0,\"Root\":0,\"Scale\":0,\"RangeFields\":{\"Primary\":{\"Up\":false,\"Down\":false},\"Secondary\":{\"Up\":false,\"Down\":false},\"Channel\":{\"Up\":false,\"Down\":false},\"Duration\":{\"Up\":false,\"Down\":false},\"Repeat\":{\"Up\":false,\"Down\":false}},\"Pass\":{\"Primary\":false,\"Secondary\":false,\"Channel\":false,\"Duration\":false,\"Repeat\":false}},\"path_snap_data\":{},\"color\":{\"B\":140,\"G\":205,\"R\":255,\"A\":255},\"force_scale\":false,\"mute\":true,\"pass\":false,\"group_data\":{\"Groups\":[false,false,false,false,false,false,false,false,false,false]},\"Origin\":\"2736, 1476\",\"SerializablePathTo\":[],\"SerializablePathFrom\":[],\"PathMode\":0,\"SignalMode\":0,\"Start\":false}"}
{"type":1,"json":"{\"id\":46,\"label\":\"When the signal reaches the second point, it will play too\",\"midi_data\":{\"Primary\":60,\"Secondary\":100,\"Channel\":1,\"Duration\":1.0,\"Repeat\":0,\"Root\":0,\"Scale\":0},\"relative_midi_data\":{\"Primary\":0,\"RangedPrimary\":0,\"Secondary\":0,\"Channel\":0,\"Duration\":0.0,\"Repeat\":0,\"Root\":0,\"Scale\":0,\"RangeFields\":{\"Primary\":{\"Up\":false,\"Down\":false},\"Secondary\":{\"Up\":false,\"Down\":false},\"Channel\":{\"Up\":false,\"Down\":false},\"Duration\":{\"Up\":false,\"Down\":false},\"Repeat\":{\"Up\":false,\"Down\":false}},\"Pass\":{\"Primary\":false,\"Secondary\":false,\"Channel\":false,\"Duration\":false,\"Repeat\":false}},\"path_snap_data\":{},\"color\":{\"B\":140,\"G\":205,\"R\":255,\"A\":255},\"force_scale\":false,\"mute\":true,\"pass\":false,\"group_data\":{\"Groups\":[false,false,false,false,false,false,false,false,false,false]},\"Origin\":\"2916, 864\",\"SerializablePathTo\":[],\"SerializablePathFrom\":[],\"PathMode\":0,\"SignalMode\":0,\"Start\":false}"}
{"type":1,"json":"{\"id\":47,\"label\":\"(these controls are remappable)\",\"midi_data\":{\"Primary\":60,\"Secondary\":100,\"Channel\":1,\"Duration\":1.0,\"Repeat\":0,\"Root\":0,\"Scale\":0},\"relative_midi_data\":{\"Primary\":0,\"RangedPrimary\":0,\"Secondary\":0,\"Channel\":0,\"Duration\":0.0,\"Repeat\":0,\"Root\":0,\"Scale\":0,\"RangeFields\":{\"Primary\":{\"Up\":false,\"Down\":false},\"Secondary\":{\"Up\":false,\"Down\":false},\"Channel\":{\"Up\":false,\"Down\":false},\"Duration\":{\"Up\":false,\"Down\":false},\"Repeat\":{\"Up\":false,\"Down\":false}},\"Pass\":{\"Primary\":false,\"Secondary\":false,\"Channel\":false,\"Duration\":false,\"Repeat\":false}},\"path_snap_data\":{},\"color\":{\"B\":145,\"G\":195,\"R\":255,\"A\":255},\"force_scale\":false,\"mute\":true,\"pass\":false,\"group_data\":{\"Groups\":[false,false,false,false,false,false,false,false,false,false]},\"Origin\":\"900, 108\",\"SerializablePathTo\":[],\"SerializablePathFrom\":[],\"PathMode\":0,\"SignalMode\":0,\"Start\":false}"}
{"type":1,"json":"{\"id\":49,\"label\":\"You may also want to resize your window\",\"midi_data\":{\"Primary\":60,\"Secondary\":100,\"Channel\":1,\"Duration\":1.0,\"Repeat\":0,\"Root\":0,\"Scale\":0},\"relative_midi_data\":{\"Primary\":0,\"RangedPrimary\":0,\"Secondary\":0,\"Channel\":0,\"Duration\":0.0,\"Repeat\":0,\"Root\":0,\"Scale\":0,\"RangeFields\":{\"Primary\":{\"Up\":false,\"Down\":false},\"Secondary\":{\"Up\":false,\"Down\":false},\"Channel\":{\"Up\":false,\"Down\":false},\"Duration\":{\"Up\":false,\"Down\":false},\"Repeat\":{\"Up\":false,\"Down\":false}},\"Pass\":{\"Primary\":false,\"Secondary\":false,\"Channel\":false,\"Duration\":false,\"Repeat\":false}},\"path_snap_data\":{},\"color\":{\"B\":140,\"G\":205,\"R\":255,\"A\":255},\"force_scale\":false,\"mute\":true,\"pass\":false,\"group_data\":{\"Groups\":[false,false,false,false,false,false,false,false,false,false]},\"Origin\":\"2736, 1512\",\"SerializablePathTo\":[],\"SerializablePathFrom\":[],\"PathMode\":0,\"SignalMode\":0,\"Start\":false}"}
{"type":1,"json":"{\"id\":50,\"label\":\"Let's keep scrolling down\",\"midi_data\":{\"Primary\":60,\"Secondary\":100,\"Channel\":1,\"Duration\":1.0,\"Repeat\":0,\"Root\":0,\"Scale\":0},\"relative_midi_data\":{\"Primary\":0,\"RangedPrimary\":0,\"Secondary\":0,\"Channel\":0,\"Duration\":0.0,\"Repeat\":0,\"Root\":0,\"Scale\":0,\"RangeFields\":{\"Primary\":{\"Up\":false,\"Down\":false},\"Secondary\":{\"Up\":false,\"Down\":false},\"Channel\":{\"Up\":false,\"Down\":false},\"Duration\":{\"Up\":false,\"Down\":false},\"Repeat\":{\"Up\":false,\"Down\":false}},\"Pass\":{\"Primary\":false,\"Secondary\":false,\"Channel\":false,\"Duration\":false,\"Repeat\":false}},\"path_snap_data\":{},\"color\":{\"B\":140,\"G\":205,\"R\":255,\"A\":255},\"force_scale\":false,\"mute\":true,\"pass\":false,\"group_data\":{\"Groups\":[false,false,false,false,false,false,false,false,false,false]},\"Origin\":\"2916, 936\",\"SerializablePathTo\":[],\"SerializablePathFrom\":[],\"PathMode\":0,\"SignalMode\":0,\"Start\":false}"}
{"type":1,"json":"{\"id\":52,\"label\":\"Time to scroll to the left\",\"midi_data\":{\"Primary\":60,\"Secondary\":100,\"Channel\":1,\"Duration\":1.0,\"Repeat\":0,\"Root\":0,\"Scale\":0},\"relative_midi_data\":{\"Primary\":0,\"RangedPrimary\":0,\"Secondary\":0,\"Channel\":0,\"Duration\":0.0,\"Repeat\":0,\"Root\":0,\"Scale\":0,\"RangeFields\":{\"Primary\":{\"Up\":false,\"Down\":false},\"Secondary\":{\"Up\":false,\"Down\":false},\"Channel\":{\"Up\":false,\"Down\":false},\"Duration\":{\"Up\":false,\"Down\":false},\"Repeat\":{\"Up\":false,\"Down\":false}},\"Pass\":{\"Primary\":false,\"Secondary\":false,\"Channel\":false,\"Duration\":false,\"Repeat\":false}},\"path_snap_data\":{},\"color\":{\"B\":140,\"G\":205,\"R\":255,\"A\":255},\"force_scale\":false,\"mute\":true,\"pass\":false,\"group_data\":{\"Groups\":[false,false,false,false,false,false,false,false,false,false]},\"Origin\":\"2736, 1548\",\"SerializablePathTo\":[53],\"SerializablePathFrom\":[],\"PathMode\":0,\"SignalMode\":0,\"Start\":false}"}
{"type":1,"json":"{\"id\":53,\"label\":\"\",\"midi_data\":{\"Primary\":60,\"Secondary\":100,\"Channel\":1,\"Duration\":1.0,\"Repeat\":0,\"Root\":0,\"Scale\":0},\"relative_midi_data\":{\"Primary\":0,\"RangedPrimary\":0,\"Secondary\":0,\"Channel\":0,\"Duration\":0.0,\"Repeat\":0,\"Root\":0,\"Scale\":0,\"RangeFields\":{\"Primary\":{\"Up\":false,\"Down\":false},\"Secondary\":{\"Up\":false,\"Down\":false},\"Channel\":{\"Up\":false,\"Down\":false},\"Duration\":{\"Up\":false,\"Down\":false},\"Repeat\":{\"Up\":false,\"Down\":false}},\"Pass\":{\"Primary\":false,\"Secondary\":false,\"Channel\":false,\"Duration\":false,\"Repeat\":false}},\"path_snap_data\":{},\"color\":{\"B\":140,\"G\":205,\"R\":255,\"A\":255},\"force_scale\":false,\"mute\":true,\"pass\":false,\"group_data\":{\"Groups\":[false,false,false,false,false,false,false,false,false,false]},\"Origin\":\"1584, 1548\",\"SerializablePathTo\":[],\"SerializablePathFrom\":[52],\"PathMode\":0,\"SignalMode\":0,\"Start\":false}"}
{"type":1,"json":"{\"id\":54,\"label\":\"\",\"midi_data\":{\"Primary\":60,\"Secondary\":100,\"Channel\":1,\"Duration\":1.0,\"Repeat\":0,\"Root\":0,\"Scale\":0},\"relative_midi_data\":{\"Primary\":0,\"RangedPrimary\":0,\"Secondary\":0,\"Channel\":0,\"Duration\":0.0,\"Repeat\":0,\"Root\":0,\"Scale\":0,\"RangeFields\":{\"Primary\":{\"Up\":false,\"Down\":false},\"Secondary\":{\"Up\":false,\"Down\":false},\"Channel\":{\"Up\":false,\"Down\":false},\"Duration\":{\"Up\":false,\"Down\":false},\"Repeat\":{\"Up\":false,\"Down\":false}},\"Pass\":{\"Primary\":false,\"Secondary\":false,\"Channel\":false,\"Duration\":false,\"Repeat\":false}},\"path_snap_data\":{},\"color\":{\"B\":255,\"G\":255,\"R\":255,\"A\":255},\"force_scale\":false,\"mute\":false,\"pass\":false,\"group_data\":{\"Groups\":[false,false,false,false,false,false,false,false,false,false]},\"Origin\":\"1296, 1512\",\"SerializablePathTo\":[],\"SerializablePathFrom\":[],\"PathMode\":0,\"SignalMode\":0,\"Start\":false}"}
{"type":1,"json":"{\"id\":55,\"label\":\"Let's link these points with some paths\",\"midi_data\":{\"Primary\":60,\"Secondary\":100,\"Channel\":1,\"Duration\":1.0,\"Repeat\":0,\"Root\":0,\"Scale\":0},\"relative_midi_data\":{\"Primary\":0,\"RangedPrimary\":0,\"Secondary\":0,\"Channel\":0,\"Duration\":0.0,\"Repeat\":0,\"Root\":0,\"Scale\":0,\"RangeFields\":{\"Primary\":{\"Up\":false,\"Down\":false},\"Secondary\":{\"Up\":false,\"Down\":false},\"Channel\":{\"Up\":false,\"Down\":false},\"Duration\":{\"Up\":false,\"Down\":false},\"Repeat\":{\"Up\":false,\"Down\":false}},\"Pass\":{\"Primary\":false,\"Secondary\":false,\"Channel\":false,\"Duration\":false,\"Repeat\":false}},\"path_snap_data\":{},\"color\":{\"B\":140,\"G\":205,\"R\":255,\"A\":255},\"force_scale\":false,\"mute\":true,\"pass\":false,\"group_data\":{\"Groups\":[false,false,false,false,false,false,false,false,false,false]},\"Origin\":\"1296, 1332\",\"SerializablePathTo\":[],\"SerializablePathFrom\":[],\"PathMode\":0,\"SignalMode\":0,\"Start\":false}"}
{"type":1,"json":"{\"id\":56,\"label\":\"\",\"midi_data\":{\"Primary\":60,\"Secondary\":100,\"Channel\":1,\"Duration\":1.0,\"Repeat\":0,\"Root\":0,\"Scale\":0},\"relative_midi_data\":{\"Primary\":0,\"RangedPrimary\":0,\"Secondary\":0,\"Channel\":0,\"Duration\":0.0,\"Repeat\":0,\"Root\":0,\"Scale\":0,\"RangeFields\":{\"Primary\":{\"Up\":false,\"Down\":false},\"Secondary\":{\"Up\":false,\"Down\":false},\"Channel\":{\"Up\":false,\"Down\":false},\"Duration\":{\"Up\":false,\"Down\":false},\"Repeat\":{\"Up\":false,\"Down\":false}},\"Pass\":{\"Primary\":false,\"Secondary\":false,\"Channel\":false,\"Duration\":false,\"Repeat\":false}},\"path_snap_data\":{},\"color\":{\"B\":255,\"G\":255,\"R\":255,\"A\":255},\"force_scale\":false,\"mute\":false,\"pass\":false,\"group_data\":{\"Groups\":[false,false,false,false,false,false,false,false,false,false]},\"Origin\":\"1368, 1584\",\"SerializablePathTo\":[],\"SerializablePathFrom\":[],\"PathMode\":0,\"SignalMode\":0,\"Start\":false}"}
{"type":1,"json":"{\"id\":57,\"label\":\"Change to the 'Path' tool, default 'E'\",\"midi_data\":{\"Primary\":60,\"Secondary\":100,\"Channel\":1,\"Duration\":1.0,\"Repeat\":0,\"Root\":0,\"Scale\":0},\"relative_midi_data\":{\"Primary\":0,\"RangedPrimary\":0,\"Secondary\":0,\"Channel\":0,\"Duration\":0.0,\"Repeat\":0,\"Root\":0,\"Scale\":0,\"RangeFields\":{\"Primary\":{\"Up\":false,\"Down\":false},\"Secondary\":{\"Up\":false,\"Down\":false},\"Channel\":{\"Up\":false,\"Down\":false},\"Duration\":{\"Up\":false,\"Down\":false},\"Repeat\":{\"Up\":false,\"Down\":false}},\"Pass\":{\"Primary\":false,\"Secondary\":false,\"Channel\":false,\"Duration\":false,\"Repeat\":false}},\"path_snap_data\":{},\"color\":{\"B\":140,\"G\":205,\"R\":255,\"A\":255},\"force_scale\":false,\"mute\":true,\"pass\":false,\"group_data\":{\"Groups\":[false,false,false,false,false,false,false,false,false,false]},\"Origin\":\"1296, 1368\",\"SerializablePathTo\":[],\"SerializablePathFrom\":[],\"PathMode\":0,\"SignalMode\":0,\"Start\":false}"}
{"type":1,"json":"{\"id\":58,\"label\":\"The first point clicked is your source\",\"midi_data\":{\"Primary\":60,\"Secondary\":100,\"Channel\":1,\"Duration\":1.0,\"Repeat\":0,\"Root\":0,\"Scale\":0},\"relative_midi_data\":{\"Primary\":0,\"RangedPrimary\":0,\"Secondary\":0,\"Channel\":0,\"Duration\":0.0,\"Repeat\":0,\"Root\":0,\"Scale\":0,\"RangeFields\":{\"Primary\":{\"Up\":false,\"Down\":false},\"Secondary\":{\"Up\":false,\"Down\":false},\"Channel\":{\"Up\":false,\"Down\":false},\"Duration\":{\"Up\":false,\"Down\":false},\"Repeat\":{\"Up\":false,\"Down\":false}},\"Pass\":{\"Primary\":false,\"Secondary\":false,\"Channel\":false,\"Duration\":false,\"Repeat\":false}},\"path_snap_data\":{},\"color\":{\"B\":140,\"G\":205,\"R\":255,\"A\":255},\"force_scale\":false,\"mute\":true,\"pass\":false,\"group_data\":{\"Groups\":[false,false,false,false,false,false,false,false,false,false]},\"Origin\":\"1188, 1584\",\"SerializablePathTo\":[],\"SerializablePathFrom\":[],\"PathMode\":0,\"SignalMode\":0,\"Start\":false}"}
{"type":1,"json":"{\"id\":59,\"label\":\"or click the rightmost tool in the 'Toolbox'\",\"midi_data\":{\"Primary\":60,\"Secondary\":100,\"Channel\":1,\"Duration\":1.0,\"Repeat\":0,\"Root\":0,\"Scale\":0},\"relative_midi_data\":{\"Primary\":0,\"RangedPrimary\":0,\"Secondary\":0,\"Channel\":0,\"Duration\":0.0,\"Repeat\":0,\"Root\":0,\"Scale\":0,\"RangeFields\":{\"Primary\":{\"Up\":false,\"Down\":false},\"Secondary\":{\"Up\":false,\"Down\":false},\"Channel\":{\"Up\":false,\"Down\":false},\"Duration\":{\"Up\":false,\"Down\":false},\"Repeat\":{\"Up\":false,\"Down\":false}},\"Pass\":{\"Primary\":false,\"Secondary\":false,\"Channel\":false,\"Duration\":false,\"Repeat\":false}},\"path_snap_data\":{},\"color\":{\"B\":140,\"G\":205,\"R\":255,\"A\":255},\"force_scale\":false,\"mute\":true,\"pass\":false,\"group_data\":{\"Groups\":[false,false,false,false,false,false,false,false,false,false]},\"Origin\":\"1296, 1404\",\"SerializablePathTo\":[],\"SerializablePathFrom\":[],\"PathMode\":0,\"SignalMode\":0,\"Start\":false}"}
{"type":1,"json":"{\"id\":61,\"label\":\"Click and hold, then drag to another point\",\"midi_data\":{\"Primary\":60,\"Secondary\":100,\"Channel\":1,\"Duration\":1.0,\"Repeat\":0,\"Root\":0,\"Scale\":0},\"relative_midi_data\":{\"Primary\":0,\"RangedPrimary\":0,\"Secondary\":0,\"Channel\":0,\"Duration\":0.0,\"Repeat\":0,\"Root\":0,\"Scale\":0,\"RangeFields\":{\"Primary\":{\"Up\":false,\"Down\":false},\"Secondary\":{\"Up\":false,\"Down\":false},\"Channel\":{\"Up\":false,\"Down\":false},\"Duration\":{\"Up\":false,\"Down\":false},\"Repeat\":{\"Up\":false,\"Down\":false}},\"Pass\":{\"Primary\":false,\"Secondary\":false,\"Channel\":false,\"Duration\":false,\"Repeat\":false}},\"path_snap_data\":{},\"color\":{\"B\":140,\"G\":205,\"R\":255,\"A\":255},\"force_scale\":false,\"mute\":true,\"pass\":false,\"group_data\":{\"Groups\":[false,false,false,false,false,false,false,false,false,false]},\"Origin\":\"1296, 1440\",\"SerializablePathTo\":[],\"SerializablePathFrom\":[],\"PathMode\":0,\"SignalMode\":0,\"Start\":false}"}
{"type":1,"json":"{\"id\":62,\"label\":\"The second point linked is the target\",\"midi_data\":{\"Primary\":60,\"Secondary\":100,\"Channel\":1,\"Duration\":1.0,\"Repeat\":0,\"Root\":0,\"Scale\":0},\"relative_midi_data\":{\"Primary\":0,\"RangedPrimary\":0,\"Secondary\":0,\"Channel\":0,\"Duration\":0.0,\"Repeat\":0,\"Root\":0,\"Scale\":0,\"RangeFields\":{\"Primary\":{\"Up\":false,\"Down\":false},\"Secondary\":{\"Up\":false,\"Down\":false},\"Channel\":{\"Up\":false,\"Down\":false},\"Duration\":{\"Up\":false,\"Down\":false},\"Repeat\":{\"Up\":false,\"Down\":false}},\"Pass\":{\"Primary\":false,\"Secondary\":false,\"Channel\":false,\"Duration\":false,\"Repeat\":false}},\"path_snap_data\":{},\"color\":{\"B\":140,\"G\":205,\"R\":255,\"A\":255},\"force_scale\":false,\"mute\":true,\"pass\":false,\"group_data\":{\"Groups\":[false,false,false,false,false,false,false,false,false,false]},\"Origin\":\"1188, 1620\",\"SerializablePathTo\":[],\"SerializablePathFrom\":[],\"PathMode\":0,\"SignalMode\":0,\"Start\":false}"}
{"type":1,"json":"{\"id\":64,\"label\":\"Hold shift to select multiple targets\",\"midi_data\":{\"Primary\":60,\"Secondary\":100,\"Channel\":1,\"Duration\":1.0,\"Repeat\":0,\"Root\":0,\"Scale\":0},\"relative_midi_data\":{\"Primary\":0,\"RangedPrimary\":0,\"Secondary\":0,\"Channel\":0,\"Duration\":0.0,\"Repeat\":0,\"Root\":0,\"Scale\":0,\"RangeFields\":{\"Primary\":{\"Up\":false,\"Down\":false},\"Secondary\":{\"Up\":false,\"Down\":false},\"Channel\":{\"Up\":false,\"Down\":false},\"Duration\":{\"Up\":false,\"Down\":false},\"Repeat\":{\"Up\":false,\"Down\":false}},\"Pass\":{\"Primary\":false,\"Secondary\":false,\"Channel\":false,\"Duration\":false,\"Repeat\":false}},\"path_snap_data\":{},\"color\":{\"B\":140,\"G\":205,\"R\":255,\"A\":255},\"force_scale\":false,\"mute\":true,\"pass\":false,\"group_data\":{\"Groups\":[false,false,false,false,false,false,false,false,false,false]},\"Origin\":\"1188, 1692\",\"SerializablePathTo\":[],\"SerializablePathFrom\":[],\"PathMode\":0,\"SignalMode\":0,\"Start\":false}"}
{"type":1,"json":"{\"id\":65,\"label\":\"\",\"midi_data\":{\"Primary\":60,\"Secondary\":100,\"Channel\":1,\"Duration\":1.0,\"Repeat\":0,\"Root\":0,\"Scale\":0},\"relative_midi_data\":{\"Primary\":0,\"RangedPrimary\":0,\"Secondary\":0,\"Channel\":0,\"Duration\":0.0,\"Repeat\":0,\"Root\":0,\"Scale\":0,\"RangeFields\":{\"Primary\":{\"Up\":false,\"Down\":false},\"Secondary\":{\"Up\":false,\"Down\":false},\"Channel\":{\"Up\":false,\"Down\":false},\"Duration\":{\"Up\":false,\"Down\":false},\"Repeat\":{\"Up\":false,\"Down\":false}},\"Pass\":{\"Primary\":false,\"Secondary\":false,\"Channel\":false,\"Duration\":false,\"Repeat\":false}},\"path_snap_data\":{},\"color\":{\"B\":255,\"G\":255,\"R\":255,\"A\":255},\"force_scale\":false,\"mute\":false,\"pass\":false,\"group_data\":{\"Groups\":[false,false,false,false,false,false,false,false,false,false]},\"Origin\":\"1404, 1548\",\"SerializablePathTo\":[],\"SerializablePathFrom\":[],\"PathMode\":0,\"SignalMode\":0,\"Start\":false}"}
{"type":1,"json":"{\"id\":66,\"label\":\"\",\"midi_data\":{\"Primary\":60,\"Secondary\":100,\"Channel\":1,\"Duration\":1.0,\"Repeat\":0,\"Root\":0,\"Scale\":0},\"relative_midi_data\":{\"Primary\":0,\"RangedPrimary\":0,\"Secondary\":0,\"Channel\":0,\"Duration\":0.0,\"Repeat\":0,\"Root\":0,\"Scale\":0,\"RangeFields\":{\"Primary\":{\"Up\":false,\"Down\":false},\"Secondary\":{\"Up\":false,\"Down\":false},\"Channel\":{\"Up\":false,\"Down\":false},\"Duration\":{\"Up\":false,\"Down\":false},\"Repeat\":{\"Up\":false,\"Down\":false}},\"Pass\":{\"Primary\":false,\"Secondary\":false,\"Channel\":false,\"Duration\":false,\"Repeat\":false}},\"path_snap_data\":{},\"color\":{\"B\":255,\"G\":255,\"R\":255,\"A\":255},\"force_scale\":false,\"mute\":false,\"pass\":false,\"group_data\":{\"Groups\":[false,false,false,false,false,false,false,false,false,false]},\"Origin\":\"1440, 1512\",\"SerializablePathTo\":[],\"SerializablePathFrom\":[],\"PathMode\":0,\"SignalMode\":0,\"Start\":false}"}
{"type":1,"json":"{\"id\":67,\"label\":\"Try making one point a start point and pushing play!\",\"midi_data\":{\"Primary\":60,\"Secondary\":100,\"Channel\":1,\"Duration\":1.0,\"Repeat\":0,\"Root\":0,\"Scale\":0},\"relative_midi_data\":{\"Primary\":0,\"RangedPrimary\":0,\"Secondary\":0,\"Channel\":0,\"Duration\":0.0,\"Repeat\":0,\"Root\":0,\"Scale\":0,\"RangeFields\":{\"Primary\":{\"Up\":false,\"Down\":false},\"Secondary\":{\"Up\":false,\"Down\":false},\"Channel\":{\"Up\":false,\"Down\":false},\"Duration\":{\"Up\":false,\"Down\":false},\"Repeat\":{\"Up\":false,\"Down\":false}},\"Pass\":{\"Primary\":false,\"Secondary\":false,\"Channel\":false,\"Duration\":false,\"Repeat\":false}},\"path_snap_data\":{},\"color\":{\"B\":140,\"G\":205,\"R\":255,\"A\":255},\"force_scale\":false,\"mute\":true,\"pass\":false,\"group_data\":{\"Groups\":[false,false,false,false,false,false,false,false,false,false]},\"Origin\":\"1188, 1764\",\"SerializablePathTo\":[],\"SerializablePathFrom\":[],\"PathMode\":0,\"SignalMode\":0,\"Start\":false}"}
{"type":1,"json":"{\"id\":69,\"label\":\"Release shift and the mouse to cancel\",\"midi_data\":{\"Primary\":60,\"Secondary\":100,\"Channel\":1,\"Duration\":1.0,\"Repeat\":0,\"Root\":0,\"Scale\":0},\"relative_midi_data\":{\"Primary\":0,\"RangedPrimary\":0,\"Secondary\":0,\"Channel\":0,\"Duration\":0.0,\"Repeat\":0,\"Root\":0,\"Scale\":0,\"RangeFields\":{\"Primary\":{\"Up\":false,\"Down\":false},\"Secondary\":{\"Up\":false,\"Down\":false},\"Channel\":{\"Up\":false,\"Down\":false},\"Duration\":{\"Up\":false,\"Down\":false},\"Repeat\":{\"Up\":false,\"Down\":false}},\"Pass\":{\"Primary\":false,\"Secondary\":false,\"Channel\":false,\"Duration\":false,\"Repeat\":false}},\"path_snap_data\":{},\"color\":{\"B\":140,\"G\":205,\"R\":255,\"A\":255},\"force_scale\":false,\"mute\":true,\"pass\":false,\"group_data\":{\"Groups\":[false,false,false,false,false,false,false,false,false,false]},\"Origin\":\"1188, 1800\",\"SerializablePathTo\":[],\"SerializablePathFrom\":[],\"PathMode\":0,\"SignalMode\":0,\"Start\":false}"}
{"type":1,"json":"{\"id\":71,\"label\":\"You can link two points to each other to create an endless circuit\",\"midi_data\":{\"Primary\":60,\"Secondary\":100,\"Channel\":1,\"Duration\":1.0,\"Repeat\":0,\"Root\":0,\"Scale\":0},\"relative_midi_data\":{\"Primary\":0,\"RangedPrimary\":0,\"Secondary\":0,\"Channel\":0,\"Duration\":0.0,\"Repeat\":0,\"Root\":0,\"Scale\":0,\"RangeFields\":{\"Primary\":{\"Up\":false,\"Down\":false},\"Secondary\":{\"Up\":false,\"Down\":false},\"Channel\":{\"Up\":false,\"Down\":false},\"Duration\":{\"Up\":false,\"Down\":false},\"Repeat\":{\"Up\":false,\"Down\":false}},\"Pass\":{\"Primary\":false,\"Secondary\":false,\"Channel\":false,\"Duration\":false,\"Repeat\":false}},\"path_snap_data\":{},\"color\":{\"B\":140,\"G\":205,\"R\":255,\"A\":255},\"force_scale\":false,\"mute\":true,\"pass\":false,\"group_data\":{\"Groups\":[false,false,false,false,false,false,false,false,false,false]},\"Origin\":\"1188, 1656\",\"SerializablePathTo\":[],\"SerializablePathFrom\":[],\"PathMode\":0,\"SignalMode\":0,\"Start\":false}"}
{"type":1,"json":"{\"id\":72,\"label\":\"Time to move down\",\"midi_data\":{\"Primary\":60,\"Secondary\":100,\"Channel\":1,\"Duration\":1.0,\"Repeat\":0,\"Root\":0,\"Scale\":0},\"relative_midi_data\":{\"Primary\":0,\"RangedPrimary\":0,\"Secondary\":0,\"Channel\":0,\"Duration\":0.0,\"Repeat\":0,\"Root\":0,\"Scale\":0,\"RangeFields\":{\"Primary\":{\"Up\":false,\"Down\":false},\"Secondary\":{\"Up\":false,\"Down\":false},\"Channel\":{\"Up\":false,\"Down\":false},\"Duration\":{\"Up\":false,\"Down\":false},\"Repeat\":{\"Up\":false,\"Down\":false}},\"Pass\":{\"Primary\":false,\"Secondary\":false,\"Channel\":false,\"Duration\":false,\"Repeat\":false}},\"path_snap_data\":{},\"color\":{\"B\":140,\"G\":205,\"R\":255,\"A\":255},\"force_scale\":false,\"mute\":true,\"pass\":false,\"group_data\":{\"Groups\":[false,false,false,false,false,false,false,false,false,false]},\"Origin\":\"1188, 1836\",\"SerializablePathTo\":[73],\"SerializablePathFrom\":[],\"PathMode\":0,\"SignalMode\":0,\"Start\":false}"}
{"type":1,"json":"{\"id\":73,\"label\":\"Try placing points with the 'Place' tool, default 'W'\",\"midi_data\":{\"Primary\":60,\"Secondary\":100,\"Channel\":1,\"Duration\":1.0,\"Repeat\":0,\"Root\":0,\"Scale\":0},\"relative_midi_data\":{\"Primary\":0,\"RangedPrimary\":0,\"Secondary\":0,\"Channel\":0,\"Duration\":0.0,\"Repeat\":0,\"Root\":0,\"Scale\":0,\"RangeFields\":{\"Primary\":{\"Up\":false,\"Down\":false},\"Secondary\":{\"Up\":false,\"Down\":false},\"Channel\":{\"Up\":false,\"Down\":false},\"Duration\":{\"Up\":false,\"Down\":false},\"Repeat\":{\"Up\":false,\"Down\":false}},\"Pass\":{\"Primary\":false,\"Secondary\":false,\"Channel\":false,\"Duration\":false,\"Repeat\":false}},\"path_snap_data\":{},\"color\":{\"B\":140,\"G\":205,\"R\":255,\"A\":255},\"force_scale\":false,\"mute\":true,\"pass\":false,\"group_data\":{\"Groups\":[false,false,false,false,false,false,false,false,false,false]},\"Origin\":\"1188, 2304\",\"SerializablePathTo\":[],\"SerializablePathFrom\":[72],\"PathMode\":1,\"SignalMode\":0,\"Start\":false}"}
{"type":1,"json":"{\"id\":74,\"label\":\"or the middle tool in the 'Toolbox'\",\"midi_data\":{\"Primary\":60,\"Secondary\":100,\"Channel\":1,\"Duration\":1.0,\"Repeat\":0,\"Root\":0,\"Scale\":0},\"relative_midi_data\":{\"Primary\":0,\"RangedPrimary\":0,\"Secondary\":0,\"Channel\":0,\"Duration\":0.0,\"Repeat\":0,\"Root\":0,\"Scale\":0,\"RangeFields\":{\"Primary\":{\"Up\":false,\"Down\":false},\"Secondary\":{\"Up\":false,\"Down\":false},\"Channel\":{\"Up\":false,\"Down\":false},\"Duration\":{\"Up\":false,\"Down\":false},\"Repeat\":{\"Up\":false,\"Down\":false}},\"Pass\":{\"Primary\":false,\"Secondary\":false,\"Channel\":false,\"Duration\":false,\"Repeat\":false}},\"path_snap_data\":{},\"color\":{\"B\":140,\"G\":205,\"R\":255,\"A\":255},\"force_scale\":false,\"mute\":true,\"pass\":false,\"group_data\":{\"Groups\":[false,false,false,false,false,false,false,false,false,false]},\"Origin\":\"1188, 2340\",\"SerializablePathTo\":[],\"SerializablePathFrom\":[],\"PathMode\":0,\"SignalMode\":0,\"Start\":false}"}
{"type":1,"json":"{\"id\":76,\"label\":\"This concludes the basic tutorial\",\"midi_data\":{\"Primary\":60,\"Secondary\":100,\"Channel\":1,\"Duration\":1.0,\"Repeat\":0,\"Root\":0,\"Scale\":0},\"relative_midi_data\":{\"Primary\":0,\"RangedPrimary\":0,\"Secondary\":0,\"Channel\":0,\"Duration\":0.0,\"Repeat\":0,\"Root\":0,\"Scale\":0,\"RangeFields\":{\"Primary\":{\"Up\":false,\"Down\":false},\"Secondary\":{\"Up\":false,\"Down\":false},\"Channel\":{\"Up\":false,\"Down\":false},\"Duration\":{\"Up\":false,\"Down\":false},\"Repeat\":{\"Up\":false,\"Down\":false}},\"Pass\":{\"Primary\":false,\"Secondary\":false,\"Channel\":false,\"Duration\":false,\"Repeat\":false}},\"path_snap_data\":{},\"color\":{\"B\":140,\"G\":205,\"R\":255,\"A\":255},\"force_scale\":false,\"mute\":true,\"pass\":false,\"group_data\":{\"Groups\":[false,false,false,false,false,false,false,false,false,false]},\"Origin\":\"1188, 2628\",\"SerializablePathTo\":[],\"SerializablePathFrom\":[],\"PathMode\":0,\"SignalMode\":0,\"Start\":false}"}
{"type":1,"json":"{\"id\":78,\"label\":\"Link them with paths, make at least one a start, and push play!\",\"midi_data\":{\"Primary\":60,\"Secondary\":100,\"Channel\":1,\"Duration\":1.0,\"Repeat\":0,\"Root\":0,\"Scale\":0},\"relative_midi_data\":{\"Primary\":0,\"RangedPrimary\":0,\"Secondary\":0,\"Channel\":0,\"Duration\":0.0,\"Repeat\":0,\"Root\":0,\"Scale\":0,\"RangeFields\":{\"Primary\":{\"Up\":false,\"Down\":false},\"Secondary\":{\"Up\":false,\"Down\":false},\"Channel\":{\"Up\":false,\"Down\":false},\"Duration\":{\"Up\":false,\"Down\":false},\"Repeat\":{\"Up\":false,\"Down\":false}},\"Pass\":{\"Primary\":false,\"Secondary\":false,\"Channel\":false,\"Duration\":false,\"Repeat\":false}},\"path_snap_data\":{},\"color\":{\"B\":140,\"G\":205,\"R\":255,\"A\":255},\"force_scale\":false,\"mute\":true,\"pass\":false,\"group_data\":{\"Groups\":[false,false,false,false,false,false,false,false,false,false]},\"Origin\":\"1188, 2376\",\"SerializablePathTo\":[],\"SerializablePathFrom\":[],\"PathMode\":0,\"SignalMode\":0,\"Start\":false}"}
{"type":1,"json":"{\"id\":79,\"label\":\"To learn more advanced features,\",\"midi_data\":{\"Primary\":60,\"Secondary\":100,\"Channel\":1,\"Duration\":1.0,\"Repeat\":0,\"Root\":0,\"Scale\":0},\"relative_midi_data\":{\"Primary\":0,\"RangedPrimary\":0,\"Secondary\":0,\"Channel\":0,\"Duration\":0.0,\"Repeat\":0,\"Root\":0,\"Scale\":0,\"RangeFields\":{\"Primary\":{\"Up\":false,\"Down\":false},\"Secondary\":{\"Up\":false,\"Down\":false},\"Channel\":{\"Up\":false,\"Down\":false},\"Duration\":{\"Up\":false,\"Down\":false},\"Repeat\":{\"Up\":false,\"Down\":false}},\"Pass\":{\"Primary\":false,\"Secondary\":false,\"Channel\":false,\"Duration\":false,\"Repeat\":false}},\"path_snap_data\":{},\"color\":{\"B\":140,\"G\":205,\"R\":255,\"A\":255},\"force_scale\":false,\"mute\":true,\"pass\":false,\"group_data\":{\"Groups\":[false,false,false,false,false,false,false,false,false,false]},\"Origin\":\"1188, 2664\",\"SerializablePathTo\":[],\"SerializablePathFrom\":[],\"PathMode\":0,\"SignalMode\":0,\"Start\":false}"}
{"type":1,"json":"{\"id\":80,\"label\":\"Open the project 'All Basic Functions' from the main menu (esc)\",\"midi_data\":{\"Primary\":60,\"Secondary\":100,\"Channel\":1,\"Duration\":1.0,\"Repeat\":0,\"Root\":0,\"Scale\":0},\"relative_midi_data\":{\"Primary\":0,\"RangedPrimary\":0,\"Secondary\":0,\"Channel\":0,\"Duration\":0.0,\"Repeat\":0,\"Root\":0,\"Scale\":0,\"RangeFields\":{\"Primary\":{\"Up\":false,\"Down\":false},\"Secondary\":{\"Up\":false,\"Down\":false},\"Channel\":{\"Up\":false,\"Down\":false},\"Duration\":{\"Up\":false,\"Down\":false},\"Repeat\":{\"Up\":false,\"Down\":false}},\"Pass\":{\"Primary\":false,\"Secondary\":false,\"Channel\":false,\"Duration\":false,\"Repeat\":false}},\"path_snap_data\":{},\"color\":{\"B\":140,\"G\":205,\"R\":255,\"A\":255},\"force_scale\":false,\"mute\":true,\"pass\":false,\"group_data\":{\"Groups\":[false,false,false,false,false,false,false,false,false,false]},\"Origin\":\"1188, 2700\",\"SerializablePathTo\":[],\"SerializablePathFrom\":[],\"PathMode\":0,\"SignalMode\":0,\"Start\":false}"}
{"type":5,"json":"{\"source_id\":36,\"target_id\":37,\"origin_part\":3,\"destination_part\":0,\"origin_position\":3,\"weight\":1,\"PathMode\":0}"}
{"type":5,"json":"{\"source_id\":52,\"target_id\":53,\"origin_part\":2,\"destination_part\":3,\"origin_position\":9,\"weight\":1,\"PathMode\":0}"}
{"type":5,"json":"{\"source_id\":72,\"target_id\":73,\"origin_part\":1,\"destination_part\":0,\"origin_position\":6,\"weight\":1,\"PathMode\":0}"}
{"type":6,"json":"{\"tempo\":120.0,\"grid_size\":4,\"beat_division\":4,\"beat_division_selector_index\":1,\"doc_scale\":5,\"scale_selector_index\":4,\"clock_source\":2,\"camera_position\":\"43.22876, -17.218536\"}"}
