{"type":0,"json":"\"1.0.5\""}
{"type":1,"json":"{\"id\":123,\"label\":\"Welcome to Fractal\",\"midi_data\":{\"Primary\":60,\"Secondary\":100,\"Channel\":1,\"Duration\":1.0,\"Repeat\":0,\"Root\":0,\"Scale\":0},\"relative_midi_data\":{\"Primary\":0,\"RangedPrimary\":0,\"Secondary\":0,\"Channel\":0,\"Duration\":0.0,\"Repeat\":0,\"Root\":0,\"Scale\":0,\"RangeFields\":{\"Primary\":{\"Up\":false,\"Down\":false},\"Secondary\":{\"Up\":false,\"Down\":false},\"Channel\":{\"Up\":false,\"Down\":false},\"Duration\":{\"Up\":false,\"Down\":false},\"Repeat\":{\"Up\":false,\"Down\":false}}},\"path_snap_data\":{},\"color\":{\"B\":255,\"G\":255,\"R\":255,\"A\":255},\"mute\":true,\"pass\":false,\"Origin\":\"-288, -720\",\"SerializablePathTo\":[],\"SerializablePathFrom\":[],\"PathMode\":0,\"SignalMode\":0,\"Start\":false}"}
{"type":1,"json":"{\"id\":122,\"label\":\"This pattern is designed with a series of symmetric shapes across all path modes\",\"midi_data\":{\"Primary\":60,\"Secondary\":100,\"Channel\":1,\"Duration\":1.0,\"Repeat\":0,\"Root\":0,\"Scale\":0},\"relative_midi_data\":{\"Primary\":0,\"RangedPrimary\":0,\"Secondary\":0,\"Channel\":0,\"Duration\":0.0,\"Repeat\":0,\"Root\":0,\"Scale\":0,\"RangeFields\":{\"Primary\":{\"Up\":false,\"Down\":false},\"Secondary\":{\"Up\":false,\"Down\":false},\"Channel\":{\"Up\":false,\"Down\":false},\"Duration\":{\"Up\":false,\"Down\":false},\"Repeat\":{\"Up\":false,\"Down\":false}}},\"path_snap_data\":{},\"color\":{\"B\":255,\"G\":255,\"R\":255,\"A\":255},\"mute\":true,\"pass\":false,\"Origin\":\"-288, -684\",\"SerializablePathTo\":[],\"SerializablePathFrom\":[],\"PathMode\":0,\"SignalMode\":0,\"Start\":false}"}
{"type":1,"json":"{\"id\":121,\"label\":\"Flip the modes around to reveal new shapes!\",\"midi_data\":{\"Primary\":60,\"Secondary\":100,\"Channel\":1,\"Duration\":1.0,\"Repeat\":0,\"Root\":0,\"Scale\":0},\"relative_midi_data\":{\"Primary\":0,\"RangedPrimary\":0,\"Secondary\":0,\"Channel\":0,\"Duration\":0.0,\"Repeat\":0,\"Root\":0,\"Scale\":0,\"RangeFields\":{\"Primary\":{\"Up\":false,\"Down\":false},\"Secondary\":{\"Up\":false,\"Down\":false},\"Channel\":{\"Up\":false,\"Down\":false},\"Duration\":{\"Up\":false,\"Down\":false},\"Repeat\":{\"Up\":false,\"Down\":false}}},\"path_snap_data\":{},\"color\":{\"B\":255,\"G\":255,\"R\":255,\"A\":255},\"mute\":true,\"pass\":false,\"Origin\":\"-288, -648\",\"SerializablePathTo\":[],\"SerializablePathFrom\":[],\"PathMode\":0,\"SignalMode\":0,\"Start\":false}"}
{"type":1,"json":"{\"id\":120,\"label\":\"Try moving points to create new rhythms\",\"midi_data\":{\"Primary\":60,\"Secondary\":100,\"Channel\":1,\"Duration\":1.0,\"Repeat\":0,\"Root\":0,\"Scale\":0},\"relative_midi_data\":{\"Primary\":0,\"RangedPrimary\":0,\"Secondary\":0,\"Channel\":0,\"Duration\":0.0,\"Repeat\":0,\"Root\":0,\"Scale\":0,\"RangeFields\":{\"Primary\":{\"Up\":false,\"Down\":false},\"Secondary\":{\"Up\":false,\"Down\":false},\"Channel\":{\"Up\":false,\"Down\":false},\"Duration\":{\"Up\":false,\"Down\":false},\"Repeat\":{\"Up\":false,\"Down\":false}}},\"path_snap_data\":{},\"color\":{\"B\":255,\"G\":255,\"R\":255,\"A\":255},\"mute\":true,\"pass\":false,\"Origin\":\"-288, -612\",\"SerializablePathTo\":[],\"SerializablePathFrom\":[],\"PathMode\":0,\"SignalMode\":0,\"Start\":false}"}
{"type":1,"json":"{\"id\":119,\"label\":\"And, randomize the MIDI channels to have fun with your favorite synths\",\"midi_data\":{\"Primary\":60,\"Secondary\":100,\"Channel\":1,\"Duration\":1.0,\"Repeat\":0,\"Root\":0,\"Scale\":0},\"relative_midi_data\":{\"Primary\":0,\"RangedPrimary\":0,\"Secondary\":0,\"Channel\":0,\"Duration\":0.0,\"Repeat\":0,\"Root\":0,\"Scale\":0,\"RangeFields\":{\"Primary\":{\"Up\":false,\"Down\":false},\"Secondary\":{\"Up\":false,\"Down\":false},\"Channel\":{\"Up\":false,\"Down\":false},\"Duration\":{\"Up\":false,\"Down\":false},\"Repeat\":{\"Up\":false,\"Down\":false}}},\"path_snap_data\":{},\"color\":{\"B\":255,\"G\":255,\"R\":255,\"A\":255},\"mute\":true,\"pass\":false,\"Origin\":\"-288, -576\",\"SerializablePathTo\":[],\"SerializablePathFrom\":[],\"PathMode\":0,\"SignalMode\":0,\"Start\":false}"}
{"type":1,"json":"{\"id\":118,\"label\":\"\",\"midi_data\":{\"Primary\":60,\"Secondary\":100,\"Channel\":1,\"Duration\":1.0,\"Repeat\":0,\"Root\":0,\"Scale\":0},\"relative_midi_data\":{\"Primary\":0,\"RangedPrimary\":0,\"Secondary\":0,\"Channel\":0,\"Duration\":0.0,\"Repeat\":0,\"Root\":0,\"Scale\":0,\"RangeFields\":{\"Primary\":{\"Up\":false,\"Down\":false},\"Secondary\":{\"Up\":false,\"Down\":false},\"Channel\":{\"Up\":false,\"Down\":false},\"Duration\":{\"Up\":false,\"Down\":false},\"Repeat\":{\"Up\":false,\"Down\":false}}},\"path_snap_data\":{},\"color\":{\"B\":255,\"G\":255,\"R\":255,\"A\":255},\"mute\":false,\"pass\":false,\"Origin\":\"-36, -1044\",\"SerializablePathTo\":[],\"SerializablePathFrom\":[112],\"PathMode\":1,\"SignalMode\":0,\"Start\":false}"}
{"type":1,"json":"{\"id\":117,\"label\":\"\",\"midi_data\":{\"Primary\":60,\"Secondary\":100,\"Channel\":1,\"Duration\":1.0,\"Repeat\":0,\"Root\":0,\"Scale\":0},\"relative_midi_data\":{\"Primary\":0,\"RangedPrimary\":0,\"Secondary\":0,\"Channel\":0,\"Duration\":0.0,\"Repeat\":0,\"Root\":0,\"Scale\":0,\"RangeFields\":{\"Primary\":{\"Up\":false,\"Down\":false},\"Secondary\":{\"Up\":false,\"Down\":false},\"Channel\":{\"Up\":false,\"Down\":false},\"Duration\":{\"Up\":false,\"Down\":false},\"Repeat\":{\"Up\":false,\"Down\":false}}},\"path_snap_data\":{},\"color\":{\"B\":255,\"G\":255,\"R\":255,\"A\":255},\"mute\":false,\"pass\":false,\"Origin\":\"-36, -1080\",\"SerializablePathTo\":[115],\"SerializablePathFrom\":[],\"PathMode\":1,\"SignalMode\":0,\"Start\":false}"}
{"type":1,"json":"{\"id\":116,\"label\":\"\",\"midi_data\":{\"Primary\":60,\"Secondary\":100,\"Channel\":1,\"Duration\":1.0,\"Repeat\":0,\"Root\":0,\"Scale\":0},\"relative_midi_data\":{\"Primary\":0,\"RangedPrimary\":0,\"Secondary\":0,\"Channel\":0,\"Duration\":0.0,\"Repeat\":0,\"Root\":0,\"Scale\":0,\"RangeFields\":{\"Primary\":{\"Up\":false,\"Down\":false},\"Secondary\":{\"Up\":false,\"Down\":false},\"Channel\":{\"Up\":false,\"Down\":false},\"Duration\":{\"Up\":false,\"Down\":false},\"Repeat\":{\"Up\":false,\"Down\":false}}},\"path_snap_data\":{},\"color\":{\"B\":255,\"G\":255,\"R\":255,\"A\":255},\"mute\":false,\"pass\":false,\"Origin\":\"180, -720\",\"SerializablePathTo\":[],\"SerializablePathFrom\":[112],\"PathMode\":0,\"SignalMode\":0,\"Start\":false}"}
{"type":1,"json":"{\"id\":115,\"label\":\"\",\"midi_data\":{\"Primary\":60,\"Secondary\":100,\"Channel\":1,\"Duration\":1.0,\"Repeat\":0,\"Root\":0,\"Scale\":0},\"relative_midi_data\":{\"Primary\":0,\"RangedPrimary\":0,\"Secondary\":0,\"Channel\":0,\"Duration\":0.0,\"Repeat\":0,\"Root\":0,\"Scale\":0,\"RangeFields\":{\"Primary\":{\"Up\":false,\"Down\":false},\"Secondary\":{\"Up\":false,\"Down\":false},\"Channel\":{\"Up\":false,\"Down\":false},\"Duration\":{\"Up\":false,\"Down\":false},\"Repeat\":{\"Up\":false,\"Down\":false}}},\"path_snap_data\":{},\"color\":{\"B\":255,\"G\":255,\"R\":255,\"A\":255},\"mute\":false,\"pass\":false,\"Origin\":\"180, -1080\",\"SerializablePathTo\":[107,112],\"SerializablePathFrom\":[117],\"PathMode\":1,\"SignalMode\":0,\"Start\":false}"}
{"type":1,"json":"{\"id\":114,\"label\":\"\",\"midi_data\":{\"Primary\":60,\"Secondary\":100,\"Channel\":1,\"Duration\":1.0,\"Repeat\":0,\"Root\":0,\"Scale\":0},\"relative_midi_data\":{\"Primary\":0,\"RangedPrimary\":0,\"Secondary\":0,\"Channel\":0,\"Duration\":0.0,\"Repeat\":0,\"Root\":0,\"Scale\":0,\"RangeFields\":{\"Primary\":{\"Up\":false,\"Down\":false},\"Secondary\":{\"Up\":false,\"Down\":false},\"Channel\":{\"Up\":false,\"Down\":false},\"Duration\":{\"Up\":false,\"Down\":false},\"Repeat\":{\"Up\":false,\"Down\":false}}},\"path_snap_data\":{},\"color\":{\"B\":255,\"G\":255,\"R\":255,\"A\":255},\"mute\":false,\"pass\":false,\"Origin\":\"72, -1188\",\"SerializablePathTo\":[],\"SerializablePathFrom\":[113],\"PathMode\":2,\"SignalMode\":0,\"Start\":false}"}
{"type":1,"json":"{\"id\":113,\"label\":\"\",\"midi_data\":{\"Primary\":60,\"Secondary\":100,\"Channel\":1,\"Duration\":1.0,\"Repeat\":0,\"Root\":0,\"Scale\":0},\"relative_midi_data\":{\"Primary\":0,\"RangedPrimary\":0,\"Secondary\":0,\"Channel\":0,\"Duration\":0.0,\"Repeat\":0,\"Root\":0,\"Scale\":0,\"RangeFields\":{\"Primary\":{\"Up\":false,\"Down\":false},\"Secondary\":{\"Up\":false,\"Down\":false},\"Channel\":{\"Up\":false,\"Down\":false},\"Duration\":{\"Up\":false,\"Down\":false},\"Repeat\":{\"Up\":false,\"Down\":false}}},\"path_snap_data\":{},\"color\":{\"B\":255,\"G\":255,\"R\":255,\"A\":255},\"mute\":false,\"pass\":false,\"Origin\":\"180, -864\",\"SerializablePathTo\":[114],\"SerializablePathFrom\":[109],\"PathMode\":2,\"SignalMode\":0,\"Start\":false}"}
{"type":1,"json":"{\"id\":112,\"label\":\"\",\"midi_data\":{\"Primary\":60,\"Secondary\":100,\"Channel\":1,\"Duration\":1.0,\"Repeat\":0,\"Root\":0,\"Scale\":0},\"relative_midi_data\":{\"Primary\":0,\"RangedPrimary\":0,\"Secondary\":0,\"Channel\":0,\"Duration\":0.0,\"Repeat\":0,\"Root\":0,\"Scale\":0,\"RangeFields\":{\"Primary\":{\"Up\":false,\"Down\":false},\"Secondary\":{\"Up\":false,\"Down\":false},\"Channel\":{\"Up\":false,\"Down\":false},\"Duration\":{\"Up\":false,\"Down\":false},\"Repeat\":{\"Up\":false,\"Down\":false}}},\"path_snap_data\":{},\"color\":{\"B\":255,\"G\":255,\"R\":255,\"A\":255},\"mute\":false,\"pass\":false,\"Origin\":\"180, -1044\",\"SerializablePathTo\":[118,116],\"SerializablePathFrom\":[108,115],\"PathMode\":1,\"SignalMode\":0,\"Start\":false}"}
{"type":1,"json":"{\"id\":111,\"label\":\"\",\"midi_data\":{\"Primary\":60,\"Secondary\":100,\"Channel\":1,\"Duration\":1.0,\"Repeat\":0,\"Root\":0,\"Scale\":0},\"relative_midi_data\":{\"Primary\":0,\"RangedPrimary\":0,\"Secondary\":0,\"Channel\":0,\"Duration\":0.0,\"Repeat\":0,\"Root\":0,\"Scale\":0,\"RangeFields\":{\"Primary\":{\"Up\":false,\"Down\":false},\"Secondary\":{\"Up\":false,\"Down\":false},\"Channel\":{\"Up\":false,\"Down\":false},\"Duration\":{\"Up\":false,\"Down\":false},\"Repeat\":{\"Up\":false,\"Down\":false}}},\"path_snap_data\":{},\"color\":{\"B\":255,\"G\":255,\"R\":255,\"A\":255},\"mute\":false,\"pass\":false,\"Origin\":\"180, -792\",\"SerializablePathTo\":[106],\"SerializablePathFrom\":[110],\"PathMode\":2,\"SignalMode\":0,\"Start\":false}"}
{"type":1,"json":"{\"id\":110,\"label\":\"\",\"midi_data\":{\"Primary\":60,\"Secondary\":100,\"Channel\":1,\"Duration\":1.0,\"Repeat\":0,\"Root\":0,\"Scale\":0},\"relative_midi_data\":{\"Primary\":0,\"RangedPrimary\":0,\"Secondary\":0,\"Channel\":0,\"Duration\":0.0,\"Repeat\":0,\"Root\":0,\"Scale\":0,\"RangeFields\":{\"Primary\":{\"Up\":false,\"Down\":false},\"Secondary\":{\"Up\":false,\"Down\":false},\"Channel\":{\"Up\":false,\"Down\":false},\"Duration\":{\"Up\":false,\"Down\":false},\"Repeat\":{\"Up\":false,\"Down\":false}}},\"path_snap_data\":{},\"color\":{\"B\":255,\"G\":255,\"R\":255,\"A\":255},\"mute\":false,\"pass\":false,\"Origin\":\"36, -1188\",\"SerializablePathTo\":[111],\"SerializablePathFrom\":[],\"PathMode\":2,\"SignalMode\":0,\"Start\":false}"}
{"type":1,"json":"{\"id\":109,\"label\":\"\",\"midi_data\":{\"Primary\":60,\"Secondary\":100,\"Channel\":1,\"Duration\":1.0,\"Repeat\":0,\"Root\":0,\"Scale\":0},\"relative_midi_data\":{\"Primary\":0,\"RangedPrimary\":0,\"Secondary\":0,\"Channel\":0,\"Duration\":0.0,\"Repeat\":0,\"Root\":0,\"Scale\":0,\"RangeFields\":{\"Primary\":{\"Up\":false,\"Down\":false},\"Secondary\":{\"Up\":false,\"Down\":false},\"Channel\":{\"Up\":false,\"Down\":false},\"Duration\":{\"Up\":false,\"Down\":false},\"Repeat\":{\"Up\":false,\"Down\":false}}},\"path_snap_data\":{},\"color\":{\"B\":255,\"G\":255,\"R\":255,\"A\":255},\"mute\":false,\"pass\":false,\"Origin\":\"288, -1188\",\"SerializablePathTo\":[113],\"SerializablePathFrom\":[],\"PathMode\":2,\"SignalMode\":0,\"Start\":false}"}
{"type":1,"json":"{\"id\":108,\"label\":\"\",\"midi_data\":{\"Primary\":60,\"Secondary\":100,\"Channel\":1,\"Duration\":1.0,\"Repeat\":0,\"Root\":0,\"Scale\":0},\"relative_midi_data\":{\"Primary\":0,\"RangedPrimary\":0,\"Secondary\":0,\"Channel\":0,\"Duration\":0.0,\"Repeat\":0,\"Root\":0,\"Scale\":0,\"RangeFields\":{\"Primary\":{\"Up\":false,\"Down\":false},\"Secondary\":{\"Up\":false,\"Down\":false},\"Channel\":{\"Up\":false,\"Down\":false},\"Duration\":{\"Up\":false,\"Down\":false},\"Repeat\":{\"Up\":false,\"Down\":false}}},\"path_snap_data\":{},\"color\":{\"B\":255,\"G\":255,\"R\":255,\"A\":255},\"mute\":false,\"pass\":false,\"Origin\":\"396, -1044\",\"SerializablePathTo\":[112],\"SerializablePathFrom\":[],\"PathMode\":1,\"SignalMode\":0,\"Start\":false}"}
{"type":1,"json":"{\"id\":107,\"label\":\"\",\"midi_data\":{\"Primary\":60,\"Secondary\":100,\"Channel\":1,\"Duration\":1.0,\"Repeat\":0,\"Root\":0,\"Scale\":0},\"relative_midi_data\":{\"Primary\":0,\"RangedPrimary\":0,\"Secondary\":0,\"Channel\":0,\"Duration\":0.0,\"Repeat\":0,\"Root\":0,\"Scale\":0,\"RangeFields\":{\"Primary\":{\"Up\":false,\"Down\":false},\"Secondary\":{\"Up\":false,\"Down\":false},\"Channel\":{\"Up\":false,\"Down\":false},\"Duration\":{\"Up\":false,\"Down\":false},\"Repeat\":{\"Up\":false,\"Down\":false}}},\"path_snap_data\":{},\"color\":{\"B\":255,\"G\":255,\"R\":255,\"A\":255},\"mute\":false,\"pass\":false,\"Origin\":\"396, -1080\",\"SerializablePathTo\":[],\"SerializablePathFrom\":[115],\"PathMode\":1,\"SignalMode\":0,\"Start\":false}"}
{"type":1,"json":"{\"id\":106,\"label\":\"\",\"midi_data\":{\"Primary\":60,\"Secondary\":100,\"Channel\":1,\"Duration\":1.0,\"Repeat\":0,\"Root\":0,\"Scale\":0},\"relative_midi_data\":{\"Primary\":0,\"RangedPrimary\":0,\"Secondary\":0,\"Channel\":0,\"Duration\":0.0,\"Repeat\":0,\"Root\":0,\"Scale\":0,\"RangeFields\":{\"Primary\":{\"Up\":false,\"Down\":false},\"Secondary\":{\"Up\":false,\"Down\":false},\"Channel\":{\"Up\":false,\"Down\":false},\"Duration\":{\"Up\":false,\"Down\":false},\"Repeat\":{\"Up\":false,\"Down\":false}}},\"path_snap_data\":{},\"color\":{\"B\":255,\"G\":255,\"R\":255,\"A\":255},\"mute\":false,\"pass\":false,\"Origin\":\"324, -1188\",\"SerializablePathTo\":[],\"SerializablePathFrom\":[111],\"PathMode\":2,\"SignalMode\":0,\"Start\":false}"}
{"type":1,"json":"{\"id\":85,\"label\":\"\",\"midi_data\":{\"Primary\":54,\"Secondary\":100,\"Channel\":1,\"Duration\":1.0,\"Repeat\":0,\"Root\":0,\"Scale\":0},\"relative_midi_data\":{\"Primary\":12,\"RangedPrimary\":10,\"Secondary\":40,\"Channel\":0,\"Duration\":2.0,\"Repeat\":0,\"Root\":7,\"Scale\":1,\"RangeFields\":{\"Primary\":{\"Up\":true,\"Down\":false},\"Secondary\":{\"Up\":true,\"Down\":true},\"Channel\":{\"Up\":false,\"Down\":false},\"Duration\":{\"Up\":true,\"Down\":false},\"Repeat\":{\"Up\":false,\"Down\":false}}},\"path_snap_data\":{},\"color\":{\"B\":255,\"G\":255,\"R\":255,\"A\":255},\"mute\":false,\"pass\":false,\"Origin\":\"0, 252\",\"SerializablePathTo\":[86],\"SerializablePathFrom\":[84],\"PathMode\":0,\"SignalMode\":0,\"Start\":false}"}
{"type":1,"json":"{\"id\":84,\"label\":\"\",\"midi_data\":{\"Primary\":54,\"Secondary\":100,\"Channel\":1,\"Duration\":1.0,\"Repeat\":0,\"Root\":0,\"Scale\":0},\"relative_midi_data\":{\"Primary\":12,\"RangedPrimary\":1,\"Secondary\":40,\"Channel\":0,\"Duration\":2.0,\"Repeat\":0,\"Root\":7,\"Scale\":1,\"RangeFields\":{\"Primary\":{\"Up\":true,\"Down\":false},\"Secondary\":{\"Up\":true,\"Down\":true},\"Channel\":{\"Up\":false,\"Down\":false},\"Duration\":{\"Up\":true,\"Down\":false},\"Repeat\":{\"Up\":false,\"Down\":false}}},\"path_snap_data\":{},\"color\":{\"B\":255,\"G\":255,\"R\":255,\"A\":255},\"mute\":false,\"pass\":false,\"Origin\":\"-108, 144\",\"SerializablePathTo\":[85],\"SerializablePathFrom\":[83],\"PathMode\":0,\"SignalMode\":0,\"Start\":false}"}
{"type":1,"json":"{\"id\":83,\"label\":\"\",\"midi_data\":{\"Primary\":54,\"Secondary\":100,\"Channel\":1,\"Duration\":1.0,\"Repeat\":0,\"Root\":0,\"Scale\":0},\"relative_midi_data\":{\"Primary\":12,\"RangedPrimary\":7,\"Secondary\":40,\"Channel\":0,\"Duration\":2.0,\"Repeat\":0,\"Root\":7,\"Scale\":1,\"RangeFields\":{\"Primary\":{\"Up\":true,\"Down\":false},\"Secondary\":{\"Up\":true,\"Down\":true},\"Channel\":{\"Up\":false,\"Down\":false},\"Duration\":{\"Up\":true,\"Down\":false},\"Repeat\":{\"Up\":false,\"Down\":false}}},\"path_snap_data\":{},\"color\":{\"B\":255,\"G\":255,\"R\":255,\"A\":255},\"mute\":false,\"pass\":false,\"Origin\":\"-108, 0\",\"SerializablePathTo\":[84],\"SerializablePathFrom\":[82],\"PathMode\":0,\"SignalMode\":0,\"Start\":false}"}
{"type":1,"json":"{\"id\":82,\"label\":\"\",\"midi_data\":{\"Primary\":54,\"Secondary\":100,\"Channel\":1,\"Duration\":1.0,\"Repeat\":0,\"Root\":0,\"Scale\":0},\"relative_midi_data\":{\"Primary\":12,\"RangedPrimary\":2,\"Secondary\":40,\"Channel\":0,\"Duration\":2.0,\"Repeat\":0,\"Root\":7,\"Scale\":1,\"RangeFields\":{\"Primary\":{\"Up\":true,\"Down\":false},\"Secondary\":{\"Up\":true,\"Down\":true},\"Channel\":{\"Up\":false,\"Down\":false},\"Duration\":{\"Up\":true,\"Down\":false},\"Repeat\":{\"Up\":false,\"Down\":false}}},\"path_snap_data\":{},\"color\":{\"B\":255,\"G\":255,\"R\":255,\"A\":255},\"mute\":false,\"pass\":false,\"Origin\":\"0, -108\",\"SerializablePathTo\":[83],\"SerializablePathFrom\":[89],\"PathMode\":0,\"SignalMode\":0,\"Start\":false}"}
{"type":1,"json":"{\"id\":86,\"label\":\"\",\"midi_data\":{\"Primary\":54,\"Secondary\":100,\"Channel\":1,\"Duration\":1.0,\"Repeat\":0,\"Root\":0,\"Scale\":0},\"relative_midi_data\":{\"Primary\":12,\"RangedPrimary\":8,\"Secondary\":40,\"Channel\":0,\"Duration\":2.0,\"Repeat\":0,\"Root\":7,\"Scale\":1,\"RangeFields\":{\"Primary\":{\"Up\":true,\"Down\":false},\"Secondary\":{\"Up\":true,\"Down\":true},\"Channel\":{\"Up\":false,\"Down\":false},\"Duration\":{\"Up\":true,\"Down\":false},\"Repeat\":{\"Up\":false,\"Down\":false}}},\"path_snap_data\":{},\"color\":{\"B\":255,\"G\":255,\"R\":255,\"A\":255},\"mute\":false,\"pass\":false,\"Origin\":\"144, 252\",\"SerializablePathTo\":[87],\"SerializablePathFrom\":[85],\"PathMode\":0,\"SignalMode\":0,\"Start\":false}"}
{"type":1,"json":"{\"id\":87,\"label\":\"\",\"midi_data\":{\"Primary\":54,\"Secondary\":100,\"Channel\":1,\"Duration\":1.0,\"Repeat\":0,\"Root\":0,\"Scale\":0},\"relative_midi_data\":{\"Primary\":12,\"RangedPrimary\":11,\"Secondary\":40,\"Channel\":0,\"Duration\":2.0,\"Repeat\":0,\"Root\":7,\"Scale\":1,\"RangeFields\":{\"Primary\":{\"Up\":true,\"Down\":false},\"Secondary\":{\"Up\":true,\"Down\":true},\"Channel\":{\"Up\":false,\"Down\":false},\"Duration\":{\"Up\":true,\"Down\":false},\"Repeat\":{\"Up\":false,\"Down\":false}}},\"path_snap_data\":{},\"color\":{\"B\":255,\"G\":255,\"R\":255,\"A\":255},\"mute\":false,\"pass\":false,\"Origin\":\"252, 144\",\"SerializablePathTo\":[88],\"SerializablePathFrom\":[86],\"PathMode\":0,\"SignalMode\":0,\"Start\":false}"}
{"type":1,"json":"{\"id\":88,\"label\":\"\",\"midi_data\":{\"Primary\":54,\"Secondary\":100,\"Channel\":1,\"Duration\":1.0,\"Repeat\":0,\"Root\":0,\"Scale\":0},\"relative_midi_data\":{\"Primary\":12,\"RangedPrimary\":8,\"Secondary\":40,\"Channel\":0,\"Duration\":2.0,\"Repeat\":0,\"Root\":7,\"Scale\":1,\"RangeFields\":{\"Primary\":{\"Up\":true,\"Down\":false},\"Secondary\":{\"Up\":true,\"Down\":true},\"Channel\":{\"Up\":false,\"Down\":false},\"Duration\":{\"Up\":true,\"Down\":false},\"Repeat\":{\"Up\":false,\"Down\":false}}},\"path_snap_data\":{},\"color\":{\"B\":255,\"G\":255,\"R\":255,\"A\":255},\"mute\":false,\"pass\":false,\"Origin\":\"252, 0\",\"SerializablePathTo\":[89],\"SerializablePathFrom\":[87],\"PathMode\":0,\"SignalMode\":0,\"Start\":false}"}
{"type":1,"json":"{\"id\":89,\"label\":\"\",\"midi_data\":{\"Primary\":54,\"Secondary\":100,\"Channel\":1,\"Duration\":1.0,\"Repeat\":0,\"Root\":0,\"Scale\":0},\"relative_midi_data\":{\"Primary\":12,\"RangedPrimary\":5,\"Secondary\":40,\"Channel\":0,\"Duration\":2.0,\"Repeat\":0,\"Root\":7,\"Scale\":1,\"RangeFields\":{\"Primary\":{\"Up\":true,\"Down\":false},\"Secondary\":{\"Up\":true,\"Down\":true},\"Channel\":{\"Up\":false,\"Down\":false},\"Duration\":{\"Up\":true,\"Down\":false},\"Repeat\":{\"Up\":false,\"Down\":false}}},\"path_snap_data\":{},\"color\":{\"B\":255,\"G\":255,\"R\":255,\"A\":255},\"mute\":false,\"pass\":false,\"Origin\":\"144, -108\",\"SerializablePathTo\":[82],\"SerializablePathFrom\":[88],\"PathMode\":0,\"SignalMode\":0,\"Start\":true}"}
{"type":1,"json":"{\"id\":97,\"label\":\"\",\"midi_data\":{\"Primary\":54,\"Secondary\":100,\"Channel\":1,\"Duration\":1.0,\"Repeat\":0,\"Root\":0,\"Scale\":0},\"relative_midi_data\":{\"Primary\":12,\"RangedPrimary\":0,\"Secondary\":40,\"Channel\":0,\"Duration\":2.0,\"Repeat\":0,\"Root\":7,\"Scale\":1,\"RangeFields\":{\"Primary\":{\"Up\":true,\"Down\":false},\"Secondary\":{\"Up\":true,\"Down\":true},\"Channel\":{\"Up\":false,\"Down\":false},\"Duration\":{\"Up\":true,\"Down\":false},\"Repeat\":{\"Up\":false,\"Down\":false}}},\"path_snap_data\":{},\"color\":{\"B\":255,\"G\":255,\"R\":255,\"A\":255},\"mute\":false,\"pass\":false,\"Origin\":\"0, -252\",\"SerializablePathTo\":[90],\"SerializablePathFrom\":[96],\"PathMode\":0,\"SignalMode\":0,\"Start\":false}"}
{"type":1,"json":"{\"id\":96,\"label\":\"\",\"midi_data\":{\"Primary\":54,\"Secondary\":100,\"Channel\":1,\"Duration\":1.0,\"Repeat\":0,\"Root\":0,\"Scale\":0},\"relative_midi_data\":{\"Primary\":12,\"RangedPrimary\":9,\"Secondary\":40,\"Channel\":0,\"Duration\":2.0,\"Repeat\":0,\"Root\":7,\"Scale\":1,\"RangeFields\":{\"Primary\":{\"Up\":true,\"Down\":false},\"Secondary\":{\"Up\":true,\"Down\":true},\"Channel\":{\"Up\":false,\"Down\":false},\"Duration\":{\"Up\":true,\"Down\":false},\"Repeat\":{\"Up\":false,\"Down\":false}}},\"path_snap_data\":{},\"color\":{\"B\":255,\"G\":255,\"R\":255,\"A\":255},\"mute\":false,\"pass\":false,\"Origin\":\"144, -252\",\"SerializablePathTo\":[97],\"SerializablePathFrom\":[95],\"PathMode\":0,\"SignalMode\":0,\"Start\":true}"}
{"type":1,"json":"{\"id\":95,\"label\":\"\",\"midi_data\":{\"Primary\":54,\"Secondary\":100,\"Channel\":1,\"Duration\":1.0,\"Repeat\":0,\"Root\":0,\"Scale\":0},\"relative_midi_data\":{\"Primary\":12,\"RangedPrimary\":5,\"Secondary\":40,\"Channel\":0,\"Duration\":2.0,\"Repeat\":0,\"Root\":7,\"Scale\":1,\"RangeFields\":{\"Primary\":{\"Up\":true,\"Down\":false},\"Secondary\":{\"Up\":true,\"Down\":true},\"Channel\":{\"Up\":false,\"Down\":false},\"Duration\":{\"Up\":true,\"Down\":false},\"Repeat\":{\"Up\":false,\"Down\":false}}},\"path_snap_data\":{},\"color\":{\"B\":255,\"G\":255,\"R\":255,\"A\":255},\"mute\":false,\"pass\":false,\"Origin\":\"396, 0\",\"SerializablePathTo\":[96],\"SerializablePathFrom\":[94],\"PathMode\":0,\"SignalMode\":0,\"Start\":false}"}
{"type":1,"json":"{\"id\":94,\"label\":\"\",\"midi_data\":{\"Primary\":54,\"Secondary\":100,\"Channel\":1,\"Duration\":1.0,\"Repeat\":0,\"Root\":0,\"Scale\":0},\"relative_midi_data\":{\"Primary\":12,\"RangedPrimary\":10,\"Secondary\":40,\"Channel\":0,\"Duration\":2.0,\"Repeat\":0,\"Root\":7,\"Scale\":1,\"RangeFields\":{\"Primary\":{\"Up\":true,\"Down\":false},\"Secondary\":{\"Up\":true,\"Down\":true},\"Channel\":{\"Up\":false,\"Down\":false},\"Duration\":{\"Up\":true,\"Down\":false},\"Repeat\":{\"Up\":false,\"Down\":false}}},\"path_snap_data\":{},\"color\":{\"B\":255,\"G\":255,\"R\":255,\"A\":255},\"mute\":false,\"pass\":false,\"Origin\":\"396, 144\",\"SerializablePathTo\":[95],\"SerializablePathFrom\":[93],\"PathMode\":0,\"SignalMode\":0,\"Start\":false}"}
{"type":1,"json":"{\"id\":93,\"label\":\"\",\"midi_data\":{\"Primary\":54,\"Secondary\":100,\"Channel\":1,\"Duration\":1.0,\"Repeat\":0,\"Root\":0,\"Scale\":0},\"relative_midi_data\":{\"Primary\":12,\"RangedPrimary\":3,\"Secondary\":40,\"Channel\":0,\"Duration\":2.0,\"Repeat\":0,\"Root\":7,\"Scale\":1,\"RangeFields\":{\"Primary\":{\"Up\":true,\"Down\":false},\"Secondary\":{\"Up\":true,\"Down\":true},\"Channel\":{\"Up\":false,\"Down\":false},\"Duration\":{\"Up\":true,\"Down\":false},\"Repeat\":{\"Up\":false,\"Down\":false}}},\"path_snap_data\":{},\"color\":{\"B\":255,\"G\":255,\"R\":255,\"A\":255},\"mute\":false,\"pass\":false,\"Origin\":\"144, 396\",\"SerializablePathTo\":[94],\"SerializablePathFrom\":[92],\"PathMode\":0,\"SignalMode\":0,\"Start\":false}"}
{"type":1,"json":"{\"id\":92,\"label\":\"\",\"midi_data\":{\"Primary\":54,\"Secondary\":100,\"Channel\":1,\"Duration\":1.0,\"Repeat\":0,\"Root\":0,\"Scale\":0},\"relative_midi_data\":{\"Primary\":12,\"RangedPrimary\":1,\"Secondary\":40,\"Channel\":0,\"Duration\":2.0,\"Repeat\":0,\"Root\":7,\"Scale\":1,\"RangeFields\":{\"Primary\":{\"Up\":true,\"Down\":false},\"Secondary\":{\"Up\":true,\"Down\":true},\"Channel\":{\"Up\":false,\"Down\":false},\"Duration\":{\"Up\":true,\"Down\":false},\"Repeat\":{\"Up\":false,\"Down\":false}}},\"path_snap_data\":{},\"color\":{\"B\":255,\"G\":255,\"R\":255,\"A\":255},\"mute\":false,\"pass\":false,\"Origin\":\"0, 396\",\"SerializablePathTo\":[93],\"SerializablePathFrom\":[91],\"PathMode\":0,\"SignalMode\":0,\"Start\":false}"}
{"type":1,"json":"{\"id\":91,\"label\":\"\",\"midi_data\":{\"Primary\":54,\"Secondary\":100,\"Channel\":1,\"Duration\":1.0,\"Repeat\":0,\"Root\":0,\"Scale\":0},\"relative_midi_data\":{\"Primary\":12,\"RangedPrimary\":1,\"Secondary\":40,\"Channel\":0,\"Duration\":2.0,\"Repeat\":0,\"Root\":7,\"Scale\":1,\"RangeFields\":{\"Primary\":{\"Up\":true,\"Down\":false},\"Secondary\":{\"Up\":true,\"Down\":true},\"Channel\":{\"Up\":false,\"Down\":false},\"Duration\":{\"Up\":true,\"Down\":false},\"Repeat\":{\"Up\":false,\"Down\":false}}},\"path_snap_data\":{},\"color\":{\"B\":255,\"G\":255,\"R\":255,\"A\":255},\"mute\":false,\"pass\":false,\"Origin\":\"-252, 144\",\"SerializablePathTo\":[92],\"SerializablePathFrom\":[90],\"PathMode\":0,\"SignalMode\":0,\"Start\":false}"}
{"type":1,"json":"{\"id\":90,\"label\":\"\",\"midi_data\":{\"Primary\":54,\"Secondary\":100,\"Channel\":1,\"Duration\":1.0,\"Repeat\":0,\"Root\":0,\"Scale\":0},\"relative_midi_data\":{\"Primary\":12,\"RangedPrimary\":5,\"Secondary\":40,\"Channel\":0,\"Duration\":2.0,\"Repeat\":0,\"Root\":7,\"Scale\":1,\"RangeFields\":{\"Primary\":{\"Up\":true,\"Down\":false},\"Secondary\":{\"Up\":true,\"Down\":true},\"Channel\":{\"Up\":false,\"Down\":false},\"Duration\":{\"Up\":true,\"Down\":false},\"Repeat\":{\"Up\":false,\"Down\":false}}},\"path_snap_data\":{},\"color\":{\"B\":255,\"G\":255,\"R\":255,\"A\":255},\"mute\":false,\"pass\":false,\"Origin\":\"-252, 0\",\"SerializablePathTo\":[91],\"SerializablePathFrom\":[97],\"PathMode\":0,\"SignalMode\":0,\"Start\":false}"}
{"type":1,"json":"{\"id\":81,\"label\":\"\",\"midi_data\":{\"Primary\":54,\"Secondary\":100,\"Channel\":1,\"Duration\":1.0,\"Repeat\":0,\"Root\":0,\"Scale\":0},\"relative_midi_data\":{\"Primary\":12,\"RangedPrimary\":6,\"Secondary\":40,\"Channel\":0,\"Duration\":2.0,\"Repeat\":0,\"Root\":7,\"Scale\":1,\"RangeFields\":{\"Primary\":{\"Up\":true,\"Down\":false},\"Secondary\":{\"Up\":true,\"Down\":true},\"Channel\":{\"Up\":false,\"Down\":false},\"Duration\":{\"Up\":true,\"Down\":false},\"Repeat\":{\"Up\":false,\"Down\":false}}},\"path_snap_data\":{},\"color\":{\"B\":255,\"G\":255,\"R\":255,\"A\":255},\"mute\":false,\"pass\":false,\"Origin\":\"432, -144\",\"SerializablePathTo\":[78],\"SerializablePathFrom\":[80],\"PathMode\":0,\"SignalMode\":0,\"Start\":false}"}
{"type":1,"json":"{\"id\":80,\"label\":\"\",\"midi_data\":{\"Primary\":54,\"Secondary\":100,\"Channel\":1,\"Duration\":1.0,\"Repeat\":0,\"Root\":0,\"Scale\":0},\"relative_midi_data\":{\"Primary\":12,\"RangedPrimary\":8,\"Secondary\":40,\"Channel\":0,\"Duration\":2.0,\"Repeat\":0,\"Root\":7,\"Scale\":1,\"RangeFields\":{\"Primary\":{\"Up\":true,\"Down\":false},\"Secondary\":{\"Up\":true,\"Down\":true},\"Channel\":{\"Up\":false,\"Down\":false},\"Duration\":{\"Up\":true,\"Down\":false},\"Repeat\":{\"Up\":false,\"Down\":false}}},\"path_snap_data\":{},\"color\":{\"B\":255,\"G\":255,\"R\":255,\"A\":255},\"mute\":false,\"pass\":false,\"Origin\":\"432, 288\",\"SerializablePathTo\":[81],\"SerializablePathFrom\":[79],\"PathMode\":0,\"SignalMode\":0,\"Start\":false}"}
{"type":1,"json":"{\"id\":79,\"label\":\"\",\"midi_data\":{\"Primary\":54,\"Secondary\":100,\"Channel\":1,\"Duration\":1.0,\"Repeat\":0,\"Root\":0,\"Scale\":0},\"relative_midi_data\":{\"Primary\":12,\"RangedPrimary\":0,\"Secondary\":40,\"Channel\":0,\"Duration\":2.0,\"Repeat\":0,\"Root\":7,\"Scale\":1,\"RangeFields\":{\"Primary\":{\"Up\":true,\"Down\":false},\"Secondary\":{\"Up\":true,\"Down\":true},\"Channel\":{\"Up\":false,\"Down\":false},\"Duration\":{\"Up\":true,\"Down\":false},\"Repeat\":{\"Up\":false,\"Down\":false}}},\"path_snap_data\":{},\"color\":{\"B\":255,\"G\":255,\"R\":255,\"A\":255},\"mute\":false,\"pass\":false,\"Origin\":\"-288, 288\",\"SerializablePathTo\":[80],\"SerializablePathFrom\":[78],\"PathMode\":0,\"SignalMode\":0,\"Start\":false}"}
{"type":1,"json":"{\"id\":78,\"label\":\"\",\"midi_data\":{\"Primary\":54,\"Secondary\":100,\"Channel\":1,\"Duration\":1.0,\"Repeat\":0,\"Root\":0,\"Scale\":0},\"relative_midi_data\":{\"Primary\":12,\"RangedPrimary\":4,\"Secondary\":40,\"Channel\":0,\"Duration\":2.0,\"Repeat\":0,\"Root\":7,\"Scale\":1,\"RangeFields\":{\"Primary\":{\"Up\":true,\"Down\":false},\"Secondary\":{\"Up\":true,\"Down\":true},\"Channel\":{\"Up\":false,\"Down\":false},\"Duration\":{\"Up\":true,\"Down\":false},\"Repeat\":{\"Up\":false,\"Down\":false}}},\"path_snap_data\":{},\"color\":{\"B\":255,\"G\":255,\"R\":255,\"A\":255},\"mute\":false,\"pass\":false,\"Origin\":\"-288, -144\",\"SerializablePathTo\":[79],\"SerializablePathFrom\":[81],\"PathMode\":0,\"SignalMode\":0,\"Start\":true}"}
{"type":1,"json":"{\"id\":77,\"label\":\"\",\"midi_data\":{\"Primary\":54,\"Secondary\":100,\"Channel\":1,\"Duration\":1.0,\"Repeat\":0,\"Root\":0,\"Scale\":0},\"relative_midi_data\":{\"Primary\":12,\"RangedPrimary\":2,\"Secondary\":40,\"Channel\":0,\"Duration\":2.0,\"Repeat\":0,\"Root\":7,\"Scale\":1,\"RangeFields\":{\"Primary\":{\"Up\":true,\"Down\":false},\"Secondary\":{\"Up\":true,\"Down\":true},\"Channel\":{\"Up\":false,\"Down\":false},\"Duration\":{\"Up\":true,\"Down\":false},\"Repeat\":{\"Up\":false,\"Down\":false}}},\"path_snap_data\":{},\"color\":{\"B\":255,\"G\":255,\"R\":255,\"A\":255},\"mute\":false,\"pass\":false,\"Origin\":\"288, -144\",\"SerializablePathTo\":[70],\"SerializablePathFrom\":[76],\"PathMode\":0,\"SignalMode\":0,\"Start\":false}"}
{"type":1,"json":"{\"id\":50,\"label\":\"\",\"midi_data\":{\"Primary\":54,\"Secondary\":100,\"Channel\":1,\"Duration\":1.0,\"Repeat\":0,\"Root\":0,\"Scale\":0},\"relative_midi_data\":{\"Primary\":12,\"RangedPrimary\":0,\"Secondary\":40,\"Channel\":0,\"Duration\":2.0,\"Repeat\":0,\"Root\":7,\"Scale\":1,\"RangeFields\":{\"Primary\":{\"Up\":true,\"Down\":false},\"Secondary\":{\"Up\":true,\"Down\":true},\"Channel\":{\"Up\":false,\"Down\":false},\"Duration\":{\"Up\":true,\"Down\":false},\"Repeat\":{\"Up\":false,\"Down\":false}}},\"path_snap_data\":{},\"color\":{\"B\":255,\"G\":255,\"R\":255,\"A\":255},\"mute\":false,\"pass\":false,\"Origin\":\"0, 0\",\"SerializablePathTo\":[51],\"SerializablePathFrom\":[53],\"PathMode\":0,\"SignalMode\":0,\"Start\":true}"}
{"type":1,"json":"{\"id\":76,\"label\":\"\",\"midi_data\":{\"Primary\":54,\"Secondary\":100,\"Channel\":1,\"Duration\":1.0,\"Repeat\":0,\"Root\":0,\"Scale\":0},\"relative_midi_data\":{\"Primary\":12,\"RangedPrimary\":3,\"Secondary\":40,\"Channel\":0,\"Duration\":2.0,\"Repeat\":0,\"Root\":7,\"Scale\":1,\"RangeFields\":{\"Primary\":{\"Up\":true,\"Down\":false},\"Secondary\":{\"Up\":true,\"Down\":true},\"Channel\":{\"Up\":false,\"Down\":false},\"Duration\":{\"Up\":true,\"Down\":false},\"Repeat\":{\"Up\":false,\"Down\":false}}},\"path_snap_data\":{},\"color\":{\"B\":255,\"G\":255,\"R\":255,\"A\":255},\"mute\":false,\"pass\":false,\"Origin\":\"432, 72\",\"SerializablePathTo\":[77],\"SerializablePathFrom\":[75],\"PathMode\":0,\"SignalMode\":0,\"Start\":false}"}
{"type":1,"json":"{\"id\":75,\"label\":\"\",\"midi_data\":{\"Primary\":54,\"Secondary\":100,\"Channel\":1,\"Duration\":1.0,\"Repeat\":0,\"Root\":0,\"Scale\":0},\"relative_midi_data\":{\"Primary\":12,\"RangedPrimary\":0,\"Secondary\":40,\"Channel\":0,\"Duration\":2.0,\"Repeat\":0,\"Root\":7,\"Scale\":1,\"RangeFields\":{\"Primary\":{\"Up\":true,\"Down\":false},\"Secondary\":{\"Up\":true,\"Down\":true},\"Channel\":{\"Up\":false,\"Down\":false},\"Duration\":{\"Up\":true,\"Down\":false},\"Repeat\":{\"Up\":false,\"Down\":false}}},\"path_snap_data\":{},\"color\":{\"B\":255,\"G\":255,\"R\":255,\"A\":255},\"mute\":false,\"pass\":false,\"Origin\":\"288, 288\",\"SerializablePathTo\":[76],\"SerializablePathFrom\":[74],\"PathMode\":0,\"SignalMode\":0,\"Start\":false}"}
{"type":1,"json":"{\"id\":74,\"label\":\"\",\"midi_data\":{\"Primary\":54,\"Secondary\":100,\"Channel\":1,\"Duration\":1.0,\"Repeat\":0,\"Root\":0,\"Scale\":0},\"relative_midi_data\":{\"Primary\":12,\"RangedPrimary\":9,\"Secondary\":40,\"Channel\":0,\"Duration\":2.0,\"Repeat\":0,\"Root\":7,\"Scale\":1,\"RangeFields\":{\"Primary\":{\"Up\":true,\"Down\":false},\"Secondary\":{\"Up\":true,\"Down\":true},\"Channel\":{\"Up\":false,\"Down\":false},\"Duration\":{\"Up\":true,\"Down\":false},\"Repeat\":{\"Up\":false,\"Down\":false}}},\"path_snap_data\":{},\"color\":{\"B\":255,\"G\":255,\"R\":255,\"A\":255},\"mute\":false,\"pass\":false,\"Origin\":\"72, 432\",\"SerializablePathTo\":[75],\"SerializablePathFrom\":[73],\"PathMode\":0,\"SignalMode\":0,\"Start\":false}"}
{"type":1,"json":"{\"id\":73,\"label\":\"\",\"midi_data\":{\"Primary\":54,\"Secondary\":100,\"Channel\":1,\"Duration\":1.0,\"Repeat\":0,\"Root\":0,\"Scale\":0},\"relative_midi_data\":{\"Primary\":12,\"RangedPrimary\":0,\"Secondary\":40,\"Channel\":0,\"Duration\":2.0,\"Repeat\":0,\"Root\":7,\"Scale\":1,\"RangeFields\":{\"Primary\":{\"Up\":true,\"Down\":false},\"Secondary\":{\"Up\":true,\"Down\":true},\"Channel\":{\"Up\":false,\"Down\":false},\"Duration\":{\"Up\":true,\"Down\":false},\"Repeat\":{\"Up\":false,\"Down\":false}}},\"path_snap_data\":{},\"color\":{\"B\":255,\"G\":255,\"R\":255,\"A\":255},\"mute\":false,\"pass\":false,\"Origin\":\"-144, 288\",\"SerializablePathTo\":[74],\"SerializablePathFrom\":[72],\"PathMode\":0,\"SignalMode\":0,\"Start\":false}"}
{"type":1,"json":"{\"id\":72,\"label\":\"\",\"midi_data\":{\"Primary\":54,\"Secondary\":100,\"Channel\":1,\"Duration\":1.0,\"Repeat\":0,\"Root\":0,\"Scale\":0},\"relative_midi_data\":{\"Primary\":12,\"RangedPrimary\":7,\"Secondary\":40,\"Channel\":0,\"Duration\":2.0,\"Repeat\":0,\"Root\":7,\"Scale\":1,\"RangeFields\":{\"Primary\":{\"Up\":true,\"Down\":false},\"Secondary\":{\"Up\":true,\"Down\":true},\"Channel\":{\"Up\":false,\"Down\":false},\"Duration\":{\"Up\":true,\"Down\":false},\"Repeat\":{\"Up\":false,\"Down\":false}}},\"path_snap_data\":{},\"color\":{\"B\":255,\"G\":255,\"R\":255,\"A\":255},\"mute\":false,\"pass\":false,\"Origin\":\"-288, 72\",\"SerializablePathTo\":[73],\"SerializablePathFrom\":[71],\"PathMode\":0,\"SignalMode\":0,\"Start\":false}"}
{"type":1,"json":"{\"id\":71,\"label\":\"\",\"midi_data\":{\"Primary\":54,\"Secondary\":100,\"Channel\":1,\"Duration\":1.0,\"Repeat\":0,\"Root\":0,\"Scale\":0},\"relative_midi_data\":{\"Primary\":12,\"RangedPrimary\":6,\"Secondary\":40,\"Channel\":0,\"Duration\":2.0,\"Repeat\":0,\"Root\":7,\"Scale\":1,\"RangeFields\":{\"Primary\":{\"Up\":true,\"Down\":false},\"Secondary\":{\"Up\":true,\"Down\":true},\"Channel\":{\"Up\":false,\"Down\":false},\"Duration\":{\"Up\":true,\"Down\":false},\"Repeat\":{\"Up\":false,\"Down\":false}}},\"path_snap_data\":{},\"color\":{\"B\":255,\"G\":255,\"R\":255,\"A\":255},\"mute\":false,\"pass\":false,\"Origin\":\"-144, -144\",\"SerializablePathTo\":[72],\"SerializablePathFrom\":[70],\"PathMode\":0,\"SignalMode\":0,\"Start\":true}"}
{"type":1,"json":"{\"id\":70,\"label\":\"\",\"midi_data\":{\"Primary\":54,\"Secondary\":100,\"Channel\":1,\"Duration\":1.0,\"Repeat\":0,\"Root\":0,\"Scale\":0},\"relative_midi_data\":{\"Primary\":12,\"RangedPrimary\":10,\"Secondary\":40,\"Channel\":0,\"Duration\":2.0,\"Repeat\":0,\"Root\":7,\"Scale\":1,\"RangeFields\":{\"Primary\":{\"Up\":true,\"Down\":false},\"Secondary\":{\"Up\":true,\"Down\":true},\"Channel\":{\"Up\":false,\"Down\":false},\"Duration\":{\"Up\":true,\"Down\":false},\"Repeat\":{\"Up\":false,\"Down\":false}}},\"path_snap_data\":{},\"color\":{\"B\":255,\"G\":255,\"R\":255,\"A\":255},\"mute\":false,\"pass\":false,\"Origin\":\"72, -288\",\"SerializablePathTo\":[71],\"SerializablePathFrom\":[77],\"PathMode\":0,\"SignalMode\":0,\"Start\":false}"}
{"type":1,"json":"{\"id\":69,\"label\":\"\",\"midi_data\":{\"Primary\":54,\"Secondary\":100,\"Channel\":1,\"Duration\":1.0,\"Repeat\":0,\"Root\":0,\"Scale\":0},\"relative_midi_data\":{\"Primary\":12,\"RangedPrimary\":4,\"Secondary\":40,\"Channel\":0,\"Duration\":2.0,\"Repeat\":0,\"Root\":7,\"Scale\":1,\"RangeFields\":{\"Primary\":{\"Up\":true,\"Down\":false},\"Secondary\":{\"Up\":true,\"Down\":true},\"Channel\":{\"Up\":false,\"Down\":false},\"Duration\":{\"Up\":true,\"Down\":false},\"Repeat\":{\"Up\":false,\"Down\":false}}},\"path_snap_data\":{},\"color\":{\"B\":255,\"G\":255,\"R\":255,\"A\":255},\"mute\":false,\"pass\":false,\"Origin\":\"72, 576\",\"SerializablePathTo\":[66],\"SerializablePathFrom\":[68],\"PathMode\":0,\"SignalMode\":0,\"Start\":false}"}
{"type":1,"json":"{\"id\":68,\"label\":\"\",\"midi_data\":{\"Primary\":54,\"Secondary\":100,\"Channel\":1,\"Duration\":1.0,\"Repeat\":0,\"Root\":0,\"Scale\":0},\"relative_midi_data\":{\"Primary\":12,\"RangedPrimary\":8,\"Secondary\":40,\"Channel\":0,\"Duration\":2.0,\"Repeat\":0,\"Root\":7,\"Scale\":1,\"RangeFields\":{\"Primary\":{\"Up\":true,\"Down\":false},\"Secondary\":{\"Up\":true,\"Down\":true},\"Channel\":{\"Up\":false,\"Down\":false},\"Duration\":{\"Up\":true,\"Down\":false},\"Repeat\":{\"Up\":false,\"Down\":false}}},\"path_snap_data\":{},\"color\":{\"B\":255,\"G\":255,\"R\":255,\"A\":255},\"mute\":false,\"pass\":false,\"Origin\":\"-432, 72\",\"SerializablePathTo\":[69],\"SerializablePathFrom\":[67],\"PathMode\":0,\"SignalMode\":0,\"Start\":false}"}
{"type":1,"json":"{\"id\":67,\"label\":\"\",\"midi_data\":{\"Primary\":54,\"Secondary\":100,\"Channel\":1,\"Duration\":1.0,\"Repeat\":0,\"Root\":0,\"Scale\":0},\"relative_midi_data\":{\"Primary\":12,\"RangedPrimary\":1,\"Secondary\":40,\"Channel\":0,\"Duration\":2.0,\"Repeat\":0,\"Root\":7,\"Scale\":1,\"RangeFields\":{\"Primary\":{\"Up\":true,\"Down\":false},\"Secondary\":{\"Up\":true,\"Down\":true},\"Channel\":{\"Up\":false,\"Down\":false},\"Duration\":{\"Up\":true,\"Down\":false},\"Repeat\":{\"Up\":false,\"Down\":false}}},\"path_snap_data\":{},\"color\":{\"B\":255,\"G\":255,\"R\":255,\"A\":255},\"mute\":false,\"pass\":false,\"Origin\":\"72, -432\",\"SerializablePathTo\":[68],\"SerializablePathFrom\":[66],\"PathMode\":0,\"SignalMode\":0,\"Start\":true}"}
{"type":1,"json":"{\"id\":66,\"label\":\"\",\"midi_data\":{\"Primary\":54,\"Secondary\":100,\"Channel\":1,\"Duration\":1.0,\"Repeat\":0,\"Root\":0,\"Scale\":0},\"relative_midi_data\":{\"Primary\":12,\"RangedPrimary\":12,\"Secondary\":40,\"Channel\":0,\"Duration\":2.0,\"Repeat\":0,\"Root\":7,\"Scale\":1,\"RangeFields\":{\"Primary\":{\"Up\":true,\"Down\":false},\"Secondary\":{\"Up\":true,\"Down\":true},\"Channel\":{\"Up\":false,\"Down\":false},\"Duration\":{\"Up\":true,\"Down\":false},\"Repeat\":{\"Up\":false,\"Down\":false}}},\"path_snap_data\":{},\"color\":{\"B\":255,\"G\":255,\"R\":255,\"A\":255},\"mute\":false,\"pass\":false,\"Origin\":\"576, 72\",\"SerializablePathTo\":[67],\"SerializablePathFrom\":[69],\"PathMode\":0,\"SignalMode\":0,\"Start\":false}"}
{"type":1,"json":"{\"id\":65,\"label\":\"\",\"midi_data\":{\"Primary\":54,\"Secondary\":100,\"Channel\":1,\"Duration\":1.0,\"Repeat\":0,\"Root\":0,\"Scale\":0},\"relative_midi_data\":{\"Primary\":12,\"RangedPrimary\":11,\"Secondary\":40,\"Channel\":0,\"Duration\":2.0,\"Repeat\":0,\"Root\":7,\"Scale\":1,\"RangeFields\":{\"Primary\":{\"Up\":true,\"Down\":false},\"Secondary\":{\"Up\":true,\"Down\":true},\"Channel\":{\"Up\":false,\"Down\":false},\"Duration\":{\"Up\":true,\"Down\":false},\"Repeat\":{\"Up\":false,\"Down\":false}}},\"path_snap_data\":{},\"color\":{\"B\":255,\"G\":255,\"R\":255,\"A\":255},\"mute\":false,\"pass\":false,\"Origin\":\"288, 432\",\"SerializablePathTo\":[62],\"SerializablePathFrom\":[64],\"PathMode\":0,\"SignalMode\":0,\"Start\":false}"}
{"type":1,"json":"{\"id\":64,\"label\":\"\",\"midi_data\":{\"Primary\":54,\"Secondary\":100,\"Channel\":1,\"Duration\":1.0,\"Repeat\":0,\"Root\":0,\"Scale\":0},\"relative_midi_data\":{\"Primary\":12,\"RangedPrimary\":2,\"Secondary\":40,\"Channel\":0,\"Duration\":2.0,\"Repeat\":0,\"Root\":7,\"Scale\":1,\"RangeFields\":{\"Primary\":{\"Up\":true,\"Down\":false},\"Secondary\":{\"Up\":true,\"Down\":true},\"Channel\":{\"Up\":false,\"Down\":false},\"Duration\":{\"Up\":true,\"Down\":false},\"Repeat\":{\"Up\":false,\"Down\":false}}},\"path_snap_data\":{},\"color\":{\"B\":255,\"G\":255,\"R\":255,\"A\":255},\"mute\":false,\"pass\":false,\"Origin\":\"-144, 432\",\"SerializablePathTo\":[65],\"SerializablePathFrom\":[63],\"PathMode\":0,\"SignalMode\":0,\"Start\":false}"}
{"type":1,"json":"{\"id\":63,\"label\":\"\",\"midi_data\":{\"Primary\":54,\"Secondary\":100,\"Channel\":1,\"Duration\":1.0,\"Repeat\":0,\"Root\":0,\"Scale\":0},\"relative_midi_data\":{\"Primary\":12,\"RangedPrimary\":1,\"Secondary\":40,\"Channel\":0,\"Duration\":2.0,\"Repeat\":0,\"Root\":7,\"Scale\":1,\"RangeFields\":{\"Primary\":{\"Up\":true,\"Down\":false},\"Secondary\":{\"Up\":true,\"Down\":true},\"Channel\":{\"Up\":false,\"Down\":false},\"Duration\":{\"Up\":true,\"Down\":false},\"Repeat\":{\"Up\":false,\"Down\":false}}},\"path_snap_data\":{},\"color\":{\"B\":255,\"G\":255,\"R\":255,\"A\":255},\"mute\":false,\"pass\":false,\"Origin\":\"-144, -288\",\"SerializablePathTo\":[64],\"SerializablePathFrom\":[62],\"PathMode\":0,\"SignalMode\":0,\"Start\":true}"}
{"type":1,"json":"{\"id\":62,\"label\":\"\",\"midi_data\":{\"Primary\":54,\"Secondary\":100,\"Channel\":1,\"Duration\":1.0,\"Repeat\":0,\"Root\":0,\"Scale\":0},\"relative_midi_data\":{\"Primary\":12,\"RangedPrimary\":6,\"Secondary\":40,\"Channel\":0,\"Duration\":2.0,\"Repeat\":0,\"Root\":7,\"Scale\":1,\"RangeFields\":{\"Primary\":{\"Up\":true,\"Down\":false},\"Secondary\":{\"Up\":true,\"Down\":true},\"Channel\":{\"Up\":false,\"Down\":false},\"Duration\":{\"Up\":true,\"Down\":false},\"Repeat\":{\"Up\":false,\"Down\":false}}},\"path_snap_data\":{},\"color\":{\"B\":255,\"G\":255,\"R\":255,\"A\":255},\"mute\":false,\"pass\":false,\"Origin\":\"288, -288\",\"SerializablePathTo\":[63],\"SerializablePathFrom\":[65],\"PathMode\":0,\"SignalMode\":0,\"Start\":false}"}
{"type":1,"json":"{\"id\":61,\"label\":\"\",\"midi_data\":{\"Primary\":54,\"Secondary\":100,\"Channel\":1,\"Duration\":1.0,\"Repeat\":0,\"Root\":0,\"Scale\":0},\"relative_midi_data\":{\"Primary\":12,\"RangedPrimary\":54,\"Secondary\":40,\"Channel\":0,\"Duration\":2.0,\"Repeat\":0,\"Root\":7,\"Scale\":1,\"RangeFields\":{\"Primary\":{\"Up\":true,\"Down\":false},\"Secondary\":{\"Up\":true,\"Down\":true},\"Channel\":{\"Up\":false,\"Down\":false},\"Duration\":{\"Up\":true,\"Down\":false},\"Repeat\":{\"Up\":false,\"Down\":false}}},\"path_snap_data\":{},\"color\":{\"B\":255,\"G\":255,\"R\":255,\"A\":255},\"mute\":false,\"pass\":false,\"Origin\":\"288, 72\",\"SerializablePathTo\":[58],\"SerializablePathFrom\":[60],\"PathMode\":0,\"SignalMode\":0,\"Start\":false}"}
{"type":1,"json":"{\"id\":60,\"label\":\"\",\"midi_data\":{\"Primary\":54,\"Secondary\":100,\"Channel\":1,\"Duration\":1.0,\"Repeat\":0,\"Root\":0,\"Scale\":0},\"relative_midi_data\":{\"Primary\":12,\"RangedPrimary\":54,\"Secondary\":40,\"Channel\":0,\"Duration\":2.0,\"Repeat\":0,\"Root\":7,\"Scale\":1,\"RangeFields\":{\"Primary\":{\"Up\":true,\"Down\":false},\"Secondary\":{\"Up\":true,\"Down\":true},\"Channel\":{\"Up\":false,\"Down\":false},\"Duration\":{\"Up\":true,\"Down\":false},\"Repeat\":{\"Up\":false,\"Down\":false}}},\"path_snap_data\":{},\"color\":{\"B\":255,\"G\":255,\"R\":255,\"A\":255},\"mute\":false,\"pass\":false,\"Origin\":\"72, 288\",\"SerializablePathTo\":[61],\"SerializablePathFrom\":[59],\"PathMode\":0,\"SignalMode\":0,\"Start\":false}"}
{"type":1,"json":"{\"id\":59,\"label\":\"\",\"midi_data\":{\"Primary\":54,\"Secondary\":100,\"Channel\":1,\"Duration\":1.0,\"Repeat\":0,\"Root\":0,\"Scale\":0},\"relative_midi_data\":{\"Primary\":12,\"RangedPrimary\":54,\"Secondary\":40,\"Channel\":0,\"Duration\":2.0,\"Repeat\":0,\"Root\":7,\"Scale\":1,\"RangeFields\":{\"Primary\":{\"Up\":true,\"Down\":false},\"Secondary\":{\"Up\":true,\"Down\":true},\"Channel\":{\"Up\":false,\"Down\":false},\"Duration\":{\"Up\":true,\"Down\":false},\"Repeat\":{\"Up\":false,\"Down\":false}}},\"path_snap_data\":{},\"color\":{\"B\":255,\"G\":255,\"R\":255,\"A\":255},\"mute\":false,\"pass\":false,\"Origin\":\"-144, 72\",\"SerializablePathTo\":[60],\"SerializablePathFrom\":[58],\"PathMode\":0,\"SignalMode\":0,\"Start\":false}"}
{"type":1,"json":"{\"id\":58,\"label\":\"\",\"midi_data\":{\"Primary\":54,\"Secondary\":100,\"Channel\":1,\"Duration\":1.0,\"Repeat\":0,\"Root\":0,\"Scale\":0},\"relative_midi_data\":{\"Primary\":12,\"RangedPrimary\":54,\"Secondary\":40,\"Channel\":0,\"Duration\":2.0,\"Repeat\":0,\"Root\":7,\"Scale\":1,\"RangeFields\":{\"Primary\":{\"Up\":true,\"Down\":false},\"Secondary\":{\"Up\":true,\"Down\":true},\"Channel\":{\"Up\":false,\"Down\":false},\"Duration\":{\"Up\":true,\"Down\":false},\"Repeat\":{\"Up\":false,\"Down\":false}}},\"path_snap_data\":{},\"color\":{\"B\":255,\"G\":255,\"R\":255,\"A\":255},\"mute\":false,\"pass\":false,\"Origin\":\"72, -144\",\"SerializablePathTo\":[59],\"SerializablePathFrom\":[61],\"PathMode\":0,\"SignalMode\":0,\"Start\":false}"}
{"type":1,"json":"{\"id\":57,\"label\":\"\",\"midi_data\":{\"Primary\":54,\"Secondary\":100,\"Channel\":1,\"Duration\":1.0,\"Repeat\":0,\"Root\":0,\"Scale\":0},\"relative_midi_data\":{\"Primary\":12,\"RangedPrimary\":10,\"Secondary\":40,\"Channel\":0,\"Duration\":2.0,\"Repeat\":0,\"Root\":7,\"Scale\":1,\"RangeFields\":{\"Primary\":{\"Up\":true,\"Down\":false},\"Secondary\":{\"Up\":true,\"Down\":true},\"Channel\":{\"Up\":false,\"Down\":false},\"Duration\":{\"Up\":true,\"Down\":false},\"Repeat\":{\"Up\":false,\"Down\":false}}},\"path_snap_data\":{},\"color\":{\"B\":255,\"G\":255,\"R\":255,\"A\":255},\"mute\":false,\"pass\":false,\"Origin\":\"216, -72\",\"SerializablePathTo\":[54],\"SerializablePathFrom\":[56],\"PathMode\":0,\"SignalMode\":0,\"Start\":false}"}
{"type":1,"json":"{\"id\":56,\"label\":\"\",\"midi_data\":{\"Primary\":54,\"Secondary\":100,\"Channel\":1,\"Duration\":1.0,\"Repeat\":0,\"Root\":0,\"Scale\":0},\"relative_midi_data\":{\"Primary\":12,\"RangedPrimary\":1,\"Secondary\":40,\"Channel\":0,\"Duration\":2.0,\"Repeat\":0,\"Root\":7,\"Scale\":1,\"RangeFields\":{\"Primary\":{\"Up\":true,\"Down\":false},\"Secondary\":{\"Up\":true,\"Down\":true},\"Channel\":{\"Up\":false,\"Down\":false},\"Duration\":{\"Up\":true,\"Down\":false},\"Repeat\":{\"Up\":false,\"Down\":false}}},\"path_snap_data\":{},\"color\":{\"B\":255,\"G\":255,\"R\":255,\"A\":255},\"mute\":false,\"pass\":false,\"Origin\":\"216, 216\",\"SerializablePathTo\":[57],\"SerializablePathFrom\":[55],\"PathMode\":0,\"SignalMode\":0,\"Start\":false}"}
{"type":1,"json":"{\"id\":55,\"label\":\"\",\"midi_data\":{\"Primary\":54,\"Secondary\":100,\"Channel\":1,\"Duration\":1.0,\"Repeat\":0,\"Root\":0,\"Scale\":0},\"relative_midi_data\":{\"Primary\":12,\"RangedPrimary\":5,\"Secondary\":40,\"Channel\":0,\"Duration\":2.0,\"Repeat\":0,\"Root\":7,\"Scale\":1,\"RangeFields\":{\"Primary\":{\"Up\":true,\"Down\":false},\"Secondary\":{\"Up\":true,\"Down\":true},\"Channel\":{\"Up\":false,\"Down\":false},\"Duration\":{\"Up\":true,\"Down\":false},\"Repeat\":{\"Up\":false,\"Down\":false}}},\"path_snap_data\":{},\"color\":{\"B\":255,\"G\":255,\"R\":255,\"A\":255},\"mute\":false,\"pass\":false,\"Origin\":\"-72, 216\",\"SerializablePathTo\":[56],\"SerializablePathFrom\":[54],\"PathMode\":0,\"SignalMode\":0,\"Start\":false}"}
{"type":1,"json":"{\"id\":54,\"label\":\"\",\"midi_data\":{\"Primary\":54,\"Secondary\":100,\"Channel\":1,\"Duration\":1.0,\"Repeat\":0,\"Root\":0,\"Scale\":0},\"relative_midi_data\":{\"Primary\":12,\"RangedPrimary\":0,\"Secondary\":40,\"Channel\":0,\"Duration\":2.0,\"Repeat\":0,\"Root\":7,\"Scale\":1,\"RangeFields\":{\"Primary\":{\"Up\":true,\"Down\":false},\"Secondary\":{\"Up\":true,\"Down\":true},\"Channel\":{\"Up\":false,\"Down\":false},\"Duration\":{\"Up\":true,\"Down\":false},\"Repeat\":{\"Up\":false,\"Down\":false}}},\"path_snap_data\":{},\"color\":{\"B\":255,\"G\":255,\"R\":255,\"A\":255},\"mute\":false,\"pass\":false,\"Origin\":\"-72, -72\",\"SerializablePathTo\":[55],\"SerializablePathFrom\":[57],\"PathMode\":0,\"SignalMode\":0,\"Start\":true}"}
{"type":1,"json":"{\"id\":53,\"label\":\"\",\"midi_data\":{\"Primary\":54,\"Secondary\":100,\"Channel\":1,\"Duration\":1.0,\"Repeat\":0,\"Root\":0,\"Scale\":0},\"relative_midi_data\":{\"Primary\":12,\"RangedPrimary\":9,\"Secondary\":40,\"Channel\":0,\"Duration\":2.0,\"Repeat\":0,\"Root\":7,\"Scale\":1,\"RangeFields\":{\"Primary\":{\"Up\":true,\"Down\":false},\"Secondary\":{\"Up\":true,\"Down\":true},\"Channel\":{\"Up\":false,\"Down\":false},\"Duration\":{\"Up\":true,\"Down\":false},\"Repeat\":{\"Up\":false,\"Down\":false}}},\"path_snap_data\":{},\"color\":{\"B\":255,\"G\":255,\"R\":255,\"A\":255},\"mute\":false,\"pass\":false,\"Origin\":\"144, 0\",\"SerializablePathTo\":[50],\"SerializablePathFrom\":[52],\"PathMode\":0,\"SignalMode\":0,\"Start\":false}"}
{"type":1,"json":"{\"id\":52,\"label\":\"\",\"midi_data\":{\"Primary\":54,\"Secondary\":100,\"Channel\":1,\"Duration\":1.0,\"Repeat\":0,\"Root\":0,\"Scale\":0},\"relative_midi_data\":{\"Primary\":12,\"RangedPrimary\":2,\"Secondary\":40,\"Channel\":0,\"Duration\":2.0,\"Repeat\":0,\"Root\":7,\"Scale\":1,\"RangeFields\":{\"Primary\":{\"Up\":true,\"Down\":false},\"Secondary\":{\"Up\":true,\"Down\":true},\"Channel\":{\"Up\":false,\"Down\":false},\"Duration\":{\"Up\":true,\"Down\":false},\"Repeat\":{\"Up\":false,\"Down\":false}}},\"path_snap_data\":{},\"color\":{\"B\":255,\"G\":255,\"R\":255,\"A\":255},\"mute\":false,\"pass\":false,\"Origin\":\"144, 144\",\"SerializablePathTo\":[53],\"SerializablePathFrom\":[51],\"PathMode\":0,\"SignalMode\":0,\"Start\":false}"}
{"type":1,"json":"{\"id\":51,\"label\":\"\",\"midi_data\":{\"Primary\":54,\"Secondary\":100,\"Channel\":1,\"Duration\":1.0,\"Repeat\":0,\"Root\":0,\"Scale\":0},\"relative_midi_data\":{\"Primary\":12,\"RangedPrimary\":0,\"Secondary\":40,\"Channel\":0,\"Duration\":2.0,\"Repeat\":0,\"Root\":7,\"Scale\":1,\"RangeFields\":{\"Primary\":{\"Up\":true,\"Down\":false},\"Secondary\":{\"Up\":true,\"Down\":true},\"Channel\":{\"Up\":false,\"Down\":false},\"Duration\":{\"Up\":true,\"Down\":false},\"Repeat\":{\"Up\":false,\"Down\":false}}},\"path_snap_data\":{},\"color\":{\"B\":255,\"G\":255,\"R\":255,\"A\":255},\"mute\":false,\"pass\":false,\"Origin\":\"0, 144\",\"SerializablePathTo\":[52],\"SerializablePathFrom\":[50],\"PathMode\":0,\"SignalMode\":0,\"Start\":false}"}
{"type":1,"json":"{\"id\":98,\"label\":\"\",\"midi_data\":{\"Primary\":54,\"Secondary\":100,\"Channel\":1,\"Duration\":1.0,\"Repeat\":0,\"Root\":0,\"Scale\":0},\"relative_midi_data\":{\"Primary\":12,\"RangedPrimary\":11,\"Secondary\":40,\"Channel\":0,\"Duration\":2.0,\"Repeat\":0,\"Root\":7,\"Scale\":1,\"RangeFields\":{\"Primary\":{\"Up\":true,\"Down\":false},\"Secondary\":{\"Up\":true,\"Down\":true},\"Channel\":{\"Up\":false,\"Down\":false},\"Duration\":{\"Up\":true,\"Down\":false},\"Repeat\":{\"Up\":false,\"Down\":false}}},\"path_snap_data\":{},\"color\":{\"B\":255,\"G\":255,\"R\":255,\"A\":255},\"mute\":false,\"pass\":false,\"Origin\":\"432, 432\",\"SerializablePathTo\":[99],\"SerializablePathFrom\":[101],\"PathMode\":0,\"SignalMode\":0,\"Start\":true}"}
{"type":1,"json":"{\"id\":99,\"label\":\"\",\"midi_data\":{\"Primary\":54,\"Secondary\":100,\"Channel\":1,\"Duration\":1.0,\"Repeat\":0,\"Root\":0,\"Scale\":0},\"relative_midi_data\":{\"Primary\":12,\"RangedPrimary\":10,\"Secondary\":40,\"Channel\":0,\"Duration\":2.0,\"Repeat\":0,\"Root\":7,\"Scale\":1,\"RangeFields\":{\"Primary\":{\"Up\":true,\"Down\":false},\"Secondary\":{\"Up\":true,\"Down\":true},\"Channel\":{\"Up\":false,\"Down\":false},\"Duration\":{\"Up\":true,\"Down\":false},\"Repeat\":{\"Up\":false,\"Down\":false}}},\"path_snap_data\":{},\"color\":{\"B\":255,\"G\":255,\"R\":255,\"A\":255},\"mute\":false,\"pass\":false,\"Origin\":\"432, -288\",\"SerializablePathTo\":[100],\"SerializablePathFrom\":[98],\"PathMode\":0,\"SignalMode\":0,\"Start\":false}"}
{"type":1,"json":"{\"id\":100,\"label\":\"\",\"midi_data\":{\"Primary\":54,\"Secondary\":100,\"Channel\":1,\"Duration\":1.0,\"Repeat\":0,\"Root\":0,\"Scale\":0},\"relative_midi_data\":{\"Primary\":12,\"RangedPrimary\":6,\"Secondary\":40,\"Channel\":0,\"Duration\":2.0,\"Repeat\":0,\"Root\":7,\"Scale\":1,\"RangeFields\":{\"Primary\":{\"Up\":true,\"Down\":false},\"Secondary\":{\"Up\":true,\"Down\":true},\"Channel\":{\"Up\":false,\"Down\":false},\"Duration\":{\"Up\":true,\"Down\":false},\"Repeat\":{\"Up\":false,\"Down\":false}}},\"path_snap_data\":{},\"color\":{\"B\":255,\"G\":255,\"R\":255,\"A\":255},\"mute\":false,\"pass\":false,\"Origin\":\"-288, -288\",\"SerializablePathTo\":[101],\"SerializablePathFrom\":[99],\"PathMode\":0,\"SignalMode\":0,\"Start\":false}"}
{"type":1,"json":"{\"id\":101,\"label\":\"\",\"midi_data\":{\"Primary\":54,\"Secondary\":100,\"Channel\":1,\"Duration\":1.0,\"Repeat\":0,\"Root\":0,\"Scale\":0},\"relative_midi_data\":{\"Primary\":12,\"RangedPrimary\":4,\"Secondary\":40,\"Channel\":0,\"Duration\":2.0,\"Repeat\":0,\"Root\":7,\"Scale\":1,\"RangeFields\":{\"Primary\":{\"Up\":true,\"Down\":false},\"Secondary\":{\"Up\":true,\"Down\":true},\"Channel\":{\"Up\":false,\"Down\":false},\"Duration\":{\"Up\":true,\"Down\":false},\"Repeat\":{\"Up\":false,\"Down\":false}}},\"path_snap_data\":{},\"color\":{\"B\":255,\"G\":255,\"R\":255,\"A\":255},\"mute\":false,\"pass\":false,\"Origin\":\"-288, 432\",\"SerializablePathTo\":[98],\"SerializablePathFrom\":[100],\"PathMode\":0,\"SignalMode\":0,\"Start\":false}"}
{"type":1,"json":"{\"id\":102,\"label\":\"\",\"midi_data\":{\"Primary\":54,\"Secondary\":100,\"Channel\":1,\"Duration\":1.0,\"Repeat\":0,\"Root\":0,\"Scale\":0},\"relative_midi_data\":{\"Primary\":12,\"RangedPrimary\":0,\"Secondary\":40,\"Channel\":0,\"Duration\":2.0,\"Repeat\":0,\"Root\":7,\"Scale\":1,\"RangeFields\":{\"Primary\":{\"Up\":true,\"Down\":false},\"Secondary\":{\"Up\":true,\"Down\":true},\"Channel\":{\"Up\":false,\"Down\":false},\"Duration\":{\"Up\":true,\"Down\":false},\"Repeat\":{\"Up\":false,\"Down\":false}}},\"path_snap_data\":{},\"color\":{\"B\":255,\"G\":255,\"R\":255,\"A\":255},\"mute\":false,\"pass\":false,\"Origin\":\"72, -360\",\"SerializablePathTo\":[103],\"SerializablePathFrom\":[105],\"PathMode\":0,\"SignalMode\":0,\"Start\":false}"}
{"type":1,"json":"{\"id\":103,\"label\":\"\",\"midi_data\":{\"Primary\":54,\"Secondary\":100,\"Channel\":1,\"Duration\":1.0,\"Repeat\":0,\"Root\":0,\"Scale\":0},\"relative_midi_data\":{\"Primary\":12,\"RangedPrimary\":0,\"Secondary\":40,\"Channel\":0,\"Duration\":2.0,\"Repeat\":0,\"Root\":7,\"Scale\":1,\"RangeFields\":{\"Primary\":{\"Up\":true,\"Down\":false},\"Secondary\":{\"Up\":true,\"Down\":true},\"Channel\":{\"Up\":false,\"Down\":false},\"Duration\":{\"Up\":true,\"Down\":false},\"Repeat\":{\"Up\":false,\"Down\":false}}},\"path_snap_data\":{},\"color\":{\"B\":255,\"G\":255,\"R\":255,\"A\":255},\"mute\":false,\"pass\":false,\"Origin\":\"-360, 72\",\"SerializablePathTo\":[104],\"SerializablePathFrom\":[102],\"PathMode\":0,\"SignalMode\":0,\"Start\":false}"}
{"type":1,"json":"{\"id\":104,\"label\":\"\",\"midi_data\":{\"Primary\":54,\"Secondary\":100,\"Channel\":1,\"Duration\":1.0,\"Repeat\":0,\"Root\":0,\"Scale\":0},\"relative_midi_data\":{\"Primary\":12,\"RangedPrimary\":0,\"Secondary\":40,\"Channel\":0,\"Duration\":2.0,\"Repeat\":0,\"Root\":7,\"Scale\":1,\"RangeFields\":{\"Primary\":{\"Up\":true,\"Down\":false},\"Secondary\":{\"Up\":true,\"Down\":true},\"Channel\":{\"Up\":false,\"Down\":false},\"Duration\":{\"Up\":true,\"Down\":false},\"Repeat\":{\"Up\":false,\"Down\":false}}},\"path_snap_data\":{},\"color\":{\"B\":255,\"G\":255,\"R\":255,\"A\":255},\"mute\":false,\"pass\":false,\"Origin\":\"72, 504\",\"SerializablePathTo\":[105],\"SerializablePathFrom\":[103],\"PathMode\":0,\"SignalMode\":0,\"Start\":false}"}
{"type":1,"json":"{\"id\":105,\"label\":\"\",\"midi_data\":{\"Primary\":54,\"Secondary\":100,\"Channel\":1,\"Duration\":1.0,\"Repeat\":0,\"Root\":0,\"Scale\":0},\"relative_midi_data\":{\"Primary\":12,\"RangedPrimary\":0,\"Secondary\":40,\"Channel\":0,\"Duration\":2.0,\"Repeat\":0,\"Root\":7,\"Scale\":1,\"RangeFields\":{\"Primary\":{\"Up\":true,\"Down\":false},\"Secondary\":{\"Up\":true,\"Down\":true},\"Channel\":{\"Up\":false,\"Down\":false},\"Duration\":{\"Up\":true,\"Down\":false},\"Repeat\":{\"Up\":false,\"Down\":false}}},\"path_snap_data\":{},\"color\":{\"B\":255,\"G\":255,\"R\":255,\"A\":255},\"mute\":false,\"pass\":false,\"Origin\":\"504, 72\",\"SerializablePathTo\":[102],\"SerializablePathFrom\":[104],\"PathMode\":0,\"SignalMode\":0,\"Start\":false}"}
{"type":5,"json":"{\"source_id\":93,\"target_id\":94,\"origin_part\":3,\"destination_part\":1,\"origin_position\":3,\"weight\":1,\"PathMode\":0}"}
{"type":5,"json":"{\"source_id\":62,\"target_id\":63,\"origin_part\":2,\"destination_part\":3,\"origin_position\":9,\"weight\":1,\"PathMode\":0}"}
{"type":5,"json":"{\"source_id\":54,\"target_id\":55,\"origin_part\":1,\"destination_part\":0,\"origin_position\":6,\"weight\":1,\"PathMode\":0}"}
{"type":5,"json":"{\"source_id\":110,\"target_id\":111,\"origin_part\":1,\"destination_part\":0,\"origin_position\":7,\"weight\":1,\"PathMode\":2}"}
{"type":5,"json":"{\"source_id\":105,\"target_id\":102,\"origin_part\":2,\"destination_part\":1,\"origin_position\":9,\"weight\":1,\"PathMode\":0}"}
{"type":5,"json":"{\"source_id\":115,\"target_id\":112,\"origin_part\":1,\"destination_part\":0,\"origin_position\":6,\"weight\":1,\"PathMode\":1}"}
{"type":5,"json":"{\"source_id\":92,\"target_id\":93,\"origin_part\":3,\"destination_part\":2,\"origin_position\":3,\"weight\":1,\"PathMode\":0}"}
{"type":5,"json":"{\"source_id\":63,\"target_id\":64,\"origin_part\":1,\"destination_part\":0,\"origin_position\":6,\"weight\":1,\"PathMode\":0}"}
{"type":5,"json":"{\"source_id\":69,\"target_id\":66,\"origin_part\":3,\"destination_part\":1,\"origin_position\":3,\"weight\":1,\"PathMode\":0}"}
{"type":5,"json":"{\"source_id\":102,\"target_id\":103,\"origin_part\":2,\"destination_part\":0,\"origin_position\":9,\"weight\":1,\"PathMode\":0}"}
{"type":5,"json":"{\"source_id\":99,\"target_id\":100,\"origin_part\":2,\"destination_part\":3,\"origin_position\":9,\"weight\":1,\"PathMode\":0}"}
{"type":5,"json":"{\"source_id\":87,\"target_id\":88,\"origin_part\":0,\"destination_part\":1,\"origin_position\":0,\"weight\":1,\"PathMode\":0}"}
{"type":5,"json":"{\"source_id\":59,\"target_id\":60,\"origin_part\":3,\"destination_part\":0,\"origin_position\":3,\"weight\":1,\"PathMode\":0}"}
{"type":5,"json":"{\"source_id\":80,\"target_id\":81,\"origin_part\":0,\"destination_part\":1,\"origin_position\":0,\"weight\":1,\"PathMode\":0}"}
{"type":5,"json":"{\"source_id\":108,\"target_id\":112,\"origin_part\":2,\"destination_part\":3,\"origin_position\":9,\"weight\":1,\"PathMode\":1}"}
{"type":5,"json":"{\"source_id\":79,\"target_id\":80,\"origin_part\":3,\"destination_part\":2,\"origin_position\":3,\"weight\":1,\"PathMode\":0}"}
{"type":5,"json":"{\"source_id\":103,\"target_id\":104,\"origin_part\":3,\"destination_part\":0,\"origin_position\":3,\"weight\":1,\"PathMode\":0}"}
{"type":5,"json":"{\"source_id\":76,\"target_id\":77,\"origin_part\":2,\"destination_part\":1,\"origin_position\":9,\"weight\":1,\"PathMode\":0}"}
{"type":5,"json":"{\"source_id\":67,\"target_id\":68,\"origin_part\":2,\"destination_part\":0,\"origin_position\":9,\"weight\":1,\"PathMode\":0}"}
{"type":5,"json":"{\"source_id\":51,\"target_id\":52,\"origin_part\":3,\"destination_part\":2,\"origin_position\":3,\"weight\":1,\"PathMode\":0}"}
{"type":5,"json":"{\"source_id\":115,\"target_id\":107,\"origin_part\":3,\"destination_part\":2,\"origin_position\":3,\"weight\":1,\"PathMode\":1}"}
{"type":5,"json":"{\"source_id\":52,\"target_id\":53,\"origin_part\":0,\"destination_part\":1,\"origin_position\":0,\"weight\":1,\"PathMode\":0}"}
{"type":5,"json":"{\"source_id\":60,\"target_id\":61,\"origin_part\":3,\"destination_part\":1,\"origin_position\":3,\"weight\":1,\"PathMode\":0}"}
{"type":5,"json":"{\"source_id\":65,\"target_id\":62,\"origin_part\":0,\"destination_part\":1,\"origin_position\":0,\"weight\":1,\"PathMode\":0}"}
{"type":5,"json":"{\"source_id\":95,\"target_id\":96,\"origin_part\":2,\"destination_part\":1,\"origin_position\":9,\"weight\":1,\"PathMode\":0}"}
{"type":5,"json":"{\"source_id\":100,\"target_id\":101,\"origin_part\":1,\"destination_part\":0,\"origin_position\":6,\"weight\":1,\"PathMode\":0}"}
{"type":5,"json":"{\"source_id\":98,\"target_id\":99,\"origin_part\":0,\"destination_part\":1,\"origin_position\":0,\"weight\":1,\"PathMode\":0}"}
{"type":5,"json":"{\"source_id\":112,\"target_id\":118,\"origin_part\":2,\"destination_part\":3,\"origin_position\":9,\"weight\":1,\"PathMode\":1}"}
{"type":5,"json":"{\"source_id\":73,\"target_id\":74,\"origin_part\":3,\"destination_part\":0,\"origin_position\":3,\"weight\":1,\"PathMode\":0}"}
{"type":5,"json":"{\"source_id\":53,\"target_id\":50,\"origin_part\":2,\"destination_part\":3,\"origin_position\":9,\"weight\":1,\"PathMode\":0}"}
{"type":5,"json":"{\"source_id\":56,\"target_id\":57,\"origin_part\":0,\"destination_part\":1,\"origin_position\":0,\"weight\":1,\"PathMode\":0}"}
{"type":5,"json":"{\"source_id\":71,\"target_id\":72,\"origin_part\":2,\"destination_part\":0,\"origin_position\":9,\"weight\":1,\"PathMode\":0}"}
{"type":5,"json":"{\"source_id\":68,\"target_id\":69,\"origin_part\":3,\"destination_part\":0,\"origin_position\":3,\"weight\":1,\"PathMode\":0}"}
{"type":5,"json":"{\"source_id\":97,\"target_id\":90,\"origin_part\":2,\"destination_part\":0,\"origin_position\":9,\"weight\":1,\"PathMode\":0}"}
{"type":5,"json":"{\"source_id\":57,\"target_id\":54,\"origin_part\":2,\"destination_part\":3,\"origin_position\":9,\"weight\":1,\"PathMode\":0}"}
{"type":5,"json":"{\"source_id\":64,\"target_id\":65,\"origin_part\":3,\"destination_part\":2,\"origin_position\":3,\"weight\":1,\"PathMode\":0}"}
{"type":5,"json":"{\"source_id\":101,\"target_id\":98,\"origin_part\":3,\"destination_part\":2,\"origin_position\":3,\"weight\":1,\"PathMode\":0}"}
{"type":5,"json":"{\"source_id\":77,\"target_id\":70,\"origin_part\":2,\"destination_part\":1,\"origin_position\":9,\"weight\":1,\"PathMode\":0}"}
{"type":5,"json":"{\"source_id\":83,\"target_id\":84,\"origin_part\":1,\"destination_part\":0,\"origin_position\":6,\"weight\":1,\"PathMode\":0}"}
{"type":5,"json":"{\"source_id\":90,\"target_id\":91,\"origin_part\":1,\"destination_part\":0,\"origin_position\":6,\"weight\":1,\"PathMode\":0}"}
{"type":5,"json":"{\"source_id\":85,\"target_id\":86,\"origin_part\":3,\"destination_part\":2,\"origin_position\":3,\"weight\":1,\"PathMode\":0}"}
{"type":5,"json":"{\"source_id\":109,\"target_id\":113,\"origin_part\":1,\"destination_part\":0,\"origin_position\":7,\"weight\":1,\"PathMode\":2}"}
{"type":5,"json":"{\"source_id\":81,\"target_id\":78,\"origin_part\":2,\"destination_part\":3,\"origin_position\":9,\"weight\":1,\"PathMode\":0}"}
{"type":5,"json":"{\"source_id\":61,\"target_id\":58,\"origin_part\":2,\"destination_part\":1,\"origin_position\":9,\"weight\":1,\"PathMode\":0}"}
{"type":5,"json":"{\"source_id\":88,\"target_id\":89,\"origin_part\":2,\"destination_part\":1,\"origin_position\":9,\"weight\":1,\"PathMode\":0}"}
{"type":5,"json":"{\"source_id\":96,\"target_id\":97,\"origin_part\":2,\"destination_part\":3,\"origin_position\":9,\"weight\":1,\"PathMode\":0}"}
{"type":5,"json":"{\"source_id\":66,\"target_id\":67,\"origin_part\":2,\"destination_part\":1,\"origin_position\":9,\"weight\":1,\"PathMode\":0}"}
{"type":5,"json":"{\"source_id\":75,\"target_id\":76,\"origin_part\":3,\"destination_part\":1,\"origin_position\":3,\"weight\":1,\"PathMode\":0}"}
{"type":5,"json":"{\"source_id\":113,\"target_id\":114,\"origin_part\":0,\"destination_part\":0,\"origin_position\":1,\"weight\":1,\"PathMode\":2}"}
{"type":5,"json":"{\"source_id\":111,\"target_id\":106,\"origin_part\":0,\"destination_part\":0,\"origin_position\":1,\"weight\":1,\"PathMode\":2}"}
{"type":5,"json":"{\"source_id\":58,\"target_id\":59,\"origin_part\":2,\"destination_part\":0,\"origin_position\":9,\"weight\":1,\"PathMode\":0}"}
{"type":5,"json":"{\"source_id\":89,\"target_id\":82,\"origin_part\":2,\"destination_part\":3,\"origin_position\":9,\"weight\":1,\"PathMode\":0}"}
{"type":5,"json":"{\"source_id\":72,\"target_id\":73,\"origin_part\":3,\"destination_part\":0,\"origin_position\":3,\"weight\":1,\"PathMode\":0}"}
{"type":5,"json":"{\"source_id\":55,\"target_id\":56,\"origin_part\":3,\"destination_part\":2,\"origin_position\":3,\"weight\":1,\"PathMode\":0}"}
{"type":5,"json":"{\"source_id\":70,\"target_id\":71,\"origin_part\":2,\"destination_part\":0,\"origin_position\":9,\"weight\":1,\"PathMode\":0}"}
{"type":5,"json":"{\"source_id\":112,\"target_id\":116,\"origin_part\":1,\"destination_part\":0,\"origin_position\":6,\"weight\":1,\"PathMode\":1}"}
{"type":5,"json":"{\"source_id\":84,\"target_id\":85,\"origin_part\":3,\"destination_part\":0,\"origin_position\":3,\"weight\":1,\"PathMode\":0}"}
{"type":5,"json":"{\"source_id\":91,\"target_id\":92,\"origin_part\":3,\"destination_part\":0,\"origin_position\":3,\"weight\":1,\"PathMode\":0}"}
{"type":5,"json":"{\"source_id\":82,\"target_id\":83,\"origin_part\":2,\"destination_part\":0,\"origin_position\":9,\"weight\":1,\"PathMode\":0}"}
{"type":5,"json":"{\"source_id\":74,\"target_id\":75,\"origin_part\":3,\"destination_part\":1,\"origin_position\":3,\"weight\":1,\"PathMode\":0}"}
{"type":5,"json":"{\"source_id\":104,\"target_id\":105,\"origin_part\":3,\"destination_part\":1,\"origin_position\":3,\"weight\":1,\"PathMode\":0}"}
{"type":5,"json":"{\"source_id\":86,\"target_id\":87,\"origin_part\":3,\"destination_part\":1,\"origin_position\":3,\"weight\":1,\"PathMode\":0}"}
{"type":5,"json":"{\"source_id\":78,\"target_id\":79,\"origin_part\":1,\"destination_part\":0,\"origin_position\":6,\"weight\":1,\"PathMode\":0}"}
{"type":5,"json":"{\"source_id\":117,\"target_id\":115,\"origin_part\":3,\"destination_part\":2,\"origin_position\":3,\"weight\":1,\"PathMode\":1}"}
{"type":5,"json":"{\"source_id\":50,\"target_id\":51,\"origin_part\":1,\"destination_part\":0,\"origin_position\":6,\"weight\":1,\"PathMode\":0}"}
{"type":5,"json":"{\"source_id\":94,\"target_id\":95,\"origin_part\":0,\"destination_part\":1,\"origin_position\":0,\"weight\":1,\"PathMode\":0}"}
{"type":6,"json":"{\"tempo\":175.0,\"grid_size\":4,\"beat_division\":4,\"beat_division_selector_index\":1,\"doc_scale\":1,\"scale_selector_index\":0,\"clock_source\":2,\"camera_position\":\"35.420837, -134.81274\"}"}
