{"type":0,"json":"\"1.0.5\""}
{"type":1,"json":"{\"id\":36,\"label\":\"\",\"midi_data\":{\"Primary\":34,\"Secondary\":100,\"Channel\":4,\"Duration\":1.0,\"Repeat\":0,\"Root\":0,\"Scale\":0},\"relative_midi_data\":{\"Primary\":0,\"RangedPrimary\":0,\"Secondary\":20,\"Channel\":1,\"Duration\":0.0,\"Repeat\":0,\"Root\":0,\"Scale\":0,\"RangeFields\":{\"Primary\":{\"Up\":false,\"Down\":false},\"Secondary\":{\"Up\":true,\"Down\":true},\"Channel\":{\"Up\":true,\"Down\":true},\"Duration\":{\"Up\":false,\"Down\":false},\"Repeat\":{\"Up\":false,\"Down\":false}}},\"path_snap_data\":{},\"color\":{\"B\":255,\"G\":255,\"R\":0,\"A\":255},\"mute\":false,\"pass\":false,\"Origin\":\"-1584, -360\",\"SerializablePathTo\":[27,34,28],\"SerializablePathFrom\":[35,34,31],\"PathMode\":2,\"SignalMode\":0,\"Start\":false}"}
{"type":1,"json":"{\"id\":35,\"label\":\"\",\"midi_data\":{\"Primary\":46,\"Secondary\":100,\"Channel\":4,\"Duration\":1.0,\"Repeat\":0,\"Root\":0,\"Scale\":0},\"relative_midi_data\":{\"Primary\":0,\"RangedPrimary\":0,\"Secondary\":20,\"Channel\":1,\"Duration\":0.0,\"Repeat\":0,\"Root\":0,\"Scale\":0,\"RangeFields\":{\"Primary\":{\"Up\":false,\"Down\":false},\"Secondary\":{\"Up\":true,\"Down\":true},\"Channel\":{\"Up\":true,\"Down\":true},\"Duration\":{\"Up\":false,\"Down\":false},\"Repeat\":{\"Up\":false,\"Down\":false}}},\"path_snap_data\":{},\"color\":{\"B\":255,\"G\":255,\"R\":0,\"A\":255},\"mute\":false,\"pass\":false,\"Origin\":\"-1584, -720\",\"SerializablePathTo\":[36,32],\"SerializablePathFrom\":[34,33,17,2],\"PathMode\":2,\"SignalMode\":0,\"Start\":false}"}
{"type":1,"json":"{\"id\":34,\"label\":\"\",\"midi_data\":{\"Primary\":48,\"Secondary\":100,\"Channel\":4,\"Duration\":1.0,\"Repeat\":0,\"Root\":0,\"Scale\":0},\"relative_midi_data\":{\"Primary\":0,\"RangedPrimary\":0,\"Secondary\":20,\"Channel\":1,\"Duration\":0.0,\"Repeat\":0,\"Root\":0,\"Scale\":0,\"RangeFields\":{\"Primary\":{\"Up\":false,\"Down\":false},\"Secondary\":{\"Up\":true,\"Down\":true},\"Channel\":{\"Up\":true,\"Down\":true},\"Duration\":{\"Up\":false,\"Down\":false},\"Repeat\":{\"Up\":false,\"Down\":false}}},\"path_snap_data\":{},\"color\":{\"B\":255,\"G\":255,\"R\":0,\"A\":255},\"mute\":false,\"pass\":false,\"Origin\":\"-1908, -468\",\"SerializablePathTo\":[18,35,36,25,20,12],\"SerializablePathFrom\":[33,31,36,3,17,6],\"PathMode\":2,\"SignalMode\":0,\"Start\":false}"}
{"type":1,"json":"{\"id\":33,\"label\":\"\",\"midi_data\":{\"Primary\":36,\"Secondary\":100,\"Channel\":4,\"Duration\":1.0,\"Repeat\":0,\"Root\":0,\"Scale\":0},\"relative_midi_data\":{\"Primary\":0,\"RangedPrimary\":0,\"Secondary\":20,\"Channel\":1,\"Duration\":0.0,\"Repeat\":0,\"Root\":0,\"Scale\":0,\"RangeFields\":{\"Primary\":{\"Up\":false,\"Down\":false},\"Secondary\":{\"Up\":true,\"Down\":true},\"Channel\":{\"Up\":true,\"Down\":true},\"Duration\":{\"Up\":false,\"Down\":false},\"Repeat\":{\"Up\":false,\"Down\":false}}},\"path_snap_data\":{},\"color\":{\"B\":255,\"G\":255,\"R\":0,\"A\":255},\"mute\":false,\"pass\":false,\"Origin\":\"-1872, -144\",\"SerializablePathTo\":[34,35,28,22,1,16],\"SerializablePathFrom\":[32,28,29,27],\"PathMode\":2,\"SignalMode\":0,\"Start\":false}"}
{"type":1,"json":"{\"id\":32,\"label\":\"\",\"midi_data\":{\"Primary\":41,\"Secondary\":100,\"Channel\":4,\"Duration\":1.0,\"Repeat\":0,\"Root\":0,\"Scale\":0},\"relative_midi_data\":{\"Primary\":0,\"RangedPrimary\":0,\"Secondary\":20,\"Channel\":1,\"Duration\":0.0,\"Repeat\":0,\"Root\":0,\"Scale\":0,\"RangeFields\":{\"Primary\":{\"Up\":false,\"Down\":false},\"Secondary\":{\"Up\":true,\"Down\":true},\"Channel\":{\"Up\":true,\"Down\":true},\"Duration\":{\"Up\":false,\"Down\":false},\"Repeat\":{\"Up\":false,\"Down\":false}}},\"path_snap_data\":{},\"color\":{\"B\":255,\"G\":255,\"R\":0,\"A\":255},\"mute\":false,\"pass\":false,\"Origin\":\"-1872, 0\",\"SerializablePathTo\":[29,14,33],\"SerializablePathFrom\":[31,35,25,9],\"PathMode\":2,\"SignalMode\":0,\"Start\":false}"}
{"type":1,"json":"{\"id\":31,\"label\":\"\",\"midi_data\":{\"Primary\":39,\"Secondary\":100,\"Channel\":4,\"Duration\":1.0,\"Repeat\":0,\"Root\":0,\"Scale\":0},\"relative_midi_data\":{\"Primary\":0,\"RangedPrimary\":0,\"Secondary\":20,\"Channel\":1,\"Duration\":0.0,\"Repeat\":0,\"Root\":0,\"Scale\":0,\"RangeFields\":{\"Primary\":{\"Up\":false,\"Down\":false},\"Secondary\":{\"Up\":true,\"Down\":true},\"Channel\":{\"Up\":true,\"Down\":true},\"Duration\":{\"Up\":false,\"Down\":false},\"Repeat\":{\"Up\":false,\"Down\":false}}},\"path_snap_data\":{},\"color\":{\"B\":255,\"G\":255,\"R\":0,\"A\":255},\"mute\":false,\"pass\":false,\"Origin\":\"-2160, 0\",\"SerializablePathTo\":[1,34,32,36,9,19,21],\"SerializablePathFrom\":[30,29,20,11],\"PathMode\":2,\"SignalMode\":0,\"Start\":false}"}
{"type":1,"json":"{\"id\":30,\"label\":\"\",\"midi_data\":{\"Primary\":55,\"Secondary\":100,\"Channel\":4,\"Duration\":1.0,\"Repeat\":0,\"Root\":0,\"Scale\":0},\"relative_midi_data\":{\"Primary\":0,\"RangedPrimary\":0,\"Secondary\":20,\"Channel\":1,\"Duration\":0.0,\"Repeat\":0,\"Root\":0,\"Scale\":0,\"RangeFields\":{\"Primary\":{\"Up\":false,\"Down\":false},\"Secondary\":{\"Up\":true,\"Down\":true},\"Channel\":{\"Up\":true,\"Down\":true},\"Duration\":{\"Up\":false,\"Down\":false},\"Repeat\":{\"Up\":false,\"Down\":false}}},\"path_snap_data\":{},\"color\":{\"B\":255,\"G\":255,\"R\":0,\"A\":255},\"mute\":false,\"pass\":false,\"Origin\":\"-1980, 252\",\"SerializablePathTo\":[16,31,21],\"SerializablePathFrom\":[29,9,1,4],\"PathMode\":2,\"SignalMode\":0,\"Start\":false}"}
{"type":1,"json":"{\"id\":29,\"label\":\"\",\"midi_data\":{\"Primary\":46,\"Secondary\":100,\"Channel\":4,\"Duration\":1.0,\"Repeat\":0,\"Root\":0,\"Scale\":0},\"relative_midi_data\":{\"Primary\":0,\"RangedPrimary\":0,\"Secondary\":20,\"Channel\":1,\"Duration\":0.0,\"Repeat\":0,\"Root\":0,\"Scale\":0,\"RangeFields\":{\"Primary\":{\"Up\":false,\"Down\":false},\"Secondary\":{\"Up\":true,\"Down\":true},\"Channel\":{\"Up\":true,\"Down\":true},\"Duration\":{\"Up\":false,\"Down\":false},\"Repeat\":{\"Up\":false,\"Down\":false}}},\"path_snap_data\":{},\"color\":{\"B\":255,\"G\":255,\"R\":0,\"A\":255},\"mute\":false,\"pass\":false,\"Origin\":\"-1584, 288\",\"SerializablePathTo\":[31,27,33,0,16,30],\"SerializablePathFrom\":[28,32,0,8,19,21,23],\"PathMode\":2,\"SignalMode\":0,\"Start\":false}"}
{"type":1,"json":"{\"id\":28,\"label\":\"\",\"midi_data\":{\"Primary\":36,\"Secondary\":100,\"Channel\":4,\"Duration\":1.0,\"Repeat\":0,\"Root\":0,\"Scale\":0},\"relative_midi_data\":{\"Primary\":0,\"RangedPrimary\":0,\"Secondary\":20,\"Channel\":1,\"Duration\":0.0,\"Repeat\":0,\"Root\":0,\"Scale\":0,\"RangeFields\":{\"Primary\":{\"Up\":false,\"Down\":false},\"Secondary\":{\"Up\":true,\"Down\":true},\"Channel\":{\"Up\":true,\"Down\":true},\"Duration\":{\"Up\":false,\"Down\":false},\"Repeat\":{\"Up\":false,\"Down\":false}}},\"path_snap_data\":{},\"color\":{\"B\":255,\"G\":255,\"R\":0,\"A\":255},\"mute\":false,\"pass\":false,\"Origin\":\"-1584, -144\",\"SerializablePathTo\":[29,8,23,11,33],\"SerializablePathFrom\":[36,21,18,33,8],\"PathMode\":2,\"SignalMode\":0,\"Start\":true}"}
{"type":1,"json":"{\"id\":27,\"label\":\"\",\"midi_data\":{\"Primary\":63,\"Secondary\":100,\"Channel\":2,\"Duration\":1.0,\"Repeat\":0,\"Root\":0,\"Scale\":0},\"relative_midi_data\":{\"Primary\":0,\"RangedPrimary\":0,\"Secondary\":20,\"Channel\":1,\"Duration\":0.0,\"Repeat\":0,\"Root\":0,\"Scale\":0,\"RangeFields\":{\"Primary\":{\"Up\":false,\"Down\":false},\"Secondary\":{\"Up\":true,\"Down\":true},\"Channel\":{\"Up\":true,\"Down\":true},\"Duration\":{\"Up\":false,\"Down\":false},\"Repeat\":{\"Up\":false,\"Down\":false}}},\"path_snap_data\":{},\"color\":{\"B\":155,\"G\":255,\"R\":255,\"A\":255},\"mute\":false,\"pass\":false,\"Origin\":\"-1296, -360\",\"SerializablePathTo\":[22,25,13,33,9],\"SerializablePathFrom\":[24,20,36,29,10,15],\"PathMode\":2,\"SignalMode\":2,\"Start\":false}"}
{"type":1,"json":"{\"id\":26,\"label\":\"\",\"midi_data\":{\"Primary\":67,\"Secondary\":100,\"Channel\":2,\"Duration\":1.0,\"Repeat\":0,\"Root\":0,\"Scale\":0},\"relative_midi_data\":{\"Primary\":0,\"RangedPrimary\":0,\"Secondary\":20,\"Channel\":1,\"Duration\":0.0,\"Repeat\":0,\"Root\":0,\"Scale\":0,\"RangeFields\":{\"Primary\":{\"Up\":false,\"Down\":false},\"Secondary\":{\"Up\":true,\"Down\":true},\"Channel\":{\"Up\":true,\"Down\":true},\"Duration\":{\"Up\":false,\"Down\":false},\"Repeat\":{\"Up\":false,\"Down\":false}}},\"path_snap_data\":{},\"color\":{\"B\":155,\"G\":255,\"R\":255,\"A\":255},\"mute\":false,\"pass\":false,\"Origin\":\"-1152, -432\",\"SerializablePathTo\":[20,21],\"SerializablePathFrom\":[23,22],\"PathMode\":2,\"SignalMode\":2,\"Start\":false}"}
{"type":1,"json":"{\"id\":25,\"label\":\"\",\"midi_data\":{\"Primary\":84,\"Secondary\":100,\"Channel\":2,\"Duration\":1.0,\"Repeat\":0,\"Root\":0,\"Scale\":0},\"relative_midi_data\":{\"Primary\":0,\"RangedPrimary\":0,\"Secondary\":20,\"Channel\":1,\"Duration\":0.0,\"Repeat\":0,\"Root\":0,\"Scale\":0,\"RangeFields\":{\"Primary\":{\"Up\":false,\"Down\":false},\"Secondary\":{\"Up\":true,\"Down\":true},\"Channel\":{\"Up\":true,\"Down\":true},\"Duration\":{\"Up\":false,\"Down\":false},\"Repeat\":{\"Up\":false,\"Down\":false}}},\"path_snap_data\":{},\"color\":{\"B\":155,\"G\":255,\"R\":255,\"A\":255},\"mute\":false,\"pass\":false,\"Origin\":\"-1008, -576\",\"SerializablePathTo\":[24,20,22,32,2],\"SerializablePathFrom\":[21,27,34],\"PathMode\":2,\"SignalMode\":2,\"Start\":true}"}
{"type":1,"json":"{\"id\":24,\"label\":\"\",\"midi_data\":{\"Primary\":75,\"Secondary\":100,\"Channel\":2,\"Duration\":1.0,\"Repeat\":0,\"Root\":0,\"Scale\":0},\"relative_midi_data\":{\"Primary\":0,\"RangedPrimary\":0,\"Secondary\":20,\"Channel\":1,\"Duration\":0.0,\"Repeat\":0,\"Root\":0,\"Scale\":0,\"RangeFields\":{\"Primary\":{\"Up\":false,\"Down\":false},\"Secondary\":{\"Up\":true,\"Down\":true},\"Channel\":{\"Up\":true,\"Down\":true},\"Duration\":{\"Up\":false,\"Down\":false},\"Repeat\":{\"Up\":false,\"Down\":false}}},\"path_snap_data\":{},\"color\":{\"B\":155,\"G\":255,\"R\":255,\"A\":255},\"mute\":false,\"pass\":false,\"Origin\":\"-1008, -324\",\"SerializablePathTo\":[27,23,9],\"SerializablePathFrom\":[25,23,13],\"PathMode\":2,\"SignalMode\":2,\"Start\":false}"}
{"type":1,"json":"{\"id\":23,\"label\":\"\",\"midi_data\":{\"Primary\":70,\"Secondary\":100,\"Channel\":2,\"Duration\":1.0,\"Repeat\":0,\"Root\":0,\"Scale\":0},\"relative_midi_data\":{\"Primary\":0,\"RangedPrimary\":0,\"Secondary\":20,\"Channel\":1,\"Duration\":0.0,\"Repeat\":0,\"Root\":0,\"Scale\":0,\"RangeFields\":{\"Primary\":{\"Up\":false,\"Down\":false},\"Secondary\":{\"Up\":true,\"Down\":true},\"Channel\":{\"Up\":true,\"Down\":true},\"Duration\":{\"Up\":false,\"Down\":false},\"Repeat\":{\"Up\":false,\"Down\":false}}},\"path_snap_data\":{},\"color\":{\"B\":155,\"G\":255,\"R\":255,\"A\":255},\"mute\":false,\"pass\":false,\"Origin\":\"-1152, -792\",\"SerializablePathTo\":[26,21,24,2,5,29,18],\"SerializablePathFrom\":[22,21,24,28],\"PathMode\":2,\"SignalMode\":2,\"Start\":false}"}
{"type":1,"json":"{\"id\":22,\"label\":\"\",\"midi_data\":{\"Primary\":60,\"Secondary\":100,\"Channel\":2,\"Duration\":1.0,\"Repeat\":0,\"Root\":0,\"Scale\":0},\"relative_midi_data\":{\"Primary\":0,\"RangedPrimary\":0,\"Secondary\":20,\"Channel\":1,\"Duration\":0.0,\"Repeat\":0,\"Root\":0,\"Scale\":0,\"RangeFields\":{\"Primary\":{\"Up\":false,\"Down\":false},\"Secondary\":{\"Up\":true,\"Down\":true},\"Channel\":{\"Up\":true,\"Down\":true},\"Duration\":{\"Up\":false,\"Down\":false},\"Repeat\":{\"Up\":false,\"Down\":false}}},\"path_snap_data\":{},\"color\":{\"B\":155,\"G\":255,\"R\":255,\"A\":255},\"mute\":false,\"pass\":false,\"Origin\":\"-1296, -576\",\"SerializablePathTo\":[23,26],\"SerializablePathFrom\":[27,25,33],\"PathMode\":2,\"SignalMode\":2,\"Start\":true}"}
{"type":1,"json":"{\"id\":21,\"label\":\"\",\"midi_data\":{\"Primary\":67,\"Secondary\":100,\"Channel\":2,\"Duration\":1.0,\"Repeat\":0,\"Root\":0,\"Scale\":0},\"relative_midi_data\":{\"Primary\":0,\"RangedPrimary\":0,\"Secondary\":20,\"Channel\":1,\"Duration\":0.0,\"Repeat\":0,\"Root\":0,\"Scale\":0,\"RangeFields\":{\"Primary\":{\"Up\":false,\"Down\":false},\"Secondary\":{\"Up\":true,\"Down\":true},\"Channel\":{\"Up\":true,\"Down\":true},\"Duration\":{\"Up\":false,\"Down\":false},\"Repeat\":{\"Up\":false,\"Down\":false}}},\"path_snap_data\":{},\"color\":{\"B\":155,\"G\":255,\"R\":255,\"A\":255},\"mute\":false,\"pass\":false,\"Origin\":\"-864, -648\",\"SerializablePathTo\":[25,23,28,3,29],\"SerializablePathFrom\":[20,26,23,7,30,31,2],\"PathMode\":2,\"SignalMode\":2,\"Start\":false}"}
{"type":1,"json":"{\"id\":20,\"label\":\"\",\"midi_data\":{\"Primary\":58,\"Secondary\":100,\"Channel\":2,\"Duration\":1.0,\"Repeat\":0,\"Root\":0,\"Scale\":0},\"relative_midi_data\":{\"Primary\":0,\"RangedPrimary\":0,\"Secondary\":20,\"Channel\":1,\"Duration\":0.0,\"Repeat\":0,\"Root\":0,\"Scale\":0,\"RangeFields\":{\"Primary\":{\"Up\":false,\"Down\":false},\"Secondary\":{\"Up\":true,\"Down\":true},\"Channel\":{\"Up\":true,\"Down\":true},\"Duration\":{\"Up\":false,\"Down\":false},\"Repeat\":{\"Up\":false,\"Down\":false}}},\"path_snap_data\":{},\"color\":{\"B\":155,\"G\":255,\"R\":255,\"A\":255},\"mute\":false,\"pass\":false,\"Origin\":\"-864, -432\",\"SerializablePathTo\":[21,27,10,31,9,16],\"SerializablePathFrom\":[26,25,34,8],\"PathMode\":2,\"SignalMode\":2,\"Start\":true}"}
{"type":1,"json":"{\"id\":19,\"label\":\"\",\"midi_data\":{\"Primary\":67,\"Secondary\":100,\"Channel\":3,\"Duration\":2.25,\"Repeat\":0,\"Root\":0,\"Scale\":0},\"relative_midi_data\":{\"Primary\":0,\"RangedPrimary\":0,\"Secondary\":20,\"Channel\":1,\"Duration\":0.0,\"Repeat\":0,\"Root\":0,\"Scale\":0,\"RangeFields\":{\"Primary\":{\"Up\":false,\"Down\":false},\"Secondary\":{\"Up\":true,\"Down\":true},\"Channel\":{\"Up\":true,\"Down\":true},\"Duration\":{\"Up\":false,\"Down\":false},\"Repeat\":{\"Up\":false,\"Down\":false}}},\"path_snap_data\":{},\"color\":{\"B\":255,\"G\":255,\"R\":155,\"A\":255},\"mute\":false,\"pass\":false,\"Origin\":\"-900, 324\",\"SerializablePathTo\":[29,15,16,8],\"SerializablePathFrom\":[14,31,16,18],\"PathMode\":2,\"SignalMode\":3,\"Start\":false}"}
{"type":1,"json":"{\"id\":18,\"label\":\"\",\"midi_data\":{\"Primary\":70,\"Secondary\":100,\"Channel\":3,\"Duration\":2.25,\"Repeat\":0,\"Root\":0,\"Scale\":0},\"relative_midi_data\":{\"Primary\":0,\"RangedPrimary\":0,\"Secondary\":20,\"Channel\":1,\"Duration\":0.0,\"Repeat\":0,\"Root\":0,\"Scale\":0,\"RangeFields\":{\"Primary\":{\"Up\":false,\"Down\":false},\"Secondary\":{\"Up\":true,\"Down\":true},\"Channel\":{\"Up\":true,\"Down\":true},\"Duration\":{\"Up\":false,\"Down\":false},\"Repeat\":{\"Up\":false,\"Down\":false}}},\"path_snap_data\":{},\"color\":{\"B\":255,\"G\":255,\"R\":155,\"A\":255},\"mute\":false,\"pass\":false,\"Origin\":\"-1152, 648\",\"SerializablePathTo\":[9,28,19],\"SerializablePathFrom\":[15,2,34,23],\"PathMode\":2,\"SignalMode\":3,\"Start\":false}"}
{"type":1,"json":"{\"id\":17,\"label\":\"\",\"midi_data\":{\"Primary\":74,\"Secondary\":100,\"Channel\":3,\"Duration\":2.25,\"Repeat\":0,\"Root\":0,\"Scale\":0},\"relative_midi_data\":{\"Primary\":0,\"RangedPrimary\":0,\"Secondary\":20,\"Channel\":1,\"Duration\":0.0,\"Repeat\":0,\"Root\":0,\"Scale\":0,\"RangeFields\":{\"Primary\":{\"Up\":false,\"Down\":false},\"Secondary\":{\"Up\":true,\"Down\":true},\"Channel\":{\"Up\":true,\"Down\":true},\"Duration\":{\"Up\":false,\"Down\":false},\"Repeat\":{\"Up\":false,\"Down\":false}}},\"path_snap_data\":{},\"color\":{\"B\":255,\"G\":255,\"R\":155,\"A\":255},\"mute\":false,\"pass\":false,\"Origin\":\"-576, 468\",\"SerializablePathTo\":[6,34,35,10],\"SerializablePathFrom\":[16,14,4,15],\"PathMode\":2,\"SignalMode\":3,\"Start\":false}"}
{"type":1,"json":"{\"id\":16,\"label\":\"\",\"midi_data\":{\"Primary\":77,\"Secondary\":100,\"Channel\":3,\"Duration\":2.25,\"Repeat\":0,\"Root\":0,\"Scale\":0},\"relative_midi_data\":{\"Primary\":0,\"RangedPrimary\":0,\"Secondary\":20,\"Channel\":1,\"Duration\":0.0,\"Repeat\":0,\"Root\":0,\"Scale\":0,\"RangeFields\":{\"Primary\":{\"Up\":false,\"Down\":false},\"Secondary\":{\"Up\":true,\"Down\":true},\"Channel\":{\"Up\":true,\"Down\":true},\"Duration\":{\"Up\":false,\"Down\":false},\"Repeat\":{\"Up\":false,\"Down\":false}}},\"path_snap_data\":{},\"color\":{\"B\":255,\"G\":255,\"R\":155,\"A\":255},\"mute\":false,\"pass\":false,\"Origin\":\"-720, 324\",\"SerializablePathTo\":[17,19,13,7,14],\"SerializablePathFrom\":[11,20,30,19,29,33],\"PathMode\":2,\"SignalMode\":0,\"Start\":false}"}
{"type":1,"json":"{\"id\":15,\"label\":\"\",\"midi_data\":{\"Primary\":72,\"Secondary\":100,\"Channel\":3,\"Duration\":2.25,\"Repeat\":0,\"Root\":0,\"Scale\":0},\"relative_midi_data\":{\"Primary\":0,\"RangedPrimary\":0,\"Secondary\":20,\"Channel\":1,\"Duration\":0.0,\"Repeat\":0,\"Root\":0,\"Scale\":0,\"RangeFields\":{\"Primary\":{\"Up\":false,\"Down\":false},\"Secondary\":{\"Up\":true,\"Down\":true},\"Channel\":{\"Up\":true,\"Down\":true},\"Duration\":{\"Up\":false,\"Down\":false},\"Repeat\":{\"Up\":false,\"Down\":false}}},\"path_snap_data\":{},\"color\":{\"B\":255,\"G\":255,\"R\":155,\"A\":255},\"mute\":false,\"pass\":false,\"Origin\":\"-864, 648\",\"SerializablePathTo\":[13,27,17,18],\"SerializablePathFrom\":[12,19],\"PathMode\":2,\"SignalMode\":0,\"Start\":false}"}
{"type":1,"json":"{\"id\":14,\"label\":\"\",\"midi_data\":{\"Primary\":70,\"Secondary\":100,\"Channel\":3,\"Duration\":2.25,\"Repeat\":0,\"Root\":0,\"Scale\":0},\"relative_midi_data\":{\"Primary\":0,\"RangedPrimary\":0,\"Secondary\":20,\"Channel\":1,\"Duration\":0.0,\"Repeat\":0,\"Root\":0,\"Scale\":0,\"RangeFields\":{\"Primary\":{\"Up\":false,\"Down\":false},\"Secondary\":{\"Up\":true,\"Down\":true},\"Channel\":{\"Up\":true,\"Down\":true},\"Duration\":{\"Up\":false,\"Down\":false},\"Repeat\":{\"Up\":false,\"Down\":false}}},\"path_snap_data\":{},\"color\":{\"B\":255,\"G\":255,\"R\":155,\"A\":255},\"mute\":false,\"pass\":false,\"Origin\":\"-1548, 576\",\"SerializablePathTo\":[19,17],\"SerializablePathFrom\":[13,16,11,32],\"PathMode\":2,\"SignalMode\":0,\"Start\":false}"}
{"type":1,"json":"{\"id\":13,\"label\":\"\",\"midi_data\":{\"Primary\":75,\"Secondary\":100,\"Channel\":3,\"Duration\":2.25,\"Repeat\":0,\"Root\":0,\"Scale\":0},\"relative_midi_data\":{\"Primary\":5,\"RangedPrimary\":-1,\"Secondary\":20,\"Channel\":1,\"Duration\":0.0,\"Repeat\":0,\"Root\":1,\"Scale\":21,\"RangeFields\":{\"Primary\":{\"Up\":true,\"Down\":true},\"Secondary\":{\"Up\":true,\"Down\":true},\"Channel\":{\"Up\":true,\"Down\":true},\"Duration\":{\"Up\":false,\"Down\":false},\"Repeat\":{\"Up\":false,\"Down\":false}}},\"path_snap_data\":{},\"color\":{\"B\":255,\"G\":255,\"R\":155,\"A\":255},\"mute\":false,\"pass\":false,\"Origin\":\"-1260, 360\",\"SerializablePathTo\":[4,14,12,24,11],\"SerializablePathFrom\":[8,27,15,16],\"PathMode\":2,\"SignalMode\":0,\"Start\":false}"}
{"type":1,"json":"{\"id\":12,\"label\":\"\",\"midi_data\":{\"Primary\":67,\"Secondary\":100,\"Channel\":3,\"Duration\":2.25,\"Repeat\":0,\"Root\":0,\"Scale\":0},\"relative_midi_data\":{\"Primary\":0,\"RangedPrimary\":0,\"Secondary\":20,\"Channel\":1,\"Duration\":0.0,\"Repeat\":0,\"Root\":0,\"Scale\":0,\"RangeFields\":{\"Primary\":{\"Up\":false,\"Down\":false},\"Secondary\":{\"Up\":true,\"Down\":true},\"Channel\":{\"Up\":true,\"Down\":true},\"Duration\":{\"Up\":false,\"Down\":false},\"Repeat\":{\"Up\":false,\"Down\":false}}},\"path_snap_data\":{},\"color\":{\"B\":255,\"G\":255,\"R\":155,\"A\":255},\"mute\":false,\"pass\":false,\"Origin\":\"-792, 216\",\"SerializablePathTo\":[8,15,10],\"SerializablePathFrom\":[9,13,34,4],\"PathMode\":2,\"SignalMode\":0,\"Start\":false}"}
{"type":1,"json":"{\"id\":11,\"label\":\"\",\"midi_data\":{\"Primary\":70,\"Secondary\":100,\"Channel\":3,\"Duration\":2.25,\"Repeat\":0,\"Root\":0,\"Scale\":0},\"relative_midi_data\":{\"Primary\":0,\"RangedPrimary\":0,\"Secondary\":20,\"Channel\":1,\"Duration\":0.0,\"Repeat\":0,\"Root\":0,\"Scale\":0,\"RangeFields\":{\"Primary\":{\"Up\":false,\"Down\":false},\"Secondary\":{\"Up\":true,\"Down\":true},\"Channel\":{\"Up\":true,\"Down\":true},\"Duration\":{\"Up\":false,\"Down\":false},\"Repeat\":{\"Up\":false,\"Down\":false}}},\"path_snap_data\":{},\"color\":{\"B\":255,\"G\":255,\"R\":155,\"A\":255},\"mute\":false,\"pass\":false,\"Origin\":\"-1224, 36\",\"SerializablePathTo\":[5,14,4,31,16],\"SerializablePathFrom\":[10,9,2,13,5,28],\"PathMode\":2,\"SignalMode\":0,\"Start\":false}"}
{"type":1,"json":"{\"id\":10,\"label\":\"\",\"midi_data\":{\"Primary\":67,\"Secondary\":100,\"Channel\":3,\"Duration\":2.25,\"Repeat\":0,\"Root\":0,\"Scale\":0},\"relative_midi_data\":{\"Primary\":0,\"RangedPrimary\":0,\"Secondary\":20,\"Channel\":1,\"Duration\":0.0,\"Repeat\":0,\"Root\":0,\"Scale\":0,\"RangeFields\":{\"Primary\":{\"Up\":false,\"Down\":false},\"Secondary\":{\"Up\":true,\"Down\":true},\"Channel\":{\"Up\":true,\"Down\":true},\"Duration\":{\"Up\":false,\"Down\":false},\"Repeat\":{\"Up\":false,\"Down\":false}}},\"path_snap_data\":{},\"color\":{\"B\":255,\"G\":255,\"R\":155,\"A\":255},\"mute\":false,\"pass\":false,\"Origin\":\"-720, -144\",\"SerializablePathTo\":[11,27],\"SerializablePathFrom\":[17,20,12],\"PathMode\":2,\"SignalMode\":0,\"Start\":true}"}
{"type":1,"json":"{\"id\":9,\"label\":\"\",\"midi_data\":{\"Primary\":75,\"Secondary\":100,\"Channel\":3,\"Duration\":2.25,\"Repeat\":0,\"Root\":0,\"Scale\":0},\"relative_midi_data\":{\"Primary\":0,\"RangedPrimary\":0,\"Secondary\":20,\"Channel\":1,\"Duration\":0.0,\"Repeat\":0,\"Root\":0,\"Scale\":0,\"RangeFields\":{\"Primary\":{\"Up\":false,\"Down\":false},\"Secondary\":{\"Up\":true,\"Down\":true},\"Channel\":{\"Up\":true,\"Down\":true},\"Duration\":{\"Up\":false,\"Down\":false},\"Repeat\":{\"Up\":false,\"Down\":false}}},\"path_snap_data\":{},\"color\":{\"B\":255,\"G\":255,\"R\":155,\"A\":255},\"mute\":false,\"pass\":false,\"Origin\":\"-864, -144\",\"SerializablePathTo\":[32,12,11,0,30],\"SerializablePathFrom\":[18,4,24,31,20,27],\"PathMode\":2,\"SignalMode\":0,\"Start\":true}"}
{"type":1,"json":"{\"id\":8,\"label\":\"\",\"midi_data\":{\"Primary\":60,\"Secondary\":100,\"Channel\":3,\"Duration\":2.25,\"Repeat\":0,\"Root\":0,\"Scale\":0},\"relative_midi_data\":{\"Primary\":0,\"RangedPrimary\":0,\"Secondary\":20,\"Channel\":1,\"Duration\":0.0,\"Repeat\":0,\"Root\":0,\"Scale\":0,\"RangeFields\":{\"Primary\":{\"Up\":false,\"Down\":false},\"Secondary\":{\"Up\":true,\"Down\":true},\"Channel\":{\"Up\":true,\"Down\":true},\"Duration\":{\"Up\":false,\"Down\":false},\"Repeat\":{\"Up\":false,\"Down\":false}}},\"path_snap_data\":{},\"color\":{\"B\":255,\"G\":255,\"R\":155,\"A\":255},\"mute\":false,\"pass\":false,\"Origin\":\"-1008, -144\",\"SerializablePathTo\":[20,13,29,28],\"SerializablePathFrom\":[19,28,0,12],\"PathMode\":2,\"SignalMode\":0,\"Start\":true}"}
{"type":1,"json":"{\"id\":7,\"label\":\"\",\"midi_data\":{\"Primary\":67,\"Secondary\":100,\"Channel\":1,\"Duration\":1.0,\"Repeat\":0,\"Root\":0,\"Scale\":0},\"relative_midi_data\":{\"Primary\":0,\"RangedPrimary\":0,\"Secondary\":20,\"Channel\":1,\"Duration\":0.0,\"Repeat\":0,\"Root\":0,\"Scale\":0,\"RangeFields\":{\"Primary\":{\"Up\":false,\"Down\":false},\"Secondary\":{\"Up\":true,\"Down\":true},\"Channel\":{\"Up\":true,\"Down\":true},\"Duration\":{\"Up\":false,\"Down\":false},\"Repeat\":{\"Up\":false,\"Down\":false}}},\"path_snap_data\":{},\"color\":{\"B\":255,\"G\":55,\"R\":255,\"A\":255},\"mute\":false,\"pass\":false,\"Origin\":\"-216, -144\",\"SerializablePathTo\":[4,1,21],\"SerializablePathFrom\":[6,5,16],\"PathMode\":2,\"SignalMode\":2,\"Start\":false}"}
{"type":1,"json":"{\"id\":6,\"label\":\"\",\"midi_data\":{\"Primary\":58,\"Secondary\":100,\"Channel\":1,\"Duration\":1.0,\"Repeat\":0,\"Root\":0,\"Scale\":0},\"relative_midi_data\":{\"Primary\":0,\"RangedPrimary\":0,\"Secondary\":20,\"Channel\":1,\"Duration\":0.0,\"Repeat\":0,\"Root\":0,\"Scale\":0,\"RangeFields\":{\"Primary\":{\"Up\":false,\"Down\":false},\"Secondary\":{\"Up\":true,\"Down\":true},\"Channel\":{\"Up\":true,\"Down\":true},\"Duration\":{\"Up\":false,\"Down\":false},\"Repeat\":{\"Up\":false,\"Down\":false}}},\"path_snap_data\":{},\"color\":{\"B\":255,\"G\":55,\"R\":255,\"A\":255},\"mute\":false,\"pass\":false,\"Origin\":\"-144, 0\",\"SerializablePathTo\":[7,5,0,34],\"SerializablePathFrom\":[5,4,3,17],\"PathMode\":2,\"SignalMode\":2,\"Start\":true}"}
{"type":1,"json":"{\"id\":5,\"label\":\"\",\"midi_data\":{\"Primary\":75,\"Secondary\":100,\"Channel\":1,\"Duration\":1.0,\"Repeat\":0,\"Root\":0,\"Scale\":0},\"relative_midi_data\":{\"Primary\":0,\"RangedPrimary\":0,\"Secondary\":20,\"Channel\":1,\"Duration\":0.0,\"Repeat\":0,\"Root\":0,\"Scale\":0,\"RangeFields\":{\"Primary\":{\"Up\":false,\"Down\":false},\"Secondary\":{\"Up\":true,\"Down\":true},\"Channel\":{\"Up\":true,\"Down\":true},\"Duration\":{\"Up\":false,\"Down\":false},\"Repeat\":{\"Up\":false,\"Down\":false}}},\"path_snap_data\":{},\"color\":{\"B\":255,\"G\":55,\"R\":255,\"A\":255},\"mute\":false,\"pass\":false,\"Origin\":\"-288, 36\",\"SerializablePathTo\":[6,7,11],\"SerializablePathFrom\":[4,6,2,0,11,23],\"PathMode\":2,\"SignalMode\":2,\"Start\":false}"}
{"type":1,"json":"{\"id\":4,\"label\":\"\",\"midi_data\":{\"Primary\":84,\"Secondary\":100,\"Channel\":1,\"Duration\":1.0,\"Repeat\":0,\"Root\":0,\"Scale\":0},\"relative_midi_data\":{\"Primary\":0,\"RangedPrimary\":0,\"Secondary\":20,\"Channel\":1,\"Duration\":0.0,\"Repeat\":0,\"Root\":0,\"Scale\":0,\"RangeFields\":{\"Primary\":{\"Up\":false,\"Down\":false},\"Secondary\":{\"Up\":true,\"Down\":true},\"Channel\":{\"Up\":true,\"Down\":true},\"Duration\":{\"Up\":false,\"Down\":false},\"Repeat\":{\"Up\":false,\"Down\":false}}},\"path_snap_data\":{},\"color\":{\"B\":255,\"G\":55,\"R\":255,\"A\":255},\"mute\":false,\"pass\":false,\"Origin\":\"-288, -144\",\"SerializablePathTo\":[5,6,9,12,17,30],\"SerializablePathFrom\":[7,11,13],\"PathMode\":2,\"SignalMode\":2,\"Start\":true}"}
{"type":1,"json":"{\"id\":3,\"label\":\"\",\"midi_data\":{\"Primary\":60,\"Secondary\":100,\"Channel\":1,\"Duration\":1.0,\"Repeat\":0,\"Root\":0,\"Scale\":0},\"relative_midi_data\":{\"Primary\":0,\"RangedPrimary\":0,\"Secondary\":20,\"Channel\":1,\"Duration\":0.0,\"Repeat\":0,\"Root\":0,\"Scale\":0,\"RangeFields\":{\"Primary\":{\"Up\":false,\"Down\":false},\"Secondary\":{\"Up\":true,\"Down\":true},\"Channel\":{\"Up\":true,\"Down\":true},\"Duration\":{\"Up\":false,\"Down\":false},\"Repeat\":{\"Up\":false,\"Down\":false}}},\"path_snap_data\":{},\"color\":{\"B\":255,\"G\":55,\"R\":255,\"A\":255},\"mute\":false,\"pass\":false,\"Origin\":\"-576, -144\",\"SerializablePathTo\":[0,1,6,34],\"SerializablePathFrom\":[2,21],\"PathMode\":2,\"SignalMode\":2,\"Start\":true}"}
{"type":1,"json":"{\"id\":2,\"label\":\"\",\"midi_data\":{\"Primary\":70,\"Secondary\":100,\"Channel\":1,\"Duration\":1.0,\"Repeat\":0,\"Root\":0,\"Scale\":0},\"relative_midi_data\":{\"Primary\":0,\"RangedPrimary\":0,\"Secondary\":20,\"Channel\":1,\"Duration\":0.0,\"Repeat\":0,\"Root\":0,\"Scale\":0,\"RangeFields\":{\"Primary\":{\"Up\":false,\"Down\":false},\"Secondary\":{\"Up\":true,\"Down\":true},\"Channel\":{\"Up\":true,\"Down\":true},\"Duration\":{\"Up\":false,\"Down\":false},\"Repeat\":{\"Up\":false,\"Down\":false}}},\"path_snap_data\":{},\"color\":{\"B\":255,\"G\":55,\"R\":255,\"A\":255},\"mute\":false,\"pass\":false,\"Origin\":\"-432, -144\",\"SerializablePathTo\":[3,0,5,11,18,35,21],\"SerializablePathFrom\":[1,23,25],\"PathMode\":2,\"SignalMode\":2,\"Start\":false}"}
{"type":1,"json":"{\"id\":1,\"label\":\"\",\"midi_data\":{\"Primary\":67,\"Secondary\":100,\"Channel\":1,\"Duration\":1.0,\"Repeat\":0,\"Root\":0,\"Scale\":0},\"relative_midi_data\":{\"Primary\":0,\"RangedPrimary\":0,\"Secondary\":20,\"Channel\":1,\"Duration\":0.0,\"Repeat\":0,\"Root\":0,\"Scale\":0,\"RangeFields\":{\"Primary\":{\"Up\":false,\"Down\":false},\"Secondary\":{\"Up\":true,\"Down\":true},\"Channel\":{\"Up\":true,\"Down\":true},\"Duration\":{\"Up\":false,\"Down\":false},\"Repeat\":{\"Up\":false,\"Down\":false}}},\"path_snap_data\":{},\"color\":{\"B\":255,\"G\":55,\"R\":255,\"A\":255},\"mute\":false,\"pass\":false,\"Origin\":\"-432, 0\",\"SerializablePathTo\":[2,30],\"SerializablePathFrom\":[0,3,7,33,31],\"PathMode\":2,\"SignalMode\":2,\"Start\":false}"}
{"type":1,"json":"{\"id\":0,\"label\":\"\",\"midi_data\":{\"Primary\":63,\"Secondary\":100,\"Channel\":1,\"Duration\":1.0,\"Repeat\":0,\"Root\":0,\"Scale\":0},\"relative_midi_data\":{\"Primary\":0,\"RangedPrimary\":0,\"Secondary\":20,\"Channel\":1,\"Duration\":0.0,\"Repeat\":0,\"Root\":0,\"Scale\":0,\"RangeFields\":{\"Primary\":{\"Up\":false,\"Down\":false},\"Secondary\":{\"Up\":true,\"Down\":true},\"Channel\":{\"Up\":true,\"Down\":true},\"Duration\":{\"Up\":false,\"Down\":false},\"Repeat\":{\"Up\":false,\"Down\":false}}},\"path_snap_data\":{},\"color\":{\"B\":255,\"G\":55,\"R\":255,\"A\":255},\"mute\":false,\"pass\":false,\"Origin\":\"-576, 0\",\"SerializablePathTo\":[1,5,29,8],\"SerializablePathFrom\":[3,2,6,9,29],\"PathMode\":2,\"SignalMode\":2,\"Start\":false}"}
{"type":1,"json":"{\"id\":37,\"label\":\"Welcome to the ambient web of doom\",\"midi_data\":{\"Primary\":60,\"Secondary\":100,\"Channel\":1,\"Duration\":1.0,\"Repeat\":0,\"Root\":0,\"Scale\":0},\"relative_midi_data\":{\"Primary\":0,\"RangedPrimary\":0,\"Secondary\":0,\"Channel\":0,\"Duration\":0.0,\"Repeat\":0,\"Root\":0,\"Scale\":0,\"RangeFields\":{\"Primary\":{\"Up\":false,\"Down\":false},\"Secondary\":{\"Up\":false,\"Down\":false},\"Channel\":{\"Up\":false,\"Down\":false},\"Duration\":{\"Up\":false,\"Down\":false},\"Repeat\":{\"Up\":false,\"Down\":false}}},\"path_snap_data\":{},\"color\":{\"B\":255,\"G\":255,\"R\":255,\"A\":255},\"mute\":true,\"pass\":false,\"Origin\":\"-1872, -936\",\"SerializablePathTo\":[],\"SerializablePathFrom\":[],\"PathMode\":0,\"SignalMode\":0,\"Start\":false}"}
{"type":1,"json":"{\"id\":38,\"label\":\"Feed this 4 channel performance to your favorite synths\",\"midi_data\":{\"Primary\":60,\"Secondary\":100,\"Channel\":1,\"Duration\":1.0,\"Repeat\":0,\"Root\":0,\"Scale\":0},\"relative_midi_data\":{\"Primary\":0,\"RangedPrimary\":0,\"Secondary\":0,\"Channel\":0,\"Duration\":0.0,\"Repeat\":0,\"Root\":0,\"Scale\":0,\"RangeFields\":{\"Primary\":{\"Up\":false,\"Down\":false},\"Secondary\":{\"Up\":false,\"Down\":false},\"Channel\":{\"Up\":false,\"Down\":false},\"Duration\":{\"Up\":false,\"Down\":false},\"Repeat\":{\"Up\":false,\"Down\":false}}},\"path_snap_data\":{},\"color\":{\"B\":255,\"G\":255,\"R\":255,\"A\":255},\"mute\":true,\"pass\":false,\"Origin\":\"-1872, -900\",\"SerializablePathTo\":[],\"SerializablePathFrom\":[],\"PathMode\":0,\"SignalMode\":0,\"Start\":false}"}
{"type":1,"json":"{\"id\":39,\"label\":\"Best served with way too much delay and reverb\",\"midi_data\":{\"Primary\":60,\"Secondary\":100,\"Channel\":1,\"Duration\":1.0,\"Repeat\":0,\"Root\":0,\"Scale\":0},\"relative_midi_data\":{\"Primary\":0,\"RangedPrimary\":0,\"Secondary\":0,\"Channel\":0,\"Duration\":0.0,\"Repeat\":0,\"Root\":0,\"Scale\":0,\"RangeFields\":{\"Primary\":{\"Up\":false,\"Down\":false},\"Secondary\":{\"Up\":false,\"Down\":false},\"Channel\":{\"Up\":false,\"Down\":false},\"Duration\":{\"Up\":false,\"Down\":false},\"Repeat\":{\"Up\":false,\"Down\":false}}},\"path_snap_data\":{},\"color\":{\"B\":255,\"G\":255,\"R\":255,\"A\":255},\"mute\":true,\"pass\":false,\"Origin\":\"-1872, -864\",\"SerializablePathTo\":[],\"SerializablePathFrom\":[],\"PathMode\":0,\"SignalMode\":0,\"Start\":false}"}
{"type":1,"json":"{\"id\":40,\"label\":\"\",\"midi_data\":{\"Primary\":60,\"Secondary\":100,\"Channel\":1,\"Duration\":1.0,\"Repeat\":0,\"Root\":0,\"Scale\":0},\"relative_midi_data\":{\"Primary\":0,\"RangedPrimary\":0,\"Secondary\":0,\"Channel\":0,\"Duration\":0.0,\"Repeat\":0,\"Root\":0,\"Scale\":0,\"RangeFields\":{\"Primary\":{\"Up\":false,\"Down\":false},\"Secondary\":{\"Up\":false,\"Down\":false},\"Channel\":{\"Up\":false,\"Down\":false},\"Duration\":{\"Up\":false,\"Down\":false},\"Repeat\":{\"Up\":false,\"Down\":false}}},\"path_snap_data\":{},\"color\":{\"B\":255,\"G\":255,\"R\":255,\"A\":255},\"mute\":false,\"pass\":false,\"Origin\":\"-1548, -1404\",\"SerializablePathTo\":[41],\"SerializablePathFrom\":[],\"PathMode\":2,\"SignalMode\":0,\"Start\":false}"}
{"type":1,"json":"{\"id\":41,\"label\":\"\",\"midi_data\":{\"Primary\":60,\"Secondary\":100,\"Channel\":1,\"Duration\":1.0,\"Repeat\":0,\"Root\":0,\"Scale\":0},\"relative_midi_data\":{\"Primary\":0,\"RangedPrimary\":0,\"Secondary\":0,\"Channel\":0,\"Duration\":0.0,\"Repeat\":0,\"Root\":0,\"Scale\":0,\"RangeFields\":{\"Primary\":{\"Up\":false,\"Down\":false},\"Secondary\":{\"Up\":false,\"Down\":false},\"Channel\":{\"Up\":false,\"Down\":false},\"Duration\":{\"Up\":false,\"Down\":false},\"Repeat\":{\"Up\":false,\"Down\":false}}},\"path_snap_data\":{},\"color\":{\"B\":255,\"G\":255,\"R\":255,\"A\":255},\"mute\":false,\"pass\":false,\"Origin\":\"-1404, -1008\",\"SerializablePathTo\":[42],\"SerializablePathFrom\":[40],\"PathMode\":2,\"SignalMode\":0,\"Start\":false}"}
{"type":1,"json":"{\"id\":42,\"label\":\"\",\"midi_data\":{\"Primary\":60,\"Secondary\":100,\"Channel\":1,\"Duration\":1.0,\"Repeat\":0,\"Root\":0,\"Scale\":0},\"relative_midi_data\":{\"Primary\":0,\"RangedPrimary\":0,\"Secondary\":0,\"Channel\":0,\"Duration\":0.0,\"Repeat\":0,\"Root\":0,\"Scale\":0,\"RangeFields\":{\"Primary\":{\"Up\":false,\"Down\":false},\"Secondary\":{\"Up\":false,\"Down\":false},\"Channel\":{\"Up\":false,\"Down\":false},\"Duration\":{\"Up\":false,\"Down\":false},\"Repeat\":{\"Up\":false,\"Down\":false}}},\"path_snap_data\":{},\"color\":{\"B\":255,\"G\":255,\"R\":255,\"A\":255},\"mute\":false,\"pass\":false,\"Origin\":\"-1260, -1404\",\"SerializablePathTo\":[],\"SerializablePathFrom\":[41],\"PathMode\":2,\"SignalMode\":0,\"Start\":false}"}
{"type":1,"json":"{\"id\":43,\"label\":\"\",\"midi_data\":{\"Primary\":60,\"Secondary\":100,\"Channel\":1,\"Duration\":1.0,\"Repeat\":0,\"Root\":0,\"Scale\":0},\"relative_midi_data\":{\"Primary\":0,\"RangedPrimary\":0,\"Secondary\":0,\"Channel\":0,\"Duration\":0.0,\"Repeat\":0,\"Root\":0,\"Scale\":0,\"RangeFields\":{\"Primary\":{\"Up\":false,\"Down\":false},\"Secondary\":{\"Up\":false,\"Down\":false},\"Channel\":{\"Up\":false,\"Down\":false},\"Duration\":{\"Up\":false,\"Down\":false},\"Repeat\":{\"Up\":false,\"Down\":false}}},\"path_snap_data\":{},\"color\":{\"B\":255,\"G\":255,\"R\":255,\"A\":255},\"mute\":false,\"pass\":false,\"Origin\":\"-1188, -1296\",\"SerializablePathTo\":[],\"SerializablePathFrom\":[44],\"PathMode\":1,\"SignalMode\":0,\"Start\":false}"}
{"type":1,"json":"{\"id\":44,\"label\":\"\",\"midi_data\":{\"Primary\":60,\"Secondary\":100,\"Channel\":1,\"Duration\":1.0,\"Repeat\":0,\"Root\":0,\"Scale\":0},\"relative_midi_data\":{\"Primary\":0,\"RangedPrimary\":0,\"Secondary\":0,\"Channel\":0,\"Duration\":0.0,\"Repeat\":0,\"Root\":0,\"Scale\":0,\"RangeFields\":{\"Primary\":{\"Up\":false,\"Down\":false},\"Secondary\":{\"Up\":false,\"Down\":false},\"Channel\":{\"Up\":false,\"Down\":false},\"Duration\":{\"Up\":false,\"Down\":false},\"Repeat\":{\"Up\":false,\"Down\":false}}},\"path_snap_data\":{},\"color\":{\"B\":255,\"G\":255,\"R\":255,\"A\":255},\"mute\":false,\"pass\":false,\"Origin\":\"-1620, -1296\",\"SerializablePathTo\":[43],\"SerializablePathFrom\":[],\"PathMode\":1,\"SignalMode\":0,\"Start\":false}"}
{"type":1,"json":"{\"id\":45,\"label\":\"\",\"midi_data\":{\"Primary\":60,\"Secondary\":100,\"Channel\":1,\"Duration\":1.0,\"Repeat\":0,\"Root\":0,\"Scale\":0},\"relative_midi_data\":{\"Primary\":0,\"RangedPrimary\":0,\"Secondary\":0,\"Channel\":0,\"Duration\":0.0,\"Repeat\":0,\"Root\":0,\"Scale\":0,\"RangeFields\":{\"Primary\":{\"Up\":false,\"Down\":false},\"Secondary\":{\"Up\":false,\"Down\":false},\"Channel\":{\"Up\":false,\"Down\":false},\"Duration\":{\"Up\":false,\"Down\":false},\"Repeat\":{\"Up\":false,\"Down\":false}}},\"path_snap_data\":{},\"color\":{\"B\":255,\"G\":255,\"R\":255,\"A\":255},\"mute\":false,\"pass\":false,\"Origin\":\"-1404, -936\",\"SerializablePathTo\":[],\"SerializablePathFrom\":[46],\"PathMode\":0,\"SignalMode\":0,\"Start\":false}"}
{"type":1,"json":"{\"id\":46,\"label\":\"\",\"midi_data\":{\"Primary\":60,\"Secondary\":100,\"Channel\":1,\"Duration\":1.0,\"Repeat\":0,\"Root\":0,\"Scale\":0},\"relative_midi_data\":{\"Primary\":0,\"RangedPrimary\":0,\"Secondary\":0,\"Channel\":0,\"Duration\":0.0,\"Repeat\":0,\"Root\":0,\"Scale\":0,\"RangeFields\":{\"Primary\":{\"Up\":false,\"Down\":false},\"Secondary\":{\"Up\":false,\"Down\":false},\"Channel\":{\"Up\":false,\"Down\":false},\"Duration\":{\"Up\":false,\"Down\":false},\"Repeat\":{\"Up\":false,\"Down\":false}}},\"path_snap_data\":{},\"color\":{\"B\":255,\"G\":255,\"R\":255,\"A\":255},\"mute\":false,\"pass\":false,\"Origin\":\"-1404, -1296\",\"SerializablePathTo\":[45],\"SerializablePathFrom\":[],\"PathMode\":1,\"SignalMode\":0,\"Start\":false}"}
{"type":1,"json":"{\"id\":47,\"label\":\"\",\"midi_data\":{\"Primary\":60,\"Secondary\":100,\"Channel\":1,\"Duration\":1.0,\"Repeat\":0,\"Root\":0,\"Scale\":0},\"relative_midi_data\":{\"Primary\":0,\"RangedPrimary\":0,\"Secondary\":0,\"Channel\":0,\"Duration\":0.0,\"Repeat\":0,\"Root\":0,\"Scale\":0,\"RangeFields\":{\"Primary\":{\"Up\":false,\"Down\":false},\"Secondary\":{\"Up\":false,\"Down\":false},\"Channel\":{\"Up\":false,\"Down\":false},\"Duration\":{\"Up\":false,\"Down\":false},\"Repeat\":{\"Up\":false,\"Down\":false}}},\"path_snap_data\":{},\"color\":{\"B\":255,\"G\":255,\"R\":255,\"A\":255},\"mute\":false,\"pass\":false,\"Origin\":\"-1512, -1404\",\"SerializablePathTo\":[],\"SerializablePathFrom\":[48],\"PathMode\":2,\"SignalMode\":0,\"Start\":false}"}
{"type":1,"json":"{\"id\":48,\"label\":\"\",\"midi_data\":{\"Primary\":60,\"Secondary\":100,\"Channel\":1,\"Duration\":1.0,\"Repeat\":0,\"Root\":0,\"Scale\":0},\"relative_midi_data\":{\"Primary\":0,\"RangedPrimary\":0,\"Secondary\":0,\"Channel\":0,\"Duration\":0.0,\"Repeat\":0,\"Root\":0,\"Scale\":0,\"RangeFields\":{\"Primary\":{\"Up\":false,\"Down\":false},\"Secondary\":{\"Up\":false,\"Down\":false},\"Channel\":{\"Up\":false,\"Down\":false},\"Duration\":{\"Up\":false,\"Down\":false},\"Repeat\":{\"Up\":false,\"Down\":false}}},\"path_snap_data\":{},\"color\":{\"B\":255,\"G\":255,\"R\":255,\"A\":255},\"mute\":false,\"pass\":false,\"Origin\":\"-1404, -1080\",\"SerializablePathTo\":[47],\"SerializablePathFrom\":[49],\"PathMode\":2,\"SignalMode\":0,\"Start\":false}"}
{"type":1,"json":"{\"id\":49,\"label\":\"\",\"midi_data\":{\"Primary\":60,\"Secondary\":100,\"Channel\":1,\"Duration\":1.0,\"Repeat\":0,\"Root\":0,\"Scale\":0},\"relative_midi_data\":{\"Primary\":0,\"RangedPrimary\":0,\"Secondary\":0,\"Channel\":0,\"Duration\":0.0,\"Repeat\":0,\"Root\":0,\"Scale\":0,\"RangeFields\":{\"Primary\":{\"Up\":false,\"Down\":false},\"Secondary\":{\"Up\":false,\"Down\":false},\"Channel\":{\"Up\":false,\"Down\":false},\"Duration\":{\"Up\":false,\"Down\":false},\"Repeat\":{\"Up\":false,\"Down\":false}}},\"path_snap_data\":{},\"color\":{\"B\":255,\"G\":255,\"R\":255,\"A\":255},\"mute\":false,\"pass\":false,\"Origin\":\"-1296, -1404\",\"SerializablePathTo\":[48],\"SerializablePathFrom\":[],\"PathMode\":2,\"SignalMode\":0,\"Start\":false}"}
{"type":1,"json":"{\"id\":50,\"label\":\"\",\"midi_data\":{\"Primary\":60,\"Secondary\":100,\"Channel\":1,\"Duration\":1.0,\"Repeat\":0,\"Root\":0,\"Scale\":0},\"relative_midi_data\":{\"Primary\":0,\"RangedPrimary\":0,\"Secondary\":0,\"Channel\":0,\"Duration\":0.0,\"Repeat\":0,\"Root\":0,\"Scale\":0,\"RangeFields\":{\"Primary\":{\"Up\":false,\"Down\":false},\"Secondary\":{\"Up\":false,\"Down\":false},\"Channel\":{\"Up\":false,\"Down\":false},\"Duration\":{\"Up\":false,\"Down\":false},\"Repeat\":{\"Up\":false,\"Down\":false}}},\"path_snap_data\":{},\"color\":{\"B\":255,\"G\":255,\"R\":255,\"A\":255},\"mute\":false,\"pass\":false,\"Origin\":\"-1188, -1260\",\"SerializablePathTo\":[],\"SerializablePathFrom\":[51],\"PathMode\":1,\"SignalMode\":0,\"Start\":false}"}
{"type":1,"json":"{\"id\":51,\"label\":\"\",\"midi_data\":{\"Primary\":60,\"Secondary\":100,\"Channel\":1,\"Duration\":1.0,\"Repeat\":0,\"Root\":0,\"Scale\":0},\"relative_midi_data\":{\"Primary\":0,\"RangedPrimary\":0,\"Secondary\":0,\"Channel\":0,\"Duration\":0.0,\"Repeat\":0,\"Root\":0,\"Scale\":0,\"RangeFields\":{\"Primary\":{\"Up\":false,\"Down\":false},\"Secondary\":{\"Up\":false,\"Down\":false},\"Channel\":{\"Up\":false,\"Down\":false},\"Duration\":{\"Up\":false,\"Down\":false},\"Repeat\":{\"Up\":false,\"Down\":false}}},\"path_snap_data\":{},\"color\":{\"B\":255,\"G\":255,\"R\":255,\"A\":255},\"mute\":false,\"pass\":false,\"Origin\":\"-1404, -1260\",\"SerializablePathTo\":[50],\"SerializablePathFrom\":[52],\"PathMode\":1,\"SignalMode\":0,\"Start\":false}"}
{"type":1,"json":"{\"id\":52,\"label\":\"\",\"midi_data\":{\"Primary\":60,\"Secondary\":100,\"Channel\":1,\"Duration\":1.0,\"Repeat\":0,\"Root\":0,\"Scale\":0},\"relative_midi_data\":{\"Primary\":0,\"RangedPrimary\":0,\"Secondary\":0,\"Channel\":0,\"Duration\":0.0,\"Repeat\":0,\"Root\":0,\"Scale\":0,\"RangeFields\":{\"Primary\":{\"Up\":false,\"Down\":false},\"Secondary\":{\"Up\":false,\"Down\":false},\"Channel\":{\"Up\":false,\"Down\":false},\"Duration\":{\"Up\":false,\"Down\":false},\"Repeat\":{\"Up\":false,\"Down\":false}}},\"path_snap_data\":{},\"color\":{\"B\":255,\"G\":255,\"R\":255,\"A\":255},\"mute\":false,\"pass\":false,\"Origin\":\"-1620, -1260\",\"SerializablePathTo\":[51],\"SerializablePathFrom\":[],\"PathMode\":1,\"SignalMode\":0,\"Start\":false}"}
{"type":1,"json":"{\"id\":53,\"label\":\"Channels 1-3 work best as melodies\",\"midi_data\":{\"Primary\":60,\"Secondary\":100,\"Channel\":1,\"Duration\":1.0,\"Repeat\":0,\"Root\":0,\"Scale\":0},\"relative_midi_data\":{\"Primary\":0,\"RangedPrimary\":0,\"Secondary\":0,\"Channel\":0,\"Duration\":0.0,\"Repeat\":0,\"Root\":0,\"Scale\":0,\"RangeFields\":{\"Primary\":{\"Up\":false,\"Down\":false},\"Secondary\":{\"Up\":false,\"Down\":false},\"Channel\":{\"Up\":false,\"Down\":false},\"Duration\":{\"Up\":false,\"Down\":false},\"Repeat\":{\"Up\":false,\"Down\":false}}},\"path_snap_data\":{},\"color\":{\"B\":255,\"G\":255,\"R\":255,\"A\":255},\"mute\":true,\"pass\":false,\"Origin\":\"-1872, -828\",\"SerializablePathTo\":[],\"SerializablePathFrom\":[],\"PathMode\":0,\"SignalMode\":0,\"Start\":false}"}
{"type":1,"json":"{\"id\":54,\"label\":\"Channel 4 acts as a bass\",\"midi_data\":{\"Primary\":60,\"Secondary\":100,\"Channel\":1,\"Duration\":1.0,\"Repeat\":0,\"Root\":0,\"Scale\":0},\"relative_midi_data\":{\"Primary\":0,\"RangedPrimary\":0,\"Secondary\":0,\"Channel\":0,\"Duration\":0.0,\"Repeat\":0,\"Root\":0,\"Scale\":0,\"RangeFields\":{\"Primary\":{\"Up\":false,\"Down\":false},\"Secondary\":{\"Up\":false,\"Down\":false},\"Channel\":{\"Up\":false,\"Down\":false},\"Duration\":{\"Up\":false,\"Down\":false},\"Repeat\":{\"Up\":false,\"Down\":false}}},\"path_snap_data\":{},\"color\":{\"B\":255,\"G\":255,\"R\":255,\"A\":255},\"mute\":true,\"pass\":false,\"Origin\":\"-1872, -792\",\"SerializablePathTo\":[],\"SerializablePathFrom\":[],\"PathMode\":0,\"SignalMode\":0,\"Start\":false}"}
{"type":5,"json":"{\"source_id\":15,\"target_id\":17,\"origin_part\":3,\"destination_part\":0,\"origin_position\":4,\"weight\":1,\"PathMode\":2}"}
{"type":5,"json":"{\"source_id\":33,\"target_id\":22,\"origin_part\":3,\"destination_part\":0,\"origin_position\":4,\"weight\":1,\"PathMode\":2}"}
{"type":5,"json":"{\"source_id\":18,\"target_id\":19,\"origin_part\":0,\"destination_part\":3,\"origin_position\":1,\"weight\":1,\"PathMode\":2}"}
{"type":5,"json":"{\"source_id\":51,\"target_id\":50,\"origin_part\":3,\"destination_part\":2,\"origin_position\":3,\"weight\":1,\"PathMode\":1}"}
{"type":5,"json":"{\"source_id\":29,\"target_id\":16,\"origin_part\":3,\"destination_part\":0,\"origin_position\":4,\"weight\":1,\"PathMode\":2}"}
{"type":5,"json":"{\"source_id\":20,\"target_id\":10,\"origin_part\":1,\"destination_part\":0,\"origin_position\":7,\"weight\":1,\"PathMode\":2}"}
{"type":5,"json":"{\"source_id\":46,\"target_id\":45,\"origin_part\":1,\"destination_part\":0,\"origin_position\":6,\"weight\":1,\"PathMode\":1}"}
{"type":5,"json":"{\"source_id\":19,\"target_id\":15,\"origin_part\":1,\"destination_part\":0,\"origin_position\":7,\"weight\":1,\"PathMode\":2}"}
{"type":5,"json":"{\"source_id\":28,\"target_id\":8,\"origin_part\":3,\"destination_part\":2,\"origin_position\":3,\"weight\":1,\"PathMode\":2}"}
{"type":5,"json":"{\"source_id\":4,\"target_id\":17,\"origin_part\":1,\"destination_part\":0,\"origin_position\":7,\"weight\":1,\"PathMode\":2}"}
{"type":5,"json":"{\"source_id\":49,\"target_id\":48,\"origin_part\":1,\"destination_part\":0,\"origin_position\":7,\"weight\":1,\"PathMode\":2}"}
{"type":5,"json":"{\"source_id\":11,\"target_id\":4,\"origin_part\":3,\"destination_part\":0,\"origin_position\":4,\"weight\":1,\"PathMode\":2}"}
{"type":5,"json":"{\"source_id\":8,\"target_id\":20,\"origin_part\":0,\"destination_part\":0,\"origin_position\":1,\"weight\":1,\"PathMode\":2}"}
{"type":5,"json":"{\"source_id\":16,\"target_id\":7,\"origin_part\":3,\"destination_part\":0,\"origin_position\":4,\"weight\":1,\"PathMode\":2}"}
{"type":5,"json":"{\"source_id\":25,\"target_id\":24,\"origin_part\":1,\"destination_part\":0,\"origin_position\":6,\"weight\":1,\"PathMode\":2}"}
{"type":5,"json":"{\"source_id\":4,\"target_id\":30,\"origin_part\":2,\"destination_part\":0,\"origin_position\":10,\"weight\":1,\"PathMode\":2}"}
{"type":5,"json":"{\"source_id\":9,\"target_id\":32,\"origin_part\":2,\"destination_part\":0,\"origin_position\":10,\"weight\":1,\"PathMode\":2}"}
{"type":5,"json":"{\"source_id\":13,\"target_id\":4,\"origin_part\":3,\"destination_part\":0,\"origin_position\":4,\"weight\":1,\"PathMode\":2}"}
{"type":5,"json":"{\"source_id\":22,\"target_id\":26,\"origin_part\":7,\"destination_part\":0,\"origin_position\":15,\"weight\":1,\"PathMode\":2}"}
{"type":5,"json":"{\"source_id\":31,\"target_id\":32,\"origin_part\":3,\"destination_part\":2,\"origin_position\":3,\"weight\":1,\"PathMode\":2}"}
{"type":5,"json":"{\"source_id\":9,\"target_id\":11,\"origin_part\":2,\"destination_part\":0,\"origin_position\":10,\"weight\":1,\"PathMode\":2}"}
{"type":5,"json":"{\"source_id\":32,\"target_id\":14,\"origin_part\":1,\"destination_part\":0,\"origin_position\":7,\"weight\":1,\"PathMode\":2}"}
{"type":5,"json":"{\"source_id\":25,\"target_id\":2,\"origin_part\":3,\"destination_part\":0,\"origin_position\":4,\"weight\":1,\"PathMode\":2}"}
{"type":5,"json":"{\"source_id\":10,\"target_id\":27,\"origin_part\":2,\"destination_part\":0,\"origin_position\":10,\"weight\":1,\"PathMode\":2}"}
{"type":5,"json":"{\"source_id\":2,\"target_id\":3,\"origin_part\":2,\"destination_part\":3,\"origin_position\":9,\"weight\":1,\"PathMode\":2}"}
{"type":5,"json":"{\"source_id\":29,\"target_id\":31,\"origin_part\":2,\"destination_part\":1,\"origin_position\":10,\"weight\":1,\"PathMode\":2}"}
{"type":5,"json":"{\"source_id\":4,\"target_id\":6,\"origin_part\":7,\"destination_part\":0,\"origin_position\":15,\"weight\":1,\"PathMode\":2}"}
{"type":5,"json":"{\"source_id\":36,\"target_id\":34,\"origin_part\":2,\"destination_part\":0,\"origin_position\":10,\"weight\":1,\"PathMode\":2}"}
{"type":5,"json":"{\"source_id\":30,\"target_id\":21,\"origin_part\":3,\"destination_part\":0,\"origin_position\":4,\"weight\":1,\"PathMode\":2}"}
{"type":5,"json":"{\"source_id\":23,\"target_id\":29,\"origin_part\":1,\"destination_part\":0,\"origin_position\":7,\"weight\":1,\"PathMode\":2}"}
{"type":5,"json":"{\"source_id\":32,\"target_id\":29,\"origin_part\":7,\"destination_part\":0,\"origin_position\":15,\"weight\":1,\"PathMode\":2}"}
{"type":5,"json":"{\"source_id\":11,\"target_id\":31,\"origin_part\":2,\"destination_part\":0,\"origin_position\":10,\"weight\":1,\"PathMode\":2}"}
{"type":5,"json":"{\"source_id\":11,\"target_id\":5,\"origin_part\":3,\"destination_part\":2,\"origin_position\":3,\"weight\":1,\"PathMode\":2}"}
{"type":5,"json":"{\"source_id\":31,\"target_id\":1,\"origin_part\":3,\"destination_part\":2,\"origin_position\":5,\"weight\":1,\"PathMode\":2}"}
{"type":5,"json":"{\"source_id\":35,\"target_id\":36,\"origin_part\":1,\"destination_part\":0,\"origin_position\":6,\"weight\":1,\"PathMode\":2}"}
{"type":5,"json":"{\"source_id\":22,\"target_id\":23,\"origin_part\":0,\"destination_part\":1,\"origin_position\":1,\"weight\":1,\"PathMode\":2}"}
{"type":5,"json":"{\"source_id\":6,\"target_id\":0,\"origin_part\":2,\"destination_part\":3,\"origin_position\":9,\"weight\":1,\"PathMode\":2}"}
{"type":5,"json":"{\"source_id\":8,\"target_id\":28,\"origin_part\":2,\"destination_part\":3,\"origin_position\":11,\"weight\":1,\"PathMode\":2}"}
{"type":5,"json":"{\"source_id\":27,\"target_id\":9,\"origin_part\":3,\"destination_part\":0,\"origin_position\":4,\"weight\":1,\"PathMode\":2}"}
{"type":5,"json":"{\"source_id\":27,\"target_id\":33,\"origin_part\":2,\"destination_part\":0,\"origin_position\":10,\"weight\":1,\"PathMode\":2}"}
{"type":5,"json":"{\"source_id\":25,\"target_id\":32,\"origin_part\":2,\"destination_part\":0,\"origin_position\":10,\"weight\":1,\"PathMode\":2}"}
{"type":5,"json":"{\"source_id\":20,\"target_id\":31,\"origin_part\":2,\"destination_part\":0,\"origin_position\":10,\"weight\":1,\"PathMode\":2}"}
{"type":5,"json":"{\"source_id\":17,\"target_id\":6,\"origin_part\":0,\"destination_part\":0,\"origin_position\":1,\"weight\":1,\"PathMode\":2}"}
{"type":5,"json":"{\"source_id\":31,\"target_id\":21,\"origin_part\":3,\"destination_part\":0,\"origin_position\":4,\"weight\":1,\"PathMode\":2}"}
{"type":5,"json":"{\"source_id\":32,\"target_id\":33,\"origin_part\":0,\"destination_part\":1,\"origin_position\":0,\"weight\":1,\"PathMode\":2}"}
{"type":5,"json":"{\"source_id\":5,\"target_id\":6,\"origin_part\":3,\"destination_part\":1,\"origin_position\":4,\"weight\":1,\"PathMode\":2}"}
{"type":5,"json":"{\"source_id\":33,\"target_id\":28,\"origin_part\":3,\"destination_part\":2,\"origin_position\":4,\"weight\":1,\"PathMode\":2}"}
{"type":5,"json":"{\"source_id\":4,\"target_id\":9,\"origin_part\":2,\"destination_part\":3,\"origin_position\":9,\"weight\":1,\"PathMode\":2}"}
{"type":5,"json":"{\"source_id\":52,\"target_id\":51,\"origin_part\":3,\"destination_part\":2,\"origin_position\":3,\"weight\":1,\"PathMode\":1}"}
{"type":5,"json":"{\"source_id\":48,\"target_id\":47,\"origin_part\":0,\"destination_part\":1,\"origin_position\":1,\"weight\":1,\"PathMode\":2}"}
{"type":5,"json":"{\"source_id\":4,\"target_id\":12,\"origin_part\":2,\"destination_part\":0,\"origin_position\":10,\"weight\":1,\"PathMode\":2}"}
{"type":5,"json":"{\"source_id\":2,\"target_id\":5,\"origin_part\":1,\"destination_part\":0,\"origin_position\":7,\"weight\":1,\"PathMode\":2}"}
{"type":5,"json":"{\"source_id\":44,\"target_id\":43,\"origin_part\":3,\"destination_part\":2,\"origin_position\":3,\"weight\":1,\"PathMode\":1}"}
{"type":5,"json":"{\"source_id\":13,\"target_id\":24,\"origin_part\":0,\"destination_part\":1,\"origin_position\":1,\"weight\":1,\"PathMode\":2}"}
{"type":5,"json":"{\"source_id\":18,\"target_id\":28,\"origin_part\":0,\"destination_part\":0,\"origin_position\":1,\"weight\":1,\"PathMode\":2}"}
{"type":5,"json":"{\"source_id\":5,\"target_id\":7,\"origin_part\":0,\"destination_part\":1,\"origin_position\":1,\"weight\":1,\"PathMode\":2}"}
{"type":5,"json":"{\"source_id\":21,\"target_id\":28,\"origin_part\":2,\"destination_part\":0,\"origin_position\":10,\"weight\":1,\"PathMode\":2}"}
{"type":5,"json":"{\"source_id\":2,\"target_id\":21,\"origin_part\":0,\"destination_part\":0,\"origin_position\":1,\"weight\":1,\"PathMode\":2}"}
{"type":5,"json":"{\"source_id\":28,\"target_id\":11,\"origin_part\":3,\"destination_part\":0,\"origin_position\":4,\"weight\":1,\"PathMode\":2}"}
{"type":5,"json":"{\"source_id\":21,\"target_id\":29,\"origin_part\":1,\"destination_part\":0,\"origin_position\":7,\"weight\":1,\"PathMode\":2}"}
{"type":5,"json":"{\"source_id\":17,\"target_id\":35,\"origin_part\":0,\"destination_part\":0,\"origin_position\":1,\"weight\":1,\"PathMode\":2}"}
{"type":5,"json":"{\"source_id\":14,\"target_id\":17,\"origin_part\":3,\"destination_part\":0,\"origin_position\":4,\"weight\":1,\"PathMode\":2}"}
{"type":5,"json":"{\"source_id\":6,\"target_id\":34,\"origin_part\":2,\"destination_part\":0,\"origin_position\":10,\"weight\":1,\"PathMode\":2}"}
{"type":5,"json":"{\"source_id\":41,\"target_id\":42,\"origin_part\":0,\"destination_part\":1,\"origin_position\":1,\"weight\":1,\"PathMode\":2}"}
{"type":5,"json":"{\"source_id\":34,\"target_id\":36,\"origin_part\":3,\"destination_part\":0,\"origin_position\":4,\"weight\":1,\"PathMode\":2}"}
{"type":5,"json":"{\"source_id\":27,\"target_id\":22,\"origin_part\":0,\"destination_part\":1,\"origin_position\":0,\"weight\":1,\"PathMode\":2}"}
{"type":5,"json":"{\"source_id\":34,\"target_id\":18,\"origin_part\":1,\"destination_part\":0,\"origin_position\":7,\"weight\":1,\"PathMode\":2}"}
{"type":5,"json":"{\"source_id\":13,\"target_id\":12,\"origin_part\":3,\"destination_part\":2,\"origin_position\":4,\"weight\":1,\"PathMode\":2}"}
{"type":5,"json":"{\"source_id\":19,\"target_id\":8,\"origin_part\":0,\"destination_part\":1,\"origin_position\":1,\"weight\":1,\"PathMode\":2}"}
{"type":5,"json":"{\"source_id\":3,\"target_id\":0,\"origin_part\":1,\"destination_part\":0,\"origin_position\":6,\"weight\":1,\"PathMode\":2}"}
{"type":5,"json":"{\"source_id\":30,\"target_id\":31,\"origin_part\":0,\"destination_part\":1,\"origin_position\":1,\"weight\":1,\"PathMode\":2}"}
{"type":5,"json":"{\"source_id\":21,\"target_id\":23,\"origin_part\":2,\"destination_part\":1,\"origin_position\":10,\"weight\":1,\"PathMode\":2}"}
{"type":5,"json":"{\"source_id\":3,\"target_id\":1,\"origin_part\":7,\"destination_part\":0,\"origin_position\":15,\"weight\":3,\"PathMode\":2}"}
{"type":5,"json":"{\"source_id\":33,\"target_id\":16,\"origin_part\":3,\"destination_part\":0,\"origin_position\":4,\"weight\":1,\"PathMode\":2}"}
{"type":5,"json":"{\"source_id\":28,\"target_id\":23,\"origin_part\":0,\"destination_part\":0,\"origin_position\":1,\"weight\":1,\"PathMode\":2}"}
{"type":5,"json":"{\"source_id\":0,\"target_id\":8,\"origin_part\":2,\"destination_part\":0,\"origin_position\":10,\"weight\":1,\"PathMode\":2}"}
{"type":5,"json":"{\"source_id\":6,\"target_id\":5,\"origin_part\":2,\"destination_part\":0,\"origin_position\":10,\"weight\":1,\"PathMode\":2}"}
{"type":5,"json":"{\"source_id\":9,\"target_id\":0,\"origin_part\":3,\"destination_part\":0,\"origin_position\":4,\"weight\":1,\"PathMode\":2}"}
{"type":5,"json":"{\"source_id\":9,\"target_id\":30,\"origin_part\":2,\"destination_part\":0,\"origin_position\":10,\"weight\":1,\"PathMode\":2}"}
{"type":5,"json":"{\"source_id\":20,\"target_id\":9,\"origin_part\":1,\"destination_part\":0,\"origin_position\":6,\"weight\":1,\"PathMode\":2}"}
{"type":5,"json":"{\"source_id\":23,\"target_id\":26,\"origin_part\":1,\"destination_part\":0,\"origin_position\":6,\"weight\":1,\"PathMode\":2}"}
{"type":5,"json":"{\"source_id\":29,\"target_id\":0,\"origin_part\":3,\"destination_part\":0,\"origin_position\":4,\"weight\":1,\"PathMode\":2}"}
{"type":5,"json":"{\"source_id\":19,\"target_id\":29,\"origin_part\":2,\"destination_part\":0,\"origin_position\":10,\"weight\":1,\"PathMode\":2}"}
{"type":5,"json":"{\"source_id\":29,\"target_id\":27,\"origin_part\":0,\"destination_part\":0,\"origin_position\":1,\"weight\":1,\"PathMode\":2}"}
{"type":5,"json":"{\"source_id\":0,\"target_id\":5,\"origin_part\":3,\"destination_part\":0,\"origin_position\":4,\"weight\":1,\"PathMode\":2}"}
{"type":5,"json":"{\"source_id\":12,\"target_id\":15,\"origin_part\":1,\"destination_part\":0,\"origin_position\":7,\"weight\":1,\"PathMode\":2}"}
{"type":5,"json":"{\"source_id\":25,\"target_id\":20,\"origin_part\":7,\"destination_part\":0,\"origin_position\":15,\"weight\":1,\"PathMode\":2}"}
{"type":5,"json":"{\"source_id\":15,\"target_id\":13,\"origin_part\":2,\"destination_part\":0,\"origin_position\":10,\"weight\":1,\"PathMode\":2}"}
{"type":5,"json":"{\"source_id\":28,\"target_id\":29,\"origin_part\":1,\"destination_part\":0,\"origin_position\":6,\"weight\":1,\"PathMode\":2}"}
{"type":5,"json":"{\"source_id\":33,\"target_id\":35,\"origin_part\":0,\"destination_part\":1,\"origin_position\":1,\"weight\":1,\"PathMode\":2}"}
{"type":5,"json":"{\"source_id\":31,\"target_id\":19,\"origin_part\":3,\"destination_part\":0,\"origin_position\":4,\"weight\":1,\"PathMode\":2}"}
{"type":5,"json":"{\"source_id\":14,\"target_id\":19,\"origin_part\":3,\"destination_part\":0,\"origin_position\":4,\"weight\":1,\"PathMode\":2}"}
{"type":5,"json":"{\"source_id\":21,\"target_id\":3,\"origin_part\":1,\"destination_part\":0,\"origin_position\":7,\"weight\":1,\"PathMode\":2}"}
{"type":5,"json":"{\"source_id\":11,\"target_id\":16,\"origin_part\":3,\"destination_part\":0,\"origin_position\":4,\"weight\":1,\"PathMode\":2}"}
{"type":5,"json":"{\"source_id\":16,\"target_id\":17,\"origin_part\":7,\"destination_part\":0,\"origin_position\":15,\"weight\":1,\"PathMode\":2}"}
{"type":5,"json":"{\"source_id\":8,\"target_id\":13,\"origin_part\":1,\"destination_part\":0,\"origin_position\":7,\"weight\":1,\"PathMode\":2}"}
{"type":5,"json":"{\"source_id\":18,\"target_id\":9,\"origin_part\":0,\"destination_part\":1,\"origin_position\":1,\"weight\":1,\"PathMode\":2}"}
{"type":5,"json":"{\"source_id\":7,\"target_id\":1,\"origin_part\":2,\"destination_part\":0,\"origin_position\":10,\"weight\":1,\"PathMode\":2}"}
{"type":5,"json":"{\"source_id\":12,\"target_id\":10,\"origin_part\":0,\"destination_part\":0,\"origin_position\":1,\"weight\":1,\"PathMode\":2}"}
{"type":5,"json":"{\"source_id\":11,\"target_id\":14,\"origin_part\":1,\"destination_part\":0,\"origin_position\":7,\"weight\":1,\"PathMode\":2}"}
{"type":5,"json":"{\"source_id\":31,\"target_id\":9,\"origin_part\":3,\"destination_part\":0,\"origin_position\":4,\"weight\":1,\"PathMode\":2}"}
{"type":5,"json":"{\"source_id\":2,\"target_id\":11,\"origin_part\":2,\"destination_part\":0,\"origin_position\":10,\"weight\":1,\"PathMode\":2}"}
{"type":5,"json":"{\"source_id\":2,\"target_id\":18,\"origin_part\":1,\"destination_part\":0,\"origin_position\":7,\"weight\":1,\"PathMode\":2}"}
{"type":5,"json":"{\"source_id\":33,\"target_id\":1,\"origin_part\":3,\"destination_part\":0,\"origin_position\":4,\"weight\":1,\"PathMode\":2}"}
{"type":5,"json":"{\"source_id\":12,\"target_id\":8,\"origin_part\":0,\"destination_part\":0,\"origin_position\":1,\"weight\":1,\"PathMode\":2}"}
{"type":5,"json":"{\"source_id\":2,\"target_id\":0,\"origin_part\":6,\"destination_part\":0,\"origin_position\":14,\"weight\":1,\"PathMode\":2}"}
{"type":5,"json":"{\"source_id\":13,\"target_id\":14,\"origin_part\":2,\"destination_part\":0,\"origin_position\":10,\"weight\":1,\"PathMode\":2}"}
{"type":5,"json":"{\"source_id\":23,\"target_id\":18,\"origin_part\":1,\"destination_part\":0,\"origin_position\":8,\"weight\":1,\"PathMode\":2}"}
{"type":5,"json":"{\"source_id\":23,\"target_id\":24,\"origin_part\":1,\"destination_part\":0,\"origin_position\":7,\"weight\":1,\"PathMode\":2}"}
{"type":5,"json":"{\"source_id\":9,\"target_id\":12,\"origin_part\":1,\"destination_part\":0,\"origin_position\":7,\"weight\":1,\"PathMode\":2}"}
{"type":5,"json":"{\"source_id\":27,\"target_id\":25,\"origin_part\":3,\"destination_part\":1,\"origin_position\":4,\"weight\":1,\"PathMode\":2}"}
{"type":5,"json":"{\"source_id\":33,\"target_id\":34,\"origin_part\":0,\"destination_part\":1,\"origin_position\":1,\"weight\":1,\"PathMode\":2}"}
{"type":5,"json":"{\"source_id\":23,\"target_id\":21,\"origin_part\":3,\"destination_part\":0,\"origin_position\":4,\"weight\":1,\"PathMode\":2}"}
{"type":5,"json":"{\"source_id\":31,\"target_id\":36,\"origin_part\":3,\"destination_part\":0,\"origin_position\":4,\"weight\":1,\"PathMode\":2}"}
{"type":5,"json":"{\"source_id\":34,\"target_id\":25,\"origin_part\":3,\"destination_part\":0,\"origin_position\":4,\"weight\":1,\"PathMode\":2}"}
{"type":5,"json":"{\"source_id\":21,\"target_id\":25,\"origin_part\":2,\"destination_part\":0,\"origin_position\":10,\"weight\":1,\"PathMode\":2}"}
{"type":5,"json":"{\"source_id\":2,\"target_id\":35,\"origin_part\":2,\"destination_part\":0,\"origin_position\":10,\"weight\":1,\"PathMode\":2}"}
{"type":5,"json":"{\"source_id\":29,\"target_id\":33,\"origin_part\":0,\"destination_part\":0,\"origin_position\":1,\"weight\":1,\"PathMode\":2}"}
{"type":5,"json":"{\"source_id\":10,\"target_id\":11,\"origin_part\":2,\"destination_part\":0,\"origin_position\":10,\"weight\":1,\"PathMode\":2}"}
{"type":5,"json":"{\"source_id\":3,\"target_id\":34,\"origin_part\":2,\"destination_part\":0,\"origin_position\":10,\"weight\":1,\"PathMode\":2}"}
{"type":5,"json":"{\"source_id\":17,\"target_id\":10,\"origin_part\":0,\"destination_part\":1,\"origin_position\":1,\"weight\":1,\"PathMode\":2}"}
{"type":5,"json":"{\"source_id\":40,\"target_id\":41,\"origin_part\":1,\"destination_part\":0,\"origin_position\":7,\"weight\":1,\"PathMode\":2}"}
{"type":5,"json":"{\"source_id\":8,\"target_id\":29,\"origin_part\":2,\"destination_part\":0,\"origin_position\":10,\"weight\":1,\"PathMode\":2}"}
{"type":5,"json":"{\"source_id\":30,\"target_id\":16,\"origin_part\":3,\"destination_part\":0,\"origin_position\":4,\"weight\":1,\"PathMode\":2}"}
{"type":5,"json":"{\"source_id\":15,\"target_id\":27,\"origin_part\":0,\"destination_part\":0,\"origin_position\":1,\"weight\":1,\"PathMode\":2}"}
{"type":5,"json":"{\"source_id\":7,\"target_id\":4,\"origin_part\":2,\"destination_part\":3,\"origin_position\":9,\"weight\":1,\"PathMode\":2}"}
{"type":5,"json":"{\"source_id\":19,\"target_id\":16,\"origin_part\":3,\"destination_part\":2,\"origin_position\":4,\"weight\":1,\"PathMode\":2}"}
{"type":5,"json":"{\"source_id\":29,\"target_id\":30,\"origin_part\":2,\"destination_part\":3,\"origin_position\":10,\"weight\":1,\"PathMode\":2}"}
{"type":5,"json":"{\"source_id\":7,\"target_id\":21,\"origin_part\":2,\"destination_part\":0,\"origin_position\":10,\"weight\":1,\"PathMode\":2}"}
{"type":5,"json":"{\"source_id\":6,\"target_id\":7,\"origin_part\":0,\"destination_part\":1,\"origin_position\":1,\"weight\":1,\"PathMode\":2}"}
{"type":5,"json":"{\"source_id\":26,\"target_id\":20,\"origin_part\":3,\"destination_part\":2,\"origin_position\":3,\"weight\":1,\"PathMode\":2}"}
{"type":5,"json":"{\"source_id\":28,\"target_id\":33,\"origin_part\":2,\"destination_part\":3,\"origin_position\":9,\"weight\":1,\"PathMode\":2}"}
{"type":5,"json":"{\"source_id\":20,\"target_id\":21,\"origin_part\":0,\"destination_part\":1,\"origin_position\":0,\"weight\":1,\"PathMode\":2}"}
{"type":5,"json":"{\"source_id\":20,\"target_id\":16,\"origin_part\":1,\"destination_part\":0,\"origin_position\":7,\"weight\":1,\"PathMode\":2}"}
{"type":5,"json":"{\"source_id\":23,\"target_id\":5,\"origin_part\":3,\"destination_part\":0,\"origin_position\":4,\"weight\":1,\"PathMode\":2}"}
{"type":5,"json":"{\"source_id\":34,\"target_id\":12,\"origin_part\":3,\"destination_part\":0,\"origin_position\":4,\"weight\":1,\"PathMode\":2}"}
{"type":5,"json":"{\"source_id\":0,\"target_id\":29,\"origin_part\":2,\"destination_part\":0,\"origin_position\":10,\"weight\":1,\"PathMode\":2}"}
{"type":5,"json":"{\"source_id\":17,\"target_id\":34,\"origin_part\":2,\"destination_part\":0,\"origin_position\":10,\"weight\":1,\"PathMode\":2}"}
{"type":5,"json":"{\"source_id\":1,\"target_id\":30,\"origin_part\":2,\"destination_part\":0,\"origin_position\":10,\"weight\":1,\"PathMode\":2}"}
{"type":5,"json":"{\"source_id\":13,\"target_id\":11,\"origin_part\":0,\"destination_part\":2,\"origin_position\":1,\"weight\":1,\"PathMode\":2}"}
{"type":5,"json":"{\"source_id\":16,\"target_id\":13,\"origin_part\":2,\"destination_part\":0,\"origin_position\":10,\"weight\":1,\"PathMode\":2}"}
{"type":5,"json":"{\"source_id\":5,\"target_id\":11,\"origin_part\":2,\"destination_part\":3,\"origin_position\":11,\"weight\":1,\"PathMode\":2}"}
{"type":5,"json":"{\"source_id\":16,\"target_id\":19,\"origin_part\":2,\"destination_part\":3,\"origin_position\":9,\"weight\":1,\"PathMode\":2}"}
{"type":5,"json":"{\"source_id\":36,\"target_id\":27,\"origin_part\":3,\"destination_part\":2,\"origin_position\":3,\"weight\":1,\"PathMode\":2}"}
{"type":5,"json":"{\"source_id\":0,\"target_id\":1,\"origin_part\":3,\"destination_part\":2,\"origin_position\":3,\"weight\":1,\"PathMode\":2}"}
{"type":5,"json":"{\"source_id\":25,\"target_id\":22,\"origin_part\":2,\"destination_part\":3,\"origin_position\":9,\"weight\":1,\"PathMode\":2}"}
{"type":5,"json":"{\"source_id\":27,\"target_id\":13,\"origin_part\":1,\"destination_part\":0,\"origin_position\":7,\"weight\":1,\"PathMode\":2}"}
{"type":5,"json":"{\"source_id\":4,\"target_id\":5,\"origin_part\":1,\"destination_part\":0,\"origin_position\":6,\"weight\":1,\"PathMode\":2}"}
{"type":5,"json":"{\"source_id\":15,\"target_id\":18,\"origin_part\":2,\"destination_part\":3,\"origin_position\":9,\"weight\":1,\"PathMode\":2}"}
{"type":5,"json":"{\"source_id\":1,\"target_id\":2,\"origin_part\":0,\"destination_part\":1,\"origin_position\":0,\"weight\":3,\"PathMode\":2}"}
{"type":5,"json":"{\"source_id\":34,\"target_id\":35,\"origin_part\":3,\"destination_part\":2,\"origin_position\":4,\"weight\":1,\"PathMode\":2}"}
{"type":5,"json":"{\"source_id\":24,\"target_id\":9,\"origin_part\":1,\"destination_part\":0,\"origin_position\":7,\"weight\":1,\"PathMode\":2}"}
{"type":5,"json":"{\"source_id\":26,\"target_id\":21,\"origin_part\":3,\"destination_part\":1,\"origin_position\":4,\"weight\":1,\"PathMode\":2}"}
{"type":5,"json":"{\"source_id\":23,\"target_id\":2,\"origin_part\":3,\"destination_part\":0,\"origin_position\":4,\"weight\":1,\"PathMode\":2}"}
{"type":5,"json":"{\"source_id\":24,\"target_id\":27,\"origin_part\":2,\"destination_part\":1,\"origin_position\":10,\"weight\":1,\"PathMode\":2}"}
{"type":5,"json":"{\"source_id\":16,\"target_id\":14,\"origin_part\":2,\"destination_part\":3,\"origin_position\":10,\"weight\":1,\"PathMode\":2}"}
{"type":5,"json":"{\"source_id\":35,\"target_id\":32,\"origin_part\":1,\"destination_part\":0,\"origin_position\":7,\"weight\":1,\"PathMode\":2}"}
{"type":5,"json":"{\"source_id\":24,\"target_id\":23,\"origin_part\":0,\"destination_part\":0,\"origin_position\":1,\"weight\":1,\"PathMode\":2}"}
{"type":5,"json":"{\"source_id\":20,\"target_id\":27,\"origin_part\":2,\"destination_part\":0,\"origin_position\":10,\"weight\":1,\"PathMode\":2}"}
{"type":5,"json":"{\"source_id\":34,\"target_id\":20,\"origin_part\":3,\"destination_part\":0,\"origin_position\":4,\"weight\":1,\"PathMode\":2}"}
{"type":5,"json":"{\"source_id\":36,\"target_id\":28,\"origin_part\":1,\"destination_part\":0,\"origin_position\":6,\"weight\":1,\"PathMode\":2}"}
{"type":5,"json":"{\"source_id\":3,\"target_id\":6,\"origin_part\":3,\"destination_part\":0,\"origin_position\":4,\"weight\":1,\"PathMode\":2}"}
{"type":5,"json":"{\"source_id\":31,\"target_id\":34,\"origin_part\":0,\"destination_part\":1,\"origin_position\":1,\"weight\":1,\"PathMode\":2}"}
{"type":6,"json":"{\"tempo\":30.0,\"grid_size\":4,\"beat_division\":4,\"beat_division_selector_index\":1,\"doc_scale\":21,\"scale_selector_index\":20,\"clock_source\":2,\"camera_position\":\"-1228.3315, -941.5727\"}"}
